lei,consolidation,refdate,status,grund
097900BEF50000000569,IND,2025-12-31,nur_pdf,"veröffentlicht nur DISDOCS (PDF), kein XBRL-CSV"
0W2PZJM8XOY22M4GG883,CON,2025-06-30,geladen,im Parquet
0W2PZJM8XOY22M4GG883,CON,2025-09-30,geladen,im Parquet
0W2PZJM8XOY22M4GG883,CON,2025-12-31,geladen,im Parquet
0W2PZJM8XOY22M4GG883,CON,2026-03-31,geladen,im Parquet
0W5QHUNYV4W7GJO62R27,CON,2025-12-31,geladen,im Parquet
1FOLRR5RWTWWI397R131,IND,2025-06-30,geladen,im Parquet
1FOLRR5RWTWWI397R131,IND,2025-09-30,geladen,im Parquet
1FOLRR5RWTWWI397R131,IND,2025-12-31,geladen,im Parquet
1FOLRR5RWTWWI397R131,IND,2026-03-31,geladen,im Parquet
1VUV7VQFKUOQSJ21A208,CON,2025-06-30,nur_pdf,"veröffentlicht nur DISDOCS (PDF), kein XBRL-CSV"
1VUV7VQFKUOQSJ21A208,CON,2025-09-30,nur_pdf,"veröffentlicht nur DISDOCS (PDF), kein XBRL-CSV"
1VUV7VQFKUOQSJ21A208,CON,2025-12-31,nur_pdf,"veröffentlicht nur DISDOCS (PDF), kein XBRL-CSV"
1VUV7VQFKUOQSJ21A208,CON,2026-03-31,nur_pdf,"veröffentlicht nur DISDOCS (PDF), kein XBRL-CSV"
2138002PVBMEHILJ1340,IND,2025-12-31,geladen,im Parquet
21380033CFFM2V1ZCK65,CON,2025-12-31,geladen,im Parquet
2138003IGGAUDLPNC244,IND,2025-12-31,nur_pdf,"veröffentlicht nur DISDOCS (PDF), kein XBRL-CSV"
2138003Z5ZVN16GFYV70,CON,2025-12-31,nur_pdf,"veröffentlicht nur DISDOCS (PDF), kein XBRL-CSV"
2138004FIUXU3B2MR537,CON,2025-06-30,geladen,im Parquet
2138004FIUXU3B2MR537,CON,2025-09-30,geladen,im Parquet
2138004FIUXU3B2MR537,CON,2026-03-31,geladen,im Parquet
21380057HUGFEAF25W84,CON,2025-06-30,geladen,im Parquet
21380057HUGFEAF25W84,CON,2025-12-31,geladen,im Parquet
2138005M92IEIQVEL297,CON,2025-06-30,geladen,im Parquet
2138005M92IEIQVEL297,CON,2025-12-31,geladen,im Parquet
2138005MGIT3X9ZTMP37,IND,2025-12-31,geladen,im Parquet
2138007F5HA5FFJROB80,CON,2025-12-31,geladen,im Parquet
2138007JGI1M5YF7FJ53,CON,2025-12-31,geladen,im Parquet
2138007WKF5CM2EUM824,IND,2025-12-31,geladen,im Parquet
213800984CWACNBY8F31,IND,2025-12-31,geladen,im Parquet
2138009Y59EAR7H1UO97,CON,2025-06-30,geladen,im Parquet
2138009Y59EAR7H1UO97,CON,2025-09-30,geladen,im Parquet
2138009Y59EAR7H1UO97,CON,2025-12-31,geladen,im Parquet
2138009Y59EAR7H1UO97,CON,2026-03-31,geladen,im Parquet
213800A1O379I6DMCU10,IND,2025-06-30,geladen,im Parquet
213800A1O379I6DMCU10,IND,2025-09-30,geladen,im Parquet
213800A1O379I6DMCU10,IND,2025-12-31,geladen,im Parquet
213800A1O379I6DMCU10,IND,2026-03-31,geladen,im Parquet
213800C78WI8VFJCYR09,IND,2025-12-31,geladen,im Parquet
213800CBW4NPFP73ZK64,CON,2025-12-31,geladen,im Parquet
213800CQ92347ZCS9V73,CON,2025-12-31,geladen,im Parquet
213800DBQIB6VBNU5C64,CON,2025-06-30,geladen,im Parquet
213800DBQIB6VBNU5C64,CON,2025-09-30,geladen,im Parquet
213800DBQIB6VBNU5C64,CON,2025-12-31,geladen,im Parquet
213800GO21RWIB6O9Q29,CON,2025-12-31,geladen,im Parquet
213800HDJ876ACJXXD05,CON,2025-06-30,geladen,im Parquet
213800HDJ876ACJXXD05,CON,2025-09-30,geladen,im Parquet
213800JF3JFF6MMR2P36,CON,2025-12-31,geladen,im Parquet
213800KGF4EFNUQKAT69,CON,2025-12-31,geladen,im Parquet
213800KOJ5JSZ6ID2R91,IND,2025-12-31,geladen,im Parquet
213800KYUPNOQPAQL758,CON,2025-12-31,geladen,im Parquet
213800M7T3CYVZ3ZRT12,CON,2025-06-30,geladen,im Parquet
213800M7T3CYVZ3ZRT12,CON,2025-09-30,geladen,im Parquet
213800M7T3CYVZ3ZRT12,CON,2025-12-31,geladen,im Parquet
213800M7T3CYVZ3ZRT12,CON,2026-03-31,geladen,im Parquet
213800MLL4APN9UP1J53,IND,2025-12-31,geladen,im Parquet
213800P1P13ABO5R9V78,IND,2025-12-31,geladen,im Parquet
213800RENLNKMWZV8767,CON,2025-12-31,geladen,im Parquet
213800RZWHE5EUX9R444,CON,2025-12-31,geladen,im Parquet
213800TC9PZRBHMJW403,CON,2025-06-30,geladen,im Parquet
213800TC9PZRBHMJW403,CON,2025-09-30,geladen,im Parquet
213800TC9PZRBHMJW403,CON,2025-12-31,geladen,im Parquet
213800TKOS7J5UA3ZI07,IND,2025-12-31,geladen,im Parquet
213800UIIZ6YSEQB5S26,CON,2025-12-31,geladen,im Parquet
213800UK7516IBWZO445,IND,2025-12-31,geladen,im Parquet
213800UYAHIRLZ4NSN67,IND,2025-06-30,geladen,im Parquet
213800UYAHIRLZ4NSN67,IND,2025-12-31,geladen,im Parquet
213800X3Q9LSAKRUWY91,CON,2025-06-30,geladen,im Parquet
213800X3Q9LSAKRUWY91,CON,2025-09-30,toter_link,Katalogzeile ohne publizierte Datei (EDAP 404)
213800X3Q9LSAKRUWY91,CON,2025-12-31,geladen,im Parquet
213800X3Q9LSAKRUWY91,CON,2026-03-31,geladen,im Parquet
213800ZOI1EW481WPV90,IND,2025-12-31,geladen,im Parquet
22210058UCKT3BJTCN24,CON,2025-06-30,geladen,im Parquet
22210058UCKT3BJTCN24,CON,2025-12-31,geladen,im Parquet
222100PG81CES7H3HZ28,CON,2025-12-31,geladen,im Parquet
222100V03Y766EM5TZ83,IND,2025-12-31,geladen,im Parquet
2534005A84927EKSR789,CON,2025-12-31,geladen,im Parquet
254900RNFMDM0P11YR84,CON,2025-06-30,geladen,im Parquet
254900RNFMDM0P11YR84,CON,2025-09-30,geladen,im Parquet
254900WR3I1Z9NPC7D84,CON,2025-12-31,geladen,im Parquet
2594000ZNGGQZXZKXH36,CON,2025-12-31,geladen,im Parquet
2594009RV746A68X4G95,IND,2025-12-31,nur_pdf,"veröffentlicht nur DISDOCS (PDF), kein XBRL-CSV"
259400BILZFH923Q1N56,IND,2025-12-31,geladen,im Parquet
259400DAAAR5M4A6SI23,IND,2025-12-31,geladen,im Parquet
259400DZXF7UJKK2AY35,CON,2025-06-30,geladen,im Parquet
259400DZXF7UJKK2AY35,CON,2025-09-30,geladen,im Parquet
259400DZXF7UJKK2AY35,CON,2025-12-31,geladen,im Parquet
259400DZXF7UJKK2AY35,CON,2026-03-31,geladen,im Parquet
259400GZKACLCASLRW25,IND,2025-12-31,geladen,im Parquet
259400L03ZTD1W99FZ91,IND,2025-12-31,geladen,im Parquet
259400LGXW3K0GDAG361,CON,2025-06-30,geladen,im Parquet
259400LGXW3K0GDAG361,CON,2025-09-30,geladen,im Parquet
259400LGXW3K0GDAG361,CON,2025-12-31,geladen,im Parquet
259400LGXW3K0GDAG361,CON,2026-03-31,geladen,im Parquet
259400OFDZ9KPZEO8K78,CON,2025-06-30,geladen,im Parquet
259400P9KF07OP2K5P83,IND,2025-06-30,geladen,im Parquet
259400QHDOZWMJ103294,CON,2025-06-30,geladen,im Parquet
259400QHDOZWMJ103294,CON,2025-12-31,geladen,im Parquet
259400WNAOMT2E4OIS38,CON,2025-12-31,geladen,im Parquet
259400YLRTOBISHBVX41,CON,2025-06-30,geladen,im Parquet
259400YLRTOBISHBVX41,CON,2025-09-30,geladen,im Parquet
259400YLRTOBISHBVX41,CON,2025-12-31,geladen,im Parquet
259400YLRTOBISHBVX41,CON,2026-03-31,geladen,im Parquet
2G5BKIC2CB69PRJH1W31,IND,2025-06-30,geladen,im Parquet
2G5BKIC2CB69PRJH1W31,IND,2025-09-30,geladen,im Parquet
2G5BKIC2CB69PRJH1W31,IND,2025-12-31,geladen,im Parquet
2W8N8UU78PMDQKZENC08,CON,2025-06-30,geladen,im Parquet
2W8N8UU78PMDQKZENC08,CON,2025-09-30,geladen,im Parquet
2W8N8UU78PMDQKZENC08,CON,2025-12-31,geladen,im Parquet
2W8N8UU78PMDQKZENC08,CON,2026-03-31,geladen,im Parquet
2ZCNRR8UK83OBTEK2170,CON,2025-06-30,geladen,im Parquet
2ZCNRR8UK83OBTEK2170,CON,2025-09-30,geladen,im Parquet
2ZCNRR8UK83OBTEK2170,CON,2025-12-31,geladen,im Parquet
2ZCNRR8UK83OBTEK2170,CON,2026-03-31,geladen,im Parquet
31570010000000004460,CON,2025-12-31,geladen,im Parquet
31570014BNQ1Q99CNQ35,CON,2025-06-30,geladen,im Parquet
31570014BNQ1Q99CNQ35,CON,2025-12-31,geladen,im Parquet
31570020000000004154,IND,2025-12-31,nur_pdf,"veröffentlicht nur DISDOCS (PDF), kein XBRL-CSV"
3157002JBFAI478MD587,CON,2025-06-30,geladen,im Parquet
3157002JBFAI478MD587,CON,2025-09-30,geladen,im Parquet
3157002JBFAI478MD587,CON,2025-12-31,geladen,im Parquet
3157002JBFAI478MD587,CON,2026-03-31,geladen,im Parquet
3157006K4C7PJT790450,IND,2025-12-31,geladen,im Parquet
315700E9POA724IWFP59,CON,2025-06-30,geladen,im Parquet
315700E9POA724IWFP59,CON,2025-09-30,geladen,im Parquet
315700E9POA724IWFP59,CON,2025-12-31,geladen,im Parquet
315700E9POA724IWFP59,CON,2026-03-31,geladen,im Parquet
315700K45LRKNGMUIW27,IND,2025-06-30,geladen,im Parquet
315700K45LRKNGMUIW27,IND,2025-09-30,geladen,im Parquet
315700K45LRKNGMUIW27,IND,2025-12-31,geladen,im Parquet
315700K45LRKNGMUIW27,IND,2026-03-31,geladen,im Parquet
39120001JPAYYPDRNN92,IND,2025-12-31,geladen,im Parquet
391200EEGLNXBBCVKC73,CON,2025-06-30,geladen,im Parquet
391200EEGLNXBBCVKC73,CON,2025-12-31,geladen,im Parquet
391200MQTYA14WRXOV43,IND,2025-12-31,nur_pdf,"veröffentlicht nur DISDOCS (PDF), kein XBRL-CSV"
3DM5DPGI3W6OU6GJ4N92,CON,2025-12-31,geladen,im Parquet
3H0Q3U74FVFED2SHZT16,CON,2025-06-30,geladen,im Parquet
3H0Q3U74FVFED2SHZT16,CON,2025-09-30,geladen,im Parquet
3H0Q3U74FVFED2SHZT16,CON,2025-12-31,geladen,im Parquet
3H0Q3U74FVFED2SHZT16,CON,2026-03-31,geladen,im Parquet
3M5E1GQGKL17HI6CPN30,CON,2025-12-31,geladen,im Parquet
3M5E1GQGKL17HI6CPN30,CON,2026-03-31,geladen,im Parquet
3TK20IVIUJ8J3ZU0QE75,CON,2025-12-31,geladen,im Parquet
485100FX5Y9YLAQLNP12,CON,2025-12-31,geladen,im Parquet
5299000F1CGJQ8NAXQ58,IND,2025-12-31,geladen,im Parquet
5299000PCY1EP8QJFV48,CON,2025-12-31,geladen,im Parquet
5299000R7WZOVIFHLN21,CON,2025-12-31,geladen,im Parquet
5299001ADI8FLGT0GU28,IND,2025-12-31,geladen,im Parquet
5299001PEMDU9N24CH60,CON,2025-12-31,geladen,im Parquet
52990026HQOTT4AJP655,IND,2025-12-31,geladen,im Parquet
5299002GPCR602QYJC04,CON,2025-06-30,geladen,im Parquet
5299002GPCR602QYJC04,CON,2025-12-31,geladen,im Parquet
52990033C5FUEN4LMC06,IND,2025-12-31,geladen,im Parquet
5299003ATVTQVPTW4735,CON,2025-06-30,geladen,im Parquet
52990045V2BWJN669Q34,CON,2025-12-31,geladen,im Parquet
5299004R4U60UMXLSE36,IND,2025-12-31,geladen,im Parquet
5299005743YY767PR386,IND,2025-12-31,geladen,im Parquet
5299005OACOC1C1OFJ11,IND,2025-06-30,geladen,im Parquet
5299005OACOC1C1OFJ11,IND,2025-12-31,geladen,im Parquet
5299005UJX6K7BQKV086,CON,2025-12-31,geladen,im Parquet
5299005UJX6K7BQKV086,CON,2026-03-31,geladen,im Parquet
52990061592SQLEJN964,IND,2025-12-31,geladen,im Parquet
5299007QVIQ7IO64NX37,CON,2025-09-30,geladen,im Parquet
5299007S3UH5RKUYDA52,IND,2025-06-30,geladen,im Parquet
5299007S3UH5RKUYDA52,IND,2025-09-30,geladen,im Parquet
5299007S3UH5RKUYDA52,IND,2025-12-31,geladen,im Parquet
5299007S3UH5RKUYDA52,IND,2026-03-31,geladen,im Parquet
52990089LBIKLBM8YB23,IND,2025-12-31,geladen,im Parquet
5299008FEH4GQXGZNP50,CON,2025-12-31,geladen,im Parquet
5299008I0TO44SUINZ71,IND,2025-12-31,geladen,im Parquet
52990093INYLJNWHQ228,IND,2025-12-31,geladen,im Parquet
52990096Q5LMCH1WU462,CON,2025-12-31,geladen,im Parquet
52990096Q5LMCH1WU462,CON,2026-03-31,geladen,im Parquet
5299009EHB4RBGMI5828,IND,2025-06-30,geladen,im Parquet
5299009EHB4RBGMI5828,IND,2025-12-31,geladen,im Parquet
529900AVGYYBVL1VNQ03,IND,2025-12-31,geladen,im Parquet
529900B4OR3PD4V3AQ57,CON,2025-12-31,geladen,im Parquet
529900B91AUH0YTEXN10,IND,2025-12-31,geladen,im Parquet
529900B9P29R8W03IX88,CON,2025-06-30,nur_pdf,"veröffentlicht nur DISDOCS (PDF), kein XBRL-CSV"
529900B9P29R8W03IX88,CON,2025-12-31,nur_pdf,"veröffentlicht nur DISDOCS (PDF), kein XBRL-CSV"
529900BHRYZ464GFD289,CON,2025-06-30,geladen,im Parquet
529900BHRYZ464GFD289,CON,2025-12-31,geladen,im Parquet
529900BI5KIGX6YLX375,CON,2025-12-31,geladen,im Parquet
529900BIK4WRWS06MR52,IND,2025-12-31,geladen,im Parquet
529900C3SHT3Q94H3W82,CON,2025-12-31,geladen,im Parquet
529900C9OP6Y0DPYSK11,IND,2025-12-31,geladen,im Parquet
529900CJAJ0HDPPKUI53,IND,2025-12-31,geladen,im Parquet
529900D5G4V6THXC5P79,IND,2025-06-30,geladen,im Parquet
529900D5G4V6THXC5P79,IND,2025-09-30,geladen,im Parquet
529900D5G4V6THXC5P79,IND,2025-12-31,geladen,im Parquet
529900DEAYRUPP22B339,CON,2025-12-31,geladen,im Parquet
529900DPOQPLDSF3R482,CON,2025-12-31,geladen,im Parquet
529900DSIVJWCUQUMP41,IND,2025-12-31,geladen,im Parquet
529900DXTOU2U9IZDY54,IND,2025-12-31,geladen,im Parquet
529900E0WY09Z3H21393,IND,2025-12-31,geladen,im Parquet
529900EKPN8EYA3AX590,IND,2025-06-30,geladen,im Parquet
529900EKPN8EYA3AX590,IND,2025-12-31,geladen,im Parquet
529900EM0ZU25V87GD50,IND,2025-12-31,geladen,im Parquet
529900FEID5L4H2T2L70,IND,2025-06-30,geladen,im Parquet
529900FEID5L4H2T2L70,IND,2025-12-31,geladen,im Parquet
529900FU4WJ2XT7BVE31,IND,2025-06-30,geladen,im Parquet
529900FZWXWNKF3O8394,CON,2025-12-31,geladen,im Parquet
529900GEH0DAUTAXUA94,CON,2025-12-31,nur_pdf,"veröffentlicht nur DISDOCS (PDF), kein XBRL-CSV"
529900GFT28SEW1QSG52,IND,2025-12-31,nur_pdf,"veröffentlicht nur DISDOCS (PDF), kein XBRL-CSV"
529900GGYMNGRQTDOO93,CON,2025-12-31,geladen,im Parquet
529900GM944JT8YIRL63,IND,2025-12-31,geladen,im Parquet
529900HC4LDSGK0NCJ85,IND,2025-12-31,geladen,im Parquet
529900HEKOENJHPNN480,CON,2025-06-30,geladen,im Parquet
529900HEKOENJHPNN480,CON,2025-12-31,geladen,im Parquet
529900HNOAA1KXQJUQ27,CON,2025-06-30,geladen,im Parquet
529900HNOAA1KXQJUQ27,CON,2025-09-30,geladen,im Parquet
529900HNOAA1KXQJUQ27,CON,2025-12-31,geladen,im Parquet
529900HNOAA1KXQJUQ27,CON,2026-03-31,geladen,im Parquet
529900I1UZV70CZRAU55,CON,2025-06-30,geladen,im Parquet
529900I1UZV70CZRAU55,CON,2025-09-30,geladen,im Parquet
529900I1UZV70CZRAU55,CON,2025-12-31,geladen,im Parquet
529900IRBZTADXJB6757,CON,2025-06-30,geladen,im Parquet
529900IRBZTADXJB6757,CON,2025-12-31,geladen,im Parquet
529900J35NSHS856UA68,CON,2025-12-31,geladen,im Parquet
529900JCAE554QUYE140,IND,2025-12-31,geladen,im Parquet
529900JG015JC10LED24,CON,2025-12-31,geladen,im Parquet
529900JRKG8AEYL65326,IND,2025-12-31,geladen,im Parquet
529900JZTYE3W7WQH904,CON,2025-06-30,geladen,im Parquet
529900JZTYE3W7WQH904,CON,2025-09-30,geladen,im Parquet
529900JZTYE3W7WQH904,CON,2025-12-31,geladen,im Parquet
529900JZTYE3W7WQH904,CON,2026-03-31,geladen,im Parquet
529900JZXXU699FCKK89,IND,2025-06-30,geladen,im Parquet
529900JZXXU699FCKK89,IND,2025-09-30,geladen,im Parquet
529900JZXXU699FCKK89,IND,2025-12-31,geladen,im Parquet
529900JZXXU699FCKK89,IND,2026-03-31,geladen,im Parquet
529900K16YGKC8BES892,IND,2025-06-30,geladen,im Parquet
529900K16YGKC8BES892,IND,2025-09-30,geladen,im Parquet
529900K16YGKC8BES892,IND,2025-12-31,geladen,im Parquet
529900K16YGKC8BES892,IND,2026-03-31,geladen,im Parquet
529900KRVTRP5RWP9K95,CON,2025-12-31,geladen,im Parquet
529900L89TGSPV9OU151,CON,2025-12-31,geladen,im Parquet
529900LIZVBUANJ20E31,IND,2025-12-31,geladen,im Parquet
529900LKIMB57HKF3545,CON,2025-12-31,geladen,im Parquet
529900LU7D396TOO3B50,CON,2025-06-30,geladen,im Parquet
529900LU7D396TOO3B50,CON,2025-12-31,geladen,im Parquet
529900MQJIQGD8N3YV53,CON,2025-12-31,geladen,im Parquet
529900N2ZB1B52JB2F83,IND,2025-12-31,toter_link,Katalogzeile ohne publizierte Datei (EDAP 404)
529900NJYUGRO908KV84,CON,2025-12-31,geladen,im Parquet
529900NNQW9IAE32GQ07,CON,2025-12-31,geladen,im Parquet
529900ODI3047E2LIV03,CON,2025-06-30,geladen,im Parquet
529900ODI3047E2LIV03,CON,2025-09-30,geladen,im Parquet
529900ODI3047E2LIV03,CON,2025-12-31,geladen,im Parquet
529900ODI3047E2LIV03,CON,2026-03-31,geladen,im Parquet
529900OE1FOAM50XLP72,CON,2025-06-30,geladen,im Parquet
529900OKPZTTS50FXP26,IND,2025-12-31,geladen,im Parquet
529900OLW8QPFMTBDC23,IND,2025-12-31,geladen,im Parquet
529900P8BY9HZTZ82T70,IND,2025-12-31,geladen,im Parquet
529900PR2ELW8QI1B775,IND,2025-12-31,geladen,im Parquet
529900PR2ELW8QI1B775,IND,2026-03-31,nur_pdf,"veröffentlicht nur DISDOCS (PDF), kein XBRL-CSV"
529900PUK9IU39VCWK54,IND,2025-12-31,geladen,im Parquet
529900Q2C3I7VCILLG45,CON,2025-12-31,geladen,im Parquet
529900QYEJ2GYSWK1F08,CON,2025-06-30,geladen,im Parquet
529900QYEJ2GYSWK1F08,CON,2025-12-31,geladen,im Parquet
529900RCLERIIXF4QM23,IND,2025-12-31,geladen,im Parquet
529900RPGHC6DQEQL615,IND,2025-12-31,geladen,im Parquet
529900RQOBT3ZJMDRK43,CON,2025-12-31,geladen,im Parquet
529900RWC8ZYB066JF16,CON,2025-06-30,geladen,im Parquet
529900RWC8ZYB066JF16,CON,2025-09-30,geladen,im Parquet
529900RWC8ZYB066JF16,CON,2025-12-31,geladen,im Parquet
529900S1KHKOEQL5CK20,IND,2025-12-31,geladen,im Parquet
529900SEFOTJH1MLGZ92,IND,2025-12-31,geladen,im Parquet
529900SS7ZWCX82U3W60,IND,2025-12-31,geladen,im Parquet
529900SSGT49ZZSWYE62,CON,2025-12-31,geladen,im Parquet
529900SSGT49ZZSWYE62,CON,2026-03-31,geladen,im Parquet
529900SXEWPJ1MRRX537,CON,2025-12-31,geladen,im Parquet
529900T32UL0CP1FZA06,CON,2025-12-31,geladen,im Parquet
529900T7MYZUMMW4O176,CON,2025-12-31,geladen,im Parquet
529900TDG1TFZM39SF37,CON,2025-12-31,geladen,im Parquet
529900U5XAEYOT68AC40,IND,2025-12-31,geladen,im Parquet
529900UHDH7QLRMEJQ86,CON,2025-12-31,geladen,im Parquet
529900UIRB65OY6U4B21,IND,2025-12-31,geladen,im Parquet
529900UKZBMDBDZIXD62,CON,2025-06-30,geladen,im Parquet
529900UKZBMDBDZIXD62,CON,2025-12-31,geladen,im Parquet
529900V3O1M5IHMOSF46,CON,2025-06-30,geladen,im Parquet
529900VS0F7BA91P4I60,IND,2025-12-31,geladen,im Parquet
529900VVDOKMRRAHZ894,IND,2025-12-31,geladen,im Parquet
529900W3MOO00A18X956,CON,2025-06-30,geladen,im Parquet
529900W3MOO00A18X956,CON,2025-09-30,geladen,im Parquet
529900W3MOO00A18X956,CON,2025-12-31,geladen,im Parquet
529900W3MOO00A18X956,CON,2026-03-31,geladen,im Parquet
529900WF3IXMJXSVJ831,IND,2025-12-31,geladen,im Parquet
529900XB6RQ3XCELQO62,IND,2025-12-31,geladen,im Parquet
529900XDLJV1P7HBAH18,IND,2025-12-31,geladen,im Parquet
529900XSTAE561178282,CON,2025-06-30,geladen,im Parquet
529900XSTAE561178282,CON,2025-09-30,geladen,im Parquet
529900XSTAE561178282,CON,2025-12-31,geladen,im Parquet
529900XSTAE561178282,CON,2026-03-31,geladen,im Parquet
529900ZMDTSQYEYCKL45,IND,2025-12-31,geladen,im Parquet
529900ZVK4VTIS0TOT43,IND,2025-12-31,geladen,im Parquet
5493000LKS7B3UTF7H35,CON,2025-06-30,geladen,im Parquet
5493000LKS7B3UTF7H35,CON,2025-09-30,geladen,im Parquet
5493000LKS7B3UTF7H35,CON,2025-12-31,geladen,im Parquet
5493000LKS7B3UTF7H35,CON,2026-03-31,geladen,im Parquet
5493000LM0MZ4JPMGM90,CON,2025-06-30,geladen,im Parquet
5493000LM0MZ4JPMGM90,CON,2025-12-31,geladen,im Parquet
5493000UPYR7EEHN2R94,CON,2025-12-31,geladen,im Parquet
5493000YPN33HF74SN02,IND,2025-10-31,geladen,im Parquet
5493001BABFV7P27OW30,CON,2025-09-30,geladen,im Parquet
5493001BABFV7P27OW30,CON,2026-03-31,geladen,im Parquet
5493001U1K6M7JOL5W45,CON,2025-12-31,geladen,im Parquet
5493002DPKDEC2JN1Y86,CON,2025-12-31,geladen,im Parquet
5493002K643MZPQEK497,IND,2025-12-31,geladen,im Parquet
5493003BDYD5VPGUQS04,CON,2025-12-31,geladen,im Parquet
5493003RJ3TPV33W0108,IND,2025-12-31,geladen,im Parquet
5493004D82XDFVPWQJ91,IND,2025-06-30,geladen,im Parquet
5493004D82XDFVPWQJ91,IND,2025-12-31,geladen,im Parquet
5493004WUGGU2BQI7F14,CON,2025-12-31,geladen,im Parquet
54930056FHWP7GIWYY08,CON,2025-09-30,geladen,im Parquet
54930056IRBXK0Q1FP96,CON,2025-06-30,geladen,im Parquet
54930056IRBXK0Q1FP96,CON,2025-09-30,geladen,im Parquet
54930060Q00W1SRIUI57,IND,2025-12-31,geladen,im Parquet
5493006QMFDDMYWIAM13,CON,2025-06-30,geladen,im Parquet
5493006QMFDDMYWIAM13,CON,2025-09-30,geladen,im Parquet
5493006QMFDDMYWIAM13,CON,2025-12-31,geladen,im Parquet
5493006QMFDDMYWIAM13,CON,2026-03-31,geladen,im Parquet
5493006Z4NTMNDDBGL49,IND,2025-09-30,geladen,im Parquet
5493007BWYDPQZLZ0Y27,CON,2025-06-30,geladen,im Parquet
5493007BWYDPQZLZ0Y27,CON,2025-12-31,geladen,im Parquet
5493007QRSX9DS2CM858,IND,2025-12-31,geladen,im Parquet
5493007S4JE930SIUE86,CON,2025-06-30,geladen,im Parquet
5493007S4JE930SIUE86,CON,2025-09-30,geladen,im Parquet
5493007S4JE930SIUE86,CON,2025-12-31,geladen,im Parquet
5493007SJLLCTM6J6M37,CON,2026-03-31,geladen,im Parquet
5493007SWCCN9S3J2748,CON,2025-12-31,geladen,im Parquet
54930080G2M7EJ097A27,CON,2025-06-30,nur_pdf,"veröffentlicht nur DISDOCS (PDF), kein XBRL-CSV"
54930080G2M7EJ097A27,CON,2025-09-30,nur_pdf,"veröffentlicht nur DISDOCS (PDF), kein XBRL-CSV"
54930080G2M7EJ097A27,CON,2025-12-31,nur_pdf,"veröffentlicht nur DISDOCS (PDF), kein XBRL-CSV"
5493008QOCP58OLEN998,CON,2025-06-30,geladen,im Parquet
5493008QOCP58OLEN998,CON,2025-09-30,geladen,im Parquet
5493008QRHH0XCLJ4238,CON,2025-06-30,geladen,im Parquet
5493008QRHH0XCLJ4238,CON,2025-09-30,geladen,im Parquet
5493008QRHH0XCLJ4238,CON,2025-12-31,geladen,im Parquet
5493009EIBTCB1X12G89,CON,2025-06-30,geladen,im Parquet
5493009EIBTCB1X12G89,CON,2025-12-31,geladen,im Parquet
5493009ML6YX83YHC820,CON,2025-06-30,geladen,im Parquet
5493009ML6YX83YHC820,CON,2025-09-30,geladen,im Parquet
5493009ML6YX83YHC820,CON,2025-12-31,geladen,im Parquet
5493009ML6YX83YHC820,CON,2026-03-31,geladen,im Parquet
5493009VJC01E4H6HH77,CON,2025-12-31,geladen,im Parquet
5493009W2E2YDCXY6S81,CON,2025-12-31,geladen,im Parquet
549300A2F46GR0UOM390,CON,2025-06-30,geladen,im Parquet
549300A2F46GR0UOM390,CON,2025-09-30,geladen,im Parquet
549300A2F46GR0UOM390,CON,2025-12-31,geladen,im Parquet
549300BZZFFS0SOWR325,IND,2025-12-31,geladen,im Parquet
549300C6TUMDXNOVXS82,CON,2025-06-30,geladen,im Parquet
549300C6TUMDXNOVXS82,CON,2025-09-30,geladen,im Parquet
549300C6TUMDXNOVXS82,CON,2025-12-31,geladen,im Parquet
549300C6TUMDXNOVXS82,CON,2026-03-31,geladen,im Parquet
549300CQ9NLEHMRCU505,IND,2025-12-31,geladen,im Parquet
549300D7SF4JSQDV7040,IND,2025-12-31,geladen,im Parquet
549300DVPJYGNF2P7B03,CON,2025-06-30,geladen,im Parquet
549300DVPJYGNF2P7B03,CON,2025-09-30,geladen,im Parquet
549300DVPJYGNF2P7B03,CON,2025-12-31,geladen,im Parquet
549300DYPOFMXOR7XM56,CON,2025-06-30,geladen,im Parquet
549300DYPOFMXOR7XM56,CON,2025-12-31,geladen,im Parquet
549300EHNXQVOI120S55,CON,2025-06-30,geladen,im Parquet
549300EHNXQVOI120S55,CON,2025-09-30,geladen,im Parquet
549300EHNXQVOI120S55,CON,2025-12-31,geladen,im Parquet
549300EHNXQVOI120S55,CON,2026-03-31,geladen,im Parquet
549300F7FBD744MEP844,IND,2025-12-31,geladen,im Parquet
549300FH0WJAPEHTIQ77,IND,2025-06-30,geladen,im Parquet
549300FH0WJAPEHTIQ77,IND,2025-09-30,geladen,im Parquet
549300FH0WJAPEHTIQ77,IND,2025-12-31,geladen,im Parquet
549300FRBP5L0O1HY885,IND,2025-12-31,geladen,im Parquet
549300G3C8M0WXQCWH61,CON,2025-12-31,geladen,im Parquet
549300GKFG0RYRRQ1414,CON,2025-06-30,geladen,im Parquet
549300GKFG0RYRRQ1414,CON,2025-09-30,geladen,im Parquet
549300GKFG0RYRRQ1414,CON,2025-12-31,geladen,im Parquet
549300GKFG0RYRRQ1414,CON,2026-03-31,geladen,im Parquet
549300HFEHJOXGE4ZE63,CON,2025-06-30,geladen,im Parquet
549300HFEHJOXGE4ZE63,CON,2025-09-30,geladen,im Parquet
549300HFEHJOXGE4ZE63,CON,2025-12-31,geladen,im Parquet
549300HFEHJOXGE4ZE63,CON,2026-03-31,geladen,im Parquet
549300HUKIA1IZQHFZ83,IND,2025-06-30,geladen,im Parquet
549300HUKIA1IZQHFZ83,IND,2025-12-31,geladen,im Parquet
549300IQZVZ949N37S44,CON,2025-06-30,geladen,im Parquet
549300IQZVZ949N37S44,CON,2025-09-30,geladen,im Parquet
549300IQZVZ949N37S44,CON,2025-12-31,geladen,im Parquet
549300IRGNL8Q3O8Y413,IND,2025-12-31,geladen,im Parquet
549300J0GSZ83GTKBZ89,CON,2025-06-30,geladen,im Parquet
549300J0GSZ83GTKBZ89,CON,2025-12-31,geladen,im Parquet
549300JB1P61FUTPEZ75,CON,2025-06-30,geladen,im Parquet
549300JB1P61FUTPEZ75,CON,2025-09-30,geladen,im Parquet
549300JB1P61FUTPEZ75,CON,2025-12-31,geladen,im Parquet
549300JB1P61FUTPEZ75,CON,2026-03-31,geladen,im Parquet
549300JECLPX13NZLU57,CON,2025-12-31,geladen,im Parquet
549300JSC82O1L4XV837,CON,2025-12-31,geladen,im Parquet
549300KOORG6SN9LMO68,IND,2025-12-31,geladen,im Parquet
549300L1IEXJYJ2NUV45,IND,2025-12-31,geladen,im Parquet
549300L7YCATGO57ZE10,CON,2025-06-30,geladen,im Parquet
549300L7YCATGO57ZE10,CON,2025-09-30,geladen,im Parquet
549300L7YCATGO57ZE10,CON,2025-12-31,geladen,im Parquet
549300L7YCATGO57ZE10,CON,2026-03-31,geladen,im Parquet
549300LYFYVPUCG6SY25,CON,2025-12-31,geladen,im Parquet
549300M2IHOB9P5WE714,IND,2025-12-31,geladen,im Parquet
549300M6HRHPF3NQBP83,IND,2025-12-31,geladen,im Parquet
549300MM2G2LFEPR2M50,IND,2025-12-31,geladen,im Parquet
549300MSY5NIVC0BME80,CON,2025-06-30,geladen,im Parquet
549300ND1MQ8SNNYMJ22,CON,2025-06-30,geladen,im Parquet
549300ND1MQ8SNNYMJ22,CON,2025-12-31,geladen,im Parquet
549300NYKK9MWM7GGW15,CON,2025-06-30,geladen,im Parquet
549300NYKK9MWM7GGW15,CON,2025-09-30,geladen,im Parquet
549300NYKK9MWM7GGW15,CON,2025-12-31,geladen,im Parquet
549300NYKK9MWM7GGW15,CON,2026-03-31,geladen,im Parquet
549300O2UN9JLME31F08,IND,2025-12-31,geladen,im Parquet
549300O3HXYXXUHR0897,CON,2025-06-30,geladen,im Parquet
549300O3HXYXXUHR0897,CON,2025-12-31,geladen,im Parquet
549300OL514RA0SXJJ44,IND,2025-12-31,geladen,im Parquet
549300OLBL49CW8CT155,CON,2025-06-30,geladen,im Parquet
549300OLBL49CW8CT155,CON,2025-09-30,geladen,im Parquet
549300OLBL49CW8CT155,CON,2025-12-31,geladen,im Parquet
549300OLBL49CW8CT155,CON,2026-03-31,geladen,im Parquet
549300OMTXWX1144LP69,IND,2025-12-31,geladen,im Parquet
549300PZMFIQR79Q0T97,CON,2025-12-31,geladen,im Parquet
549300PZMFIQR79Q0T97,CON,2026-03-31,geladen,im Parquet
549300Q3OIWRHQUQM052,CON,2025-12-31,geladen,im Parquet
549300Q3OIWRHQUQM052,CON,2026-03-31,geladen,im Parquet
549300RFKNCOX56F8591,CON,2025-06-30,geladen,im Parquet
549300RFKNCOX56F8591,CON,2025-09-30,geladen,im Parquet
549300RFKNCOX56F8591,CON,2025-12-31,geladen,im Parquet
549300RFKNCOX56F8591,CON,2026-03-31,geladen,im Parquet
549300RG3H390KEL8896,CON,2025-06-30,geladen,im Parquet
549300RG3H390KEL8896,CON,2025-09-30,geladen,im Parquet
549300RG3H390KEL8896,CON,2025-12-31,geladen,im Parquet
549300RMML7KXP6M1Y98,IND,2025-12-31,geladen,im Parquet
549300S2T3FWVVXWJI89,CON,2025-06-30,geladen,im Parquet
549300S2T3FWVVXWJI89,CON,2025-09-30,geladen,im Parquet
549300S2T3FWVVXWJI89,CON,2025-12-31,geladen,im Parquet
549300S2T3FWVVXWJI89,CON,2026-03-31,geladen,im Parquet
549300SBPFE9JX7N8J82,IND,2025-06-30,geladen,im Parquet
549300SBPFE9JX7N8J82,IND,2025-12-31,geladen,im Parquet
549300SGF4BS54YG8M65,CON,2025-12-31,geladen,im Parquet
549300SXM92LQ05OJQ76,CON,2025-06-30,geladen,im Parquet
549300SXM92LQ05OJQ76,CON,2025-12-31,geladen,im Parquet
549300TDPXT0OW2AY198,CON,2025-12-31,geladen,im Parquet
549300TEJKOLFN65KR76,IND,2025-12-31,geladen,im Parquet
549300TJREQ7GHIXWR36,IND,2025-06-30,geladen,im Parquet
549300TJREQ7GHIXWR36,IND,2025-09-30,geladen,im Parquet
549300TJREQ7GHIXWR36,IND,2025-12-31,geladen,im Parquet
549300TJREQ7GHIXWR36,IND,2026-03-31,geladen,im Parquet
549300TK038P6EV4YU51,CON,2025-12-31,geladen,im Parquet
549300TK038P6EV4YU51,CON,2026-03-31,geladen,im Parquet
549300TL5406IC1XKD09,CON,2025-12-31,geladen,im Parquet
549300TLZPT6JELDWM92,CON,2025-12-31,geladen,im Parquet
549300TLZPT6JELDWM92,CON,2026-03-31,geladen,im Parquet
549300TRUWO2CD2G5692,CON,2025-06-30,geladen,im Parquet
549300TRUWO2CD2G5692,CON,2025-09-30,geladen,im Parquet
549300TRUWO2CD2G5692,CON,2025-12-31,geladen,im Parquet
549300TRUWO2CD2G5692,CON,2026-03-31,geladen,im Parquet
549300TTZTKBUFKWH890,CON,2025-12-31,geladen,im Parquet
549300U4LIZV0REEQQ46,CON,2025-06-30,geladen,im Parquet
549300U4LIZV0REEQQ46,CON,2025-09-30,geladen,im Parquet
549300U4LIZV0REEQQ46,CON,2025-12-31,geladen,im Parquet
549300U4LIZV0REEQQ46,CON,2026-03-31,geladen,im Parquet
549300UARE5MHTBUPJ19,CON,2025-12-31,geladen,im Parquet
549300UOX05QGUJJ5707,IND,2025-06-30,geladen,im Parquet
549300UOX05QGUJJ5707,IND,2025-12-31,geladen,im Parquet
549300URJH9VSI58CS32,CON,2025-06-30,geladen,im Parquet
549300URJH9VSI58CS32,CON,2025-12-31,geladen,im Parquet
549300UY81ESCZJ0GR95,CON,2025-06-30,geladen,im Parquet
549300UY81ESCZJ0GR95,CON,2025-09-30,geladen,im Parquet
549300UY81ESCZJ0GR95,CON,2025-12-31,geladen,im Parquet
549300UY81ESCZJ0GR95,CON,2026-03-31,geladen,im Parquet
549300V1VN70Q7PQ7234,CON,2025-06-30,geladen,im Parquet
549300V1VN70Q7PQ7234,CON,2025-09-30,geladen,im Parquet
549300V1VN70Q7PQ7234,CON,2025-12-31,geladen,im Parquet
549300V4H4USWZUCE073,IND,2025-12-31,geladen,im Parquet
549300VRM6G42M8OWN49,CON,2025-06-30,geladen,im Parquet
549300VRM6G42M8OWN49,CON,2025-12-31,geladen,im Parquet
549300WDT1HWUMTUW770,IND,2025-06-30,geladen,im Parquet
549300WDT1HWUMTUW770,IND,2025-12-31,geladen,im Parquet
549300X34UUBDEUL1Z91,CON,2025-06-30,geladen,im Parquet
549300X34UUBDEUL1Z91,CON,2025-12-31,geladen,im Parquet
549300XGJX6FOWLOI640,IND,2025-12-31,geladen,im Parquet
549300XWJHRKLHU2PS28,CON,2025-12-31,geladen,im Parquet
549300YV6LXRPJO3U576,IND,2025-12-31,geladen,im Parquet
549300YW95G1VBBGGV07,CON,2025-06-30,geladen,im Parquet
549300YW95G1VBBGGV07,CON,2025-12-31,geladen,im Parquet
549300Z7V2WOFIMUEK50,CON,2025-06-30,geladen,im Parquet
549300Z7V2WOFIMUEK50,CON,2025-12-31,geladen,im Parquet
549300ZBZQ6M21ZGGY79,IND,2025-06-30,nur_pdf,"veröffentlicht nur DISDOCS (PDF), kein XBRL-CSV"
549300ZBZQ6M21ZGGY79,IND,2025-12-31,geladen,im Parquet
549300ZEF3QWM810M319,IND,2025-12-31,geladen,im Parquet
549300ZHFZ4CSK7VS460,CON,2025-06-30,geladen,im Parquet
549300ZHFZ4CSK7VS460,CON,2025-12-31,geladen,im Parquet
549300ZK53CNGEEI6A29,IND,2025-06-30,geladen,im Parquet
549300ZK53CNGEEI6A29,IND,2025-09-30,geladen,im Parquet
549300ZK53CNGEEI6A29,IND,2025-12-31,geladen,im Parquet
549300ZOE0EU2VKF6M35,IND,2025-12-31,geladen,im Parquet
5967007LIEEXZX51WW28,CON,2025-12-31,geladen,im Parquet
5967007LIEEXZX5PU005,CON,2025-06-30,geladen,im Parquet
5967007LIEEXZX5PU005,CON,2025-12-31,geladen,im Parquet
5967007LIEEXZX659K67,IND,2025-12-31,geladen,im Parquet
5967007LIEEXZX659K67,IND,2026-03-31,geladen,im Parquet
5967007LIEEXZX76AW36,CON,2025-12-31,geladen,im Parquet
5967007LIEEXZX8UHK11,CON,2025-12-31,geladen,im Parquet
5UMCZOEYKCVFAW8ZLO05,CON,2025-06-30,geladen,im Parquet
5UMCZOEYKCVFAW8ZLO05,CON,2025-12-31,geladen,im Parquet
5UMCZOEYKCVFAW8ZLO05,CON,2026-03-31,geladen,im Parquet
635400AKJBGNS5WNQL34,CON,2025-06-30,geladen,im Parquet
635400AKJBGNS5WNQL34,CON,2025-09-30,geladen,im Parquet
635400AKJBGNS5WNQL34,CON,2025-12-31,geladen,im Parquet
635400AKJBGNS5WNQL34,CON,2026-03-31,geladen,im Parquet
635400C8EK6DRI12LJ39,CON,2025-06-30,geladen,im Parquet
635400C8EK6DRI12LJ39,CON,2025-09-30,geladen,im Parquet
635400C8EK6DRI12LJ39,CON,2025-12-31,geladen,im Parquet
635400C8EK6DRI12LJ39,CON,2026-03-31,geladen,im Parquet
635400DTNHVYGZODKQ93,CON,2025-09-30,geladen,im Parquet
635400DTNHVYGZODKQ93,CON,2026-03-31,geladen,im Parquet
635400F6HLXKXNJJX605,IND,2025-06-30,geladen,im Parquet
635400F6HLXKXNJJX605,IND,2025-12-31,geladen,im Parquet
635400JLGKETPVVGPW53,CON,2025-12-31,geladen,im Parquet
635400L14KNHZXPUZM19,CON,2025-06-30,geladen,im Parquet
635400L14KNHZXPUZM19,CON,2025-09-30,geladen,im Parquet
635400L14KNHZXPUZM19,CON,2025-12-31,geladen,im Parquet
635400L14KNHZXPUZM19,CON,2026-03-31,geladen,im Parquet
635400LCCIYHUL6ELA34,CON,2025-12-31,geladen,im Parquet
6TJCK1B7E7UTXP528Y04,IND,2025-06-30,geladen,im Parquet
6TJCK1B7E7UTXP528Y04,IND,2025-09-30,geladen,im Parquet
6TJCK1B7E7UTXP528Y04,IND,2025-12-31,geladen,im Parquet
724500973ODKK3IFQ447,CON,2025-12-31,geladen,im Parquet
724500A1FNICHSDF2I11,CON,2025-06-30,geladen,im Parquet
724500A1FNICHSDF2I11,CON,2025-12-31,geladen,im Parquet
724500AG21Z9GIJE4735,CON,2025-12-31,geladen,im Parquet
724500AH42V5X8BCPE49,CON,2025-06-30,geladen,im Parquet
724500BICUQ0LF1AH770,CON,2025-12-31,geladen,im Parquet
724500D8WOYCL1BUCB80,CON,2025-12-31,geladen,im Parquet
724500JIWG886A9RRT57,CON,2025-06-30,geladen,im Parquet
724500JIWG886A9RRT57,CON,2025-09-30,geladen,im Parquet
724500JIWG886A9RRT57,CON,2025-12-31,geladen,im Parquet
724500M4G9AVEMHMV291,CON,2025-12-31,geladen,im Parquet
724500PMK2A2M1SQQ228,CON,2025-12-31,geladen,im Parquet
724500SF1CI8OD5AHI07,CON,2025-12-31,geladen,im Parquet
724500ZNT2I60RYZQI38,IND,2025-12-31,geladen,im Parquet
7437003B5WFBOIEFY714,CON,2025-06-30,geladen,im Parquet
7437003B5WFBOIEFY714,CON,2025-09-30,geladen,im Parquet
7437003B5WFBOIEFY714,CON,2025-12-31,geladen,im Parquet
7437003B5WFBOIEFY714,CON,2026-03-31,geladen,im Parquet
7437005892K69S3MW344,CON,2025-06-30,geladen,im Parquet
7437005892K69S3MW344,CON,2025-12-31,geladen,im Parquet
7437006WYM821IJ3MN73,CON,2025-12-31,geladen,im Parquet
743700FTBNXAUN57RH30,CON,2025-06-30,geladen,im Parquet
743700FTBNXAUN57RH30,CON,2025-12-31,geladen,im Parquet
743700GC62JLHFBUND16,CON,2025-12-31,geladen,im Parquet
743700PW2HDTPU3YRJ31,CON,2025-12-31,geladen,im Parquet
747DLM6L5TO7LXZY5T60,IND,2025-10-31,geladen,im Parquet
7CUNS533WID6K7DGFI87,CON,2025-06-30,geladen,im Parquet
7CUNS533WID6K7DGFI87,CON,2025-09-30,geladen,im Parquet
7CUNS533WID6K7DGFI87,CON,2025-12-31,geladen,im Parquet
7CUNS533WID6K7DGFI87,CON,2026-03-31,geladen,im Parquet
7LTWFZYICNSX8D621K86,CON,2025-06-30,geladen,im Parquet
7LTWFZYICNSX8D621K86,CON,2025-09-30,geladen,im Parquet
7LTWFZYICNSX8D621K86,CON,2025-12-31,geladen,im Parquet
7LTWFZYICNSX8D621K86,CON,2026-03-31,geladen,im Parquet
7LVZJ6XRIE7VNZ4UBX81,CON,2025-06-30,geladen,im Parquet
7LVZJ6XRIE7VNZ4UBX81,CON,2025-09-30,geladen,im Parquet
7LVZJ6XRIE7VNZ4UBX81,CON,2025-12-31,geladen,im Parquet
7V6Z97IO7R1SEAO84Q32,CON,2025-12-31,geladen,im Parquet
81560017C4A61A529235,IND,2025-12-31,geladen,im Parquet
81560027D07F9BDB8436,CON,2025-12-31,geladen,im Parquet
81560035485BD7DB3590,IND,2025-12-31,geladen,im Parquet
8156003A4FB445454553,CON,2025-12-31,geladen,im Parquet
8156003D79D064FB5360,IND,2025-12-31,geladen,im Parquet
8156004BBB6E6B9B6F10,IND,2025-12-31,geladen,im Parquet
81560051AAE0E0F10021,IND,2025-12-31,geladen,im Parquet
8156005420362AE59184,CON,2025-06-30,geladen,im Parquet
8156005420362AE59184,CON,2025-12-31,geladen,im Parquet
8156005C22D0BF134C40,IND,2025-12-31,geladen,im Parquet
81560062CEAE87A85C80,CON,2025-12-31,geladen,im Parquet
81560064085A02B2B297,CON,2025-12-31,geladen,im Parquet
815600722FAEE18D6013,CON,2025-12-31,geladen,im Parquet
8156007C053DC07AC307,IND,2025-12-31,geladen,im Parquet
8156007D348794DB1690,CON,2025-06-30,geladen,im Parquet
8156007D348794DB1690,CON,2025-09-30,geladen,im Parquet
8156007D348794DB1690,CON,2025-12-31,geladen,im Parquet
815600848DEFE160E913,CON,2025-12-31,geladen,im Parquet
8156008B43CE788F4932,CON,2025-12-31,geladen,im Parquet
8156008FC57F3F707049,CON,2025-12-31,geladen,im Parquet
815600903231FA2E7698,CON,2025-06-30,geladen,im Parquet
815600903231FA2E7698,CON,2025-12-31,geladen,im Parquet
815600914B5015427B51,IND,2025-12-31,geladen,im Parquet
8156009F9B6BB7745A32,CON,2025-12-31,geladen,im Parquet
815600A029117B20DD63,CON,2025-06-30,geladen,im Parquet
815600A32DA05F693F24,CON,2025-12-31,geladen,im Parquet
815600AD83B2B6317788,CON,2025-06-30,geladen,im Parquet
815600AD83B2B6317788,CON,2025-09-30,geladen,im Parquet
815600AD83B2B6317788,CON,2025-12-31,geladen,im Parquet
815600AD83B2B6317788,CON,2026-03-31,geladen,im Parquet
815600B43BECA3919584,IND,2025-12-31,geladen,im Parquet
815600B5C61A10BBB451,CON,2025-12-31,geladen,im Parquet
815600B6B356EC776E54,IND,2025-12-31,geladen,im Parquet
815600BEE9123CD92E12,CON,2025-12-31,geladen,im Parquet
815600DDCE9083CAC598,IND,2025-06-30,geladen,im Parquet
815600DDCE9083CAC598,IND,2025-12-31,geladen,im Parquet
815600E4E6DCD2D25E30,CON,2025-06-30,geladen,im Parquet
815600E4E6DCD2D25E30,CON,2025-09-30,geladen,im Parquet
815600E4E6DCD2D25E30,CON,2025-12-31,geladen,im Parquet
815600E4E6DCD2D25E30,CON,2026-03-31,geladen,im Parquet
815600F24AE25C9D1B94,CON,2025-12-31,geladen,im Parquet
815600FDD3EB3EA03194,CON,2025-12-31,geladen,im Parquet
851WYGNLUQLFZBSYGB56,CON,2025-06-30,geladen,im Parquet
851WYGNLUQLFZBSYGB56,CON,2025-09-30,geladen,im Parquet
851WYGNLUQLFZBSYGB56,CON,2025-12-31,geladen,im Parquet
851WYGNLUQLFZBSYGB56,CON,2026-03-31,geladen,im Parquet
894500N55FUZ70ZQ1784,CON,2025-12-31,geladen,im Parquet
8IBZUGJ7JPLH368JE346,IND,2025-06-30,geladen,im Parquet
8IBZUGJ7JPLH368JE346,IND,2025-09-30,geladen,im Parquet
8IBZUGJ7JPLH368JE346,IND,2025-12-31,geladen,im Parquet
8IBZUGJ7JPLH368JE346,IND,2026-03-31,geladen,im Parquet
95980020140005012943,CON,2025-12-31,geladen,im Parquet
95980020140005219553,IND,2025-12-31,geladen,im Parquet
95980020140005220135,IND,2025-06-30,geladen,im Parquet
95980020140005220135,IND,2025-12-31,geladen,im Parquet
95980020140005375335,CON,2025-12-31,geladen,im Parquet
95980020140005439549,IND,2025-06-30,geladen,im Parquet
95980020140005439549,IND,2025-12-31,geladen,im Parquet
95980020140005484654,CON,2025-06-30,geladen,im Parquet
95980020140005484654,CON,2025-12-31,geladen,im Parquet
95980020140005552166,CON,2025-06-30,geladen,im Parquet
95980020140005552166,CON,2025-12-31,geladen,im Parquet
95980020140005658381,IND,2025-06-30,geladen,im Parquet
95980020140005658381,IND,2025-12-31,geladen,im Parquet
95980020140005881190,CON,2025-06-30,geladen,im Parquet
95980020140005881190,CON,2025-09-30,geladen,im Parquet
95980020140005881190,CON,2025-12-31,geladen,im Parquet
95980020140005881190,CON,2026-03-31,geladen,im Parquet
9598002AYDQER7DXLR16,CON,2025-06-30,geladen,im Parquet
959800LQ598A5RQASA61,CON,2025-06-30,geladen,im Parquet
959800LQ598A5RQASA61,CON,2025-09-30,geladen,im Parquet
959800LQ598A5RQASA61,CON,2025-12-31,geladen,im Parquet
959800LQ598A5RQASA61,CON,2026-03-31,geladen,im Parquet
959800R86KE31EAVRC30,CON,2025-12-31,geladen,im Parquet
959800VHSP2QBPNRF210,IND,2025-12-31,geladen,im Parquet
96950001WI712W7PQG45,CON,2025-06-30,geladen,im Parquet
96950001WI712W7PQG45,CON,2025-12-31,geladen,im Parquet
9695000CG7B84NLR5984,CON,2025-06-30,geladen,im Parquet
9695000CG7B84NLR5984,CON,2025-12-31,geladen,im Parquet
9695002JOWSRCLLLNY11,CON,2025-12-31,geladen,im Parquet
9695002K2HDLD20JU790,CON,2025-06-30,geladen,im Parquet
9695002K2HDLD20JU790,CON,2025-12-31,geladen,im Parquet
96950041VJ1QP0B69503,CON,2025-06-30,geladen,im Parquet
96950041VJ1QP0B69503,CON,2025-09-30,geladen,im Parquet
96950041VJ1QP0B69503,CON,2025-12-31,geladen,im Parquet
96950041VJ1QP0B69503,CON,2026-03-31,geladen,im Parquet
96950066U5XAAIRCPA78,CON,2025-06-30,nur_pdf,"veröffentlicht nur DISDOCS (PDF), kein XBRL-CSV"
9695007EQZDL89LUW373,CON,2025-12-31,geladen,im Parquet
969500A3Y5KTGJEMDZ32,CON,2025-06-30,nur_pdf,"veröffentlicht nur DISDOCS (PDF), kein XBRL-CSV"
969500A3Y5KTGJEMDZ32,CON,2025-09-30,nur_pdf,"veröffentlicht nur DISDOCS (PDF), kein XBRL-CSV"
969500A3Y5KTGJEMDZ32,CON,2025-12-31,nur_pdf,"veröffentlicht nur DISDOCS (PDF), kein XBRL-CSV"
969500A3Y5KTGJEMDZ32,CON,2026-03-31,geladen,im Parquet
969500A4IPKVUBH3CA90,CON,2025-12-31,geladen,im Parquet
969500A9SZ8YP1810S21,CON,2025-12-31,geladen,im Parquet
969500AGACQ54Q3UF243,CON,2025-06-30,geladen,im Parquet
969500AGACQ54Q3UF243,CON,2025-12-31,nur_pdf,"veröffentlicht nur DISDOCS (PDF), kein XBRL-CSV"
969500B5DNR7Q1ACGD23,CON,2025-06-30,nur_pdf,"veröffentlicht nur DISDOCS (PDF), kein XBRL-CSV"
969500B5DNR7Q1ACGD23,CON,2025-09-30,nur_pdf,"veröffentlicht nur DISDOCS (PDF), kein XBRL-CSV"
969500B5DNR7Q1ACGD23,CON,2025-12-31,nur_pdf,"veröffentlicht nur DISDOCS (PDF), kein XBRL-CSV"
969500B5DNR7Q1ACGD23,CON,2026-03-31,geladen,im Parquet
969500CJCTMI93QJKK89,CON,2025-12-31,geladen,im Parquet
969500EVOBAGHKZEXA33,CON,2025-12-31,geladen,im Parquet
969500EYG6U339D3TI84,CON,2025-06-30,geladen,im Parquet
969500EYG6U339D3TI84,CON,2025-12-31,geladen,im Parquet
969500F3KYDJBFS4XM73,IND,2025-12-31,geladen,im Parquet
969500FF9M4SBM5VHR15,CON,2025-06-30,nur_pdf,"veröffentlicht nur DISDOCS (PDF), kein XBRL-CSV"
969500FF9M4SBM5VHR15,CON,2025-09-30,geladen,im Parquet
969500FF9M4SBM5VHR15,CON,2025-12-31,nur_pdf,"veröffentlicht nur DISDOCS (PDF), kein XBRL-CSV"
969500FF9M4SBM5VHR15,CON,2026-03-31,geladen,im Parquet
969500FYEXW795NPJO79,CON,2025-06-30,nur_pdf,"veröffentlicht nur DISDOCS (PDF), kein XBRL-CSV"
969500FYEXW795NPJO79,CON,2025-09-30,nur_pdf,"veröffentlicht nur DISDOCS (PDF), kein XBRL-CSV"
969500FYEXW795NPJO79,CON,2025-12-31,nur_pdf,"veröffentlicht nur DISDOCS (PDF), kein XBRL-CSV"
969500FYEXW795NPJO79,CON,2026-03-31,geladen,im Parquet
969500GVS02SJYG9S632,CON,2025-12-31,geladen,im Parquet
969500JJWO4PQG0R1C58,CON,2025-12-31,geladen,im Parquet
969500JM7VIGQIPZOL49,CON,2025-12-31,geladen,im Parquet
969500LFTDNMONT2EP08,CON,2025-06-30,geladen,im Parquet
969500LFTDNMONT2EP08,CON,2025-09-30,geladen,im Parquet
969500LFTDNMONT2EP08,CON,2025-12-31,geladen,im Parquet
969500LFTDNMONT2EP08,CON,2026-03-31,geladen,im Parquet
969500O971S0I6U24G84,CON,2025-12-31,ohne_platzierbare_fakten,"geparst und in der Coverage-Matrix, aber kein platzierbarer Fakt (#28)"
969500ORP9FTJYI28L37,CON,2025-06-30,geladen,im Parquet
969500ORP9FTJYI28L37,CON,2025-12-31,nur_pdf,"veröffentlicht nur DISDOCS (PDF), kein XBRL-CSV"
969500PI25OKPKTD9364,CON,2025-06-30,nur_pdf,"veröffentlicht nur DISDOCS (PDF), kein XBRL-CSV"
969500PI25OKPKTD9364,CON,2025-09-30,nur_pdf,"veröffentlicht nur DISDOCS (PDF), kein XBRL-CSV"
969500PI25OKPKTD9364,CON,2025-12-31,nur_pdf,"veröffentlicht nur DISDOCS (PDF), kein XBRL-CSV"
969500PI25OKPKTD9364,CON,2026-03-31,geladen,im Parquet
969500SJXM8MW32ZVG75,CON,2025-12-31,geladen,im Parquet
969500STN7T9MRUMJ267,CON,2025-06-30,geladen,im Parquet
969500STN7T9MRUMJ267,CON,2025-12-31,geladen,im Parquet
969500TU5ZMYBIWP0R51,CON,2025-12-31,geladen,im Parquet
969500V9BSEN0HWUIC23,CON,2025-12-31,nur_pdf,"veröffentlicht nur DISDOCS (PDF), kein XBRL-CSV"
969500VHT1ZNPVWOYF63,CON,2025-06-30,geladen,im Parquet
969500VHT1ZNPVWOYF63,CON,2025-12-31,geladen,im Parquet
969500VR2NA6ANMTXH21,CON,2025-12-31,geladen,im Parquet
969500W34S6NCZWYBV47,CON,2025-12-31,geladen,im Parquet
969500W8SBCXNX1DG443,CON,2025-12-31,geladen,im Parquet
969500WFZ7C2IBN9TB80,CON,2025-12-31,geladen,im Parquet
969500WJ4V0WNG8Q5L42,CON,2025-06-30,geladen,im Parquet
969500WJ4V0WNG8Q5L42,CON,2025-12-31,nur_pdf,"veröffentlicht nur DISDOCS (PDF), kein XBRL-CSV"
969500X8MO6M37C47827,CON,2025-06-30,geladen,im Parquet
969500X8MO6M37C47827,CON,2025-12-31,nur_pdf,"veröffentlicht nur DISDOCS (PDF), kein XBRL-CSV"
9845006BAF66DZ35C849,CON,2025-12-31,geladen,im Parquet
9845006C7B5CC707X660,CON,2025-06-30,geladen,im Parquet
9845009BE414FBF82130,CON,2025-12-31,geladen,im Parquet
984500ADEE3DE4F14F51,IND,2025-12-31,geladen,im Parquet
984500E4D07499C10435,CON,2025-12-31,geladen,im Parquet
9CZ7TVMR36CYD5TZBS50,CON,2025-06-30,geladen,im Parquet
9CZ7TVMR36CYD5TZBS50,CON,2025-09-30,geladen,im Parquet
9CZ7TVMR36CYD5TZBS50,CON,2025-12-31,geladen,im Parquet
9CZ7TVMR36CYD5TZBS50,CON,2026-03-31,geladen,im Parquet
9KOGW2C2FCIOJQ7FF485,CON,2025-06-30,geladen,im Parquet
9KOGW2C2FCIOJQ7FF485,CON,2025-09-30,geladen,im Parquet
9KOGW2C2FCIOJQ7FF485,CON,2025-12-31,geladen,im Parquet
9KOGW2C2FCIOJQ7FF485,CON,2026-03-31,geladen,im Parquet
9ZHRYM6F437SQJ6OUG95,CON,2025-06-30,geladen,im Parquet
9ZHRYM6F437SQJ6OUG95,CON,2025-09-30,geladen,im Parquet
9ZHRYM6F437SQJ6OUG95,CON,2025-12-31,geladen,im Parquet
9ZHRYM6F437SQJ6OUG95,CON,2026-03-31,nur_pdf,"veröffentlicht nur DISDOCS (PDF), kein XBRL-CSV"
A5GWLFH3KM7YV2SFQL84,CON,2025-06-30,geladen,im Parquet
A5GWLFH3KM7YV2SFQL84,CON,2025-09-30,geladen,im Parquet
A5GWLFH3KM7YV2SFQL84,CON,2025-12-31,geladen,im Parquet
A5GWLFH3KM7YV2SFQL84,CON,2026-03-31,geladen,im Parquet
AT0000000000043000VB,CON,2025-12-31,geladen,im Parquet
B64D6Y3LBJS4ANNPCU93,CON,2025-12-31,geladen,im Parquet
B81CK4ESI35472RHJ606,CON,2026-03-31,geladen,im Parquet
BB3BGO3LCED63R8R9R41,CON,2025-12-31,geladen,im Parquet
BFXS5XCH7N0Y05NIXW11,CON,2025-06-30,geladen,im Parquet
BFXS5XCH7N0Y05NIXW11,CON,2025-09-30,geladen,im Parquet
BFXS5XCH7N0Y05NIXW11,CON,2025-12-31,geladen,im Parquet
BFXS5XCH7N0Y05NIXW11,CON,2026-03-31,geladen,im Parquet
CXUHEGU3MADZ2CEV7C11,CON,2025-12-31,geladen,im Parquet
D1HEB8VEU6D9M8ZUXG17,CON,2025-06-30,geladen,im Parquet
D1HEB8VEU6D9M8ZUXG17,CON,2025-09-30,geladen,im Parquet
D1HEB8VEU6D9M8ZUXG17,CON,2025-12-31,geladen,im Parquet
D1HEB8VEU6D9M8ZUXG17,CON,2026-03-31,geladen,im Parquet
DG3RU1DBUFHT4ZF9WN62,CON,2025-12-31,geladen,im Parquet
DG3RU1DBUFHT4ZF9WN62,CON,2026-03-31,geladen,im Parquet
DIZES5CFO5K3I5R58746,CON,2025-06-30,geladen,im Parquet
DIZES5CFO5K3I5R58746,CON,2025-09-30,geladen,im Parquet
DIZES5CFO5K3I5R58746,CON,2025-12-31,geladen,im Parquet
DIZES5CFO5K3I5R58746,CON,2026-03-31,geladen,im Parquet
DSNHHQ2B9X5N6OUJ1236,CON,2025-12-31,geladen,im Parquet
DSNHHQ2B9X5N6OUJ1236,CON,2026-03-31,geladen,im Parquet
DZZ47B9A52ZJ6LT6VV95,CON,2025-06-30,geladen,im Parquet
DZZ47B9A52ZJ6LT6VV95,CON,2025-09-30,geladen,im Parquet
DZZ47B9A52ZJ6LT6VV95,CON,2025-12-31,geladen,im Parquet
DZZ47B9A52ZJ6LT6VV95,CON,2026-03-31,geladen,im Parquet
EQYXK86SF381Q21S3020,IND,2025-06-30,geladen,im Parquet
EQYXK86SF381Q21S3020,IND,2025-09-30,geladen,im Parquet
EQYXK86SF381Q21S3020,IND,2025-12-31,geladen,im Parquet
EV2XZWMLLXF2QRX0CD47,CON,2025-06-30,geladen,im Parquet
EV2XZWMLLXF2QRX0CD47,CON,2025-09-30,geladen,im Parquet
EV2XZWMLLXF2QRX0CD47,CON,2025-12-31,geladen,im Parquet
EV2XZWMLLXF2QRX0CD47,CON,2026-03-31,geladen,im Parquet
F0HUI1NY1AZMJMD8LP67,CON,2025-06-30,geladen,im Parquet
F0HUI1NY1AZMJMD8LP67,CON,2025-12-31,geladen,im Parquet
F3JS33DEI6XQ4ZBPTN86,CON,2025-06-30,geladen,im Parquet
F3JS33DEI6XQ4ZBPTN86,CON,2025-09-30,geladen,im Parquet
F3JS33DEI6XQ4ZBPTN86,CON,2025-12-31,geladen,im Parquet
F3JS33DEI6XQ4ZBPTN86,CON,2026-03-31,geladen,im Parquet
FR9695005MSX1OYEMGDF,CON,2025-06-30,geladen,im Parquet
FR9695005MSX1OYEMGDF,CON,2025-09-30,geladen,im Parquet
FR9695005MSX1OYEMGDF,CON,2025-12-31,geladen,im Parquet
FR9695005MSX1OYEMGDF,CON,2026-03-31,geladen,im Parquet
FR969500TJ5KRTCJQWXH,CON,2025-06-30,geladen,im Parquet
FR969500TJ5KRTCJQWXH,CON,2025-12-31,geladen,im Parquet
G8ZTNESVNKW4NN761W05,CON,2025-06-30,geladen,im Parquet
G8ZTNESVNKW4NN761W05,CON,2025-12-31,geladen,im Parquet
GDI8P8WHFH4PS5YTU851,CON,2025-06-30,geladen,im Parquet
GDI8P8WHFH4PS5YTU851,CON,2025-12-31,geladen,im Parquet
GP5DT10VX1QRQUKVBK64,CON,2026-03-31,geladen,im Parquet
GTQYZJON3I7SXRNJTT73,IND,2025-12-31,geladen,im Parquet
H0YX5LBGKDVOWCXBZ594,CON,2025-06-30,geladen,im Parquet
H0YX5LBGKDVOWCXBZ594,CON,2025-09-30,geladen,im Parquet
H0YX5LBGKDVOWCXBZ594,CON,2025-12-31,geladen,im Parquet
H0YX5LBGKDVOWCXBZ594,CON,2026-03-31,geladen,im Parquet
H8MIG1MMPR6JXUQVBM04,IND,2025-12-31,geladen,im Parquet
HWIPDOTRM1EKRPKYKH81,IND,2025-12-31,geladen,im Parquet
I6SS27Q1Q3385V753S50,IND,2025-06-30,geladen,im Parquet
I6SS27Q1Q3385V753S50,IND,2025-09-30,geladen,im Parquet
I6SS27Q1Q3385V753S50,IND,2025-12-31,geladen,im Parquet
I6SS27Q1Q3385V753S50,IND,2026-03-31,geladen,im Parquet
I6USJ58BDV2BO5KP3C31,CON,2025-06-30,geladen,im Parquet
I6USJ58BDV2BO5KP3C31,CON,2025-12-31,geladen,im Parquet
I7ETN0QQO2AHZZGHJ389,IND,2025-12-31,geladen,im Parquet
I7ETN0QQO2AHZZGHJ389,IND,2026-03-31,geladen,im Parquet
J48C8PCSJVUBR8KCW529,CON,2025-06-30,geladen,im Parquet
J48C8PCSJVUBR8KCW529,CON,2025-09-30,geladen,im Parquet
J4CP7MHCXR8DAQMKIL78,CON,2025-06-30,geladen,im Parquet
J4CP7MHCXR8DAQMKIL78,CON,2025-09-30,geladen,im Parquet
J4CP7MHCXR8DAQMKIL78,CON,2025-12-31,geladen,im Parquet
J4CP7MHCXR8DAQMKIL78,CON,2026-03-31,geladen,im Parquet
JLS56RAMYQZECFUF2G44,CON,2025-06-30,geladen,im Parquet
JU1U6S0DG9YLT7N8ZV32,CON,2025-06-30,geladen,im Parquet
JU1U6S0DG9YLT7N8ZV32,CON,2025-09-30,geladen,im Parquet
JU1U6S0DG9YLT7N8ZV32,CON,2025-12-31,geladen,im Parquet
K8MS7FD7N5Z2WQ51AZ71,CON,2025-06-30,geladen,im Parquet
K8MS7FD7N5Z2WQ51AZ71,CON,2025-09-30,geladen,im Parquet
K8MS7FD7N5Z2WQ51AZ71,CON,2025-12-31,geladen,im Parquet
K8MS7FD7N5Z2WQ51AZ71,CON,2026-03-31,geladen,im Parquet
KFUXYFTU2LHQFQZDQG45,CON,2025-06-30,geladen,im Parquet
KFUXYFTU2LHQFQZDQG45,CON,2025-09-30,geladen,im Parquet
KFUXYFTU2LHQFQZDQG45,CON,2025-12-31,geladen,im Parquet
KGCEPHLVVKVRZYO1T647,CON,2025-06-30,geladen,im Parquet
KGCEPHLVVKVRZYO1T647,CON,2025-09-30,geladen,im Parquet
KGCEPHLVVKVRZYO1T647,CON,2025-12-31,geladen,im Parquet
KGCEPHLVVKVRZYO1T647,CON,2026-03-31,geladen,im Parquet
KR6LSKV3BTSJRD41IF75,CON,2025-06-30,geladen,im Parquet
KR6LSKV3BTSJRD41IF75,CON,2025-09-30,geladen,im Parquet
KR6LSKV3BTSJRD41IF75,CON,2025-12-31,geladen,im Parquet
KR6LSKV3BTSJRD41IF75,CON,2026-03-31,geladen,im Parquet
KX1WK48MPD4Y2NCUIZ63,CON,2025-06-30,geladen,im Parquet
KX1WK48MPD4Y2NCUIZ63,CON,2025-12-31,geladen,im Parquet
LIU16F6VZJSD6UKHD557,CON,2025-06-30,geladen,im Parquet
LIU16F6VZJSD6UKHD557,CON,2025-09-30,geladen,im Parquet
LIU16F6VZJSD6UKHD557,CON,2025-12-31,geladen,im Parquet
LIU16F6VZJSD6UKHD557,CON,2026-03-31,geladen,im Parquet
LOO0AWXR8GF142JCO404,CON,2025-06-30,geladen,im Parquet
LOO0AWXR8GF142JCO404,CON,2025-09-30,geladen,im Parquet
LOO0AWXR8GF142JCO404,CON,2025-12-31,geladen,im Parquet
M312WZV08Y7LYUC71685,CON,2025-06-30,geladen,im Parquet
M312WZV08Y7LYUC71685,CON,2025-09-30,geladen,im Parquet
M312WZV08Y7LYUC71685,CON,2025-12-31,geladen,im Parquet
M312WZV08Y7LYUC71685,CON,2026-03-31,geladen,im Parquet
M6AD1Y1KW32H8THQ6F76,CON,2025-06-30,geladen,im Parquet
M6AD1Y1KW32H8THQ6F76,CON,2025-09-30,geladen,im Parquet
MAES062Z21O4RZ2U7M96,CON,2025-06-30,geladen,im Parquet
MAES062Z21O4RZ2U7M96,CON,2025-09-30,geladen,im Parquet
MAES062Z21O4RZ2U7M96,CON,2025-12-31,geladen,im Parquet
MAES062Z21O4RZ2U7M96,CON,2026-03-31,geladen,im Parquet
MKP1B7E76TN04CD85Z79,CON,2025-06-30,geladen,im Parquet
MKP1B7E76TN04CD85Z79,CON,2025-12-31,geladen,im Parquet
MMYX0N4ZEZ13Z4XCG897,IND,2025-06-30,geladen,im Parquet
MMYX0N4ZEZ13Z4XCG897,IND,2025-09-30,geladen,im Parquet
MMYX0N4ZEZ13Z4XCG897,IND,2025-12-31,geladen,im Parquet
N1FBEDJ5J41VKZLO2475,CON,2025-06-30,geladen,im Parquet
N1FBEDJ5J41VKZLO2475,CON,2025-09-30,geladen,im Parquet
N1FBEDJ5J41VKZLO2475,CON,2025-12-31,geladen,im Parquet
N4JDFKKH2FTD8RKFXO39,CON,2025-06-30,geladen,im Parquet
N4JDFKKH2FTD8RKFXO39,CON,2025-09-30,geladen,im Parquet
N4JDFKKH2FTD8RKFXO39,CON,2025-12-31,geladen,im Parquet
N4JDFKKH2FTD8RKFXO39,CON,2026-03-31,geladen,im Parquet
N747OI7JINV7RUUH6190,CON,2025-06-30,geladen,im Parquet
N747OI7JINV7RUUH6190,CON,2025-09-30,geladen,im Parquet
N747OI7JINV7RUUH6190,CON,2025-12-31,geladen,im Parquet
NHBDILHZTYCNBV5UYZ31,CON,2025-06-30,geladen,im Parquet
NHBDILHZTYCNBV5UYZ31,CON,2025-09-30,geladen,im Parquet
NHBDILHZTYCNBV5UYZ31,CON,2025-12-31,geladen,im Parquet
NHBDILHZTYCNBV5UYZ31,CON,2026-03-31,geladen,im Parquet
NICH5Q04ADUV9SN3Q390,CON,2025-06-30,geladen,im Parquet
NICH5Q04ADUV9SN3Q390,CON,2025-12-31,geladen,im Parquet
NMH2KF074RKAGTH4CM63,CON,2025-06-30,geladen,im Parquet
NMH2KF074RKAGTH4CM63,CON,2025-09-30,geladen,im Parquet
NMH2KF074RKAGTH4CM63,CON,2025-12-31,geladen,im Parquet
NMH2KF074RKAGTH4CM63,CON,2026-03-31,geladen,im Parquet
NNVPP80YIZGEY2314M97,CON,2025-06-30,geladen,im Parquet
NNVPP80YIZGEY2314M97,CON,2025-09-30,geladen,im Parquet
NNVPP80YIZGEY2314M97,CON,2025-12-31,geladen,im Parquet
NNVPP80YIZGEY2314M97,CON,2026-03-31,geladen,im Parquet
O2RNE8IBXP4R0TD8PU41,CON,2025-06-30,geladen,im Parquet
O2RNE8IBXP4R0TD8PU41,CON,2025-09-30,geladen,im Parquet
O2RNE8IBXP4R0TD8PU41,CON,2025-12-31,geladen,im Parquet
O2RNE8IBXP4R0TD8PU41,CON,2026-03-31,geladen,im Parquet
P4GTT6GF1W40CVIMFR43,CON,2025-06-30,geladen,im Parquet
P4GTT6GF1W40CVIMFR43,CON,2025-09-30,geladen,im Parquet
P4GTT6GF1W40CVIMFR43,CON,2025-12-31,geladen,im Parquet
P4GTT6GF1W40CVIMFR43,CON,2026-03-31,geladen,im Parquet
PQOH26KWDF7CG10L6792,CON,2025-06-30,geladen,im Parquet
PQOH26KWDF7CG10L6792,CON,2025-09-30,geladen,im Parquet
PRNXTNXHBI0TSY1V8P17,CON,2025-06-30,geladen,im Parquet
PRNXTNXHBI0TSY1V8P17,CON,2025-09-30,geladen,im Parquet
PRNXTNXHBI0TSY1V8P17,CON,2025-12-31,geladen,im Parquet
PRNXTNXHBI0TSY1V8P17,CON,2026-03-31,geladen,im Parquet
PSNL19R2RXX5U3QWHI44,CON,2025-06-30,geladen,im Parquet
PSNL19R2RXX5U3QWHI44,CON,2025-09-30,geladen,im Parquet
PSNL19R2RXX5U3QWHI44,IND,2025-12-31,geladen,im Parquet
PWEFG14QWWESISQ84C69,CON,2025-12-31,geladen,im Parquet
Q5BP2UEQ48R75BOTCB92,CON,2025-06-30,geladen,im Parquet
Q5BP2UEQ48R75BOTCB92,CON,2025-12-31,geladen,im Parquet
QS3ZEAHRBZY9228Z0111,IND,2025-12-31,geladen,im Parquet
R0MUWSFPU8MPRO8K5P83,CON,2025-06-30,geladen,im Parquet
R0MUWSFPU8MPRO8K5P83,CON,2025-09-30,geladen,im Parquet
R0MUWSFPU8MPRO8K5P83,CON,2025-12-31,geladen,im Parquet
R0MUWSFPU8MPRO8K5P83,CON,2026-03-31,geladen,im Parquet
R1IO4YJ0O79SMWVCHB58,IND,2025-12-31,geladen,im Parquet
R7CQUF1DQM73HUTV1078,IND,2025-06-30,geladen,im Parquet
R7CQUF1DQM73HUTV1078,IND,2025-09-30,geladen,im Parquet
R7CQUF1DQM73HUTV1078,IND,2025-12-31,geladen,im Parquet
RG3IZJKPYQ4H6IQPIC08,IND,2025-06-30,geladen,im Parquet
RG3IZJKPYQ4H6IQPIC08,IND,2025-12-31,geladen,im Parquet
RRUN0TCQ1K2JDV7MXO75,CON,2025-06-30,geladen,im Parquet
RRUN0TCQ1K2JDV7MXO75,CON,2025-12-31,geladen,im Parquet
RUOKPID0PZ0UWJYU9J61,CON,2025-10-31,geladen,im Parquet
RY3KI4Q2655O2GIL8D68,CON,2025-12-31,geladen,im Parquet
SI5RG2M0WQQLZCXKRM20,CON,2025-06-30,geladen,im Parquet
SI5RG2M0WQQLZCXKRM20,CON,2025-09-30,geladen,im Parquet
SI5RG2M0WQQLZCXKRM20,CON,2025-12-31,geladen,im Parquet
SI5RG2M0WQQLZCXKRM20,CON,2026-03-31,geladen,im Parquet
SX0CI4F7GVW5530ZMN03,IND,2025-12-31,geladen,im Parquet
TO822O0VT80V06K0FH57,CON,2025-12-31,geladen,im Parquet
TPS0Q8GFSZF45ZZFL873,CON,2025-12-31,geladen,im Parquet
TUKDD90GPC79G1KOE162,CON,2025-06-30,geladen,im Parquet
TUKDD90GPC79G1KOE162,CON,2025-09-30,geladen,im Parquet
TUKDD90GPC79G1KOE162,CON,2025-12-31,geladen,im Parquet
UAIAINAJ28P30E5GWE37,CON,2025-06-30,geladen,im Parquet
UAIAINAJ28P30E5GWE37,CON,2025-12-31,geladen,im Parquet
UI802FYJ52XDB7N4KN18,CON,2025-06-30,geladen,im Parquet
UI802FYJ52XDB7N4KN18,CON,2025-12-31,geladen,im Parquet
VDYMYTQGZZ6DU0912C88,CON,2025-06-30,geladen,im Parquet
VDYMYTQGZZ6DU0912C88,CON,2025-09-30,geladen,im Parquet
VDYMYTQGZZ6DU0912C88,CON,2025-12-31,geladen,im Parquet
VDYMYTQGZZ6DU0912C88,CON,2026-03-31,geladen,im Parquet
VWMYAEQSTOPNV0SUGU82,CON,2025-06-30,geladen,im Parquet
VWMYAEQSTOPNV0SUGU82,CON,2025-12-31,geladen,im Parquet
VWMYAEQSTOPNV0SUGU82,CON,2026-03-31,geladen,im Parquet
XLEZHWWOI4HFQDGL4793,CON,2025-09-30,geladen,im Parquet
XLEZHWWOI4HFQDGL4793,CON,2025-12-31,geladen,im Parquet
XLEZHWWOI4HFQDGL4793,CON,2026-03-31,geladen,im Parquet
XTC5E2QFTEF0435JWL77,CON,2025-12-31,geladen,im Parquet
Y28RT6GGYJ696PMW8T44,CON,2025-12-31,geladen,im Parquet
Y28RT6GGYJ696PMW8T44,CON,2026-03-31,geladen,im Parquet
