lei,bank_name,country,scope,modul,refPeriod,fassung,ts_alt,ts_neu,abstand_tage,latenzklasse,art,n_fakten_alt,n_fakten_neu,n_nur_neu,n_nur_alt,n_wert_geaendert,n_kennzahl_beruehrt,n_guenstiger,n_unguenstiger,gesamturteil
1FOLRR5RWTWWI397R131,Aktiebolaget Svensk Exportkredit,Sweden,IND,020000,2025-06-30,1,20260409113127000,20260527103127099,47.9583,ueber_30t,kuerzung,1419,1405,0,14,0,0,0,0,kennzahl_unberuehrt
1FOLRR5RWTWWI397R131,Aktiebolaget Svensk Exportkredit,Sweden,IND,020000,2025-06-30,2,20260527103127099,20260529011232000,1.6119,unter_7t,vervollstaendigung,1405,1458,53,0,0,0,0,0,kennzahl_unberuehrt
1FOLRR5RWTWWI397R131,Aktiebolaget Svensk Exportkredit,Sweden,IND,020000,2025-12-31,1,20260513085118000,20260521070928002,7.9293,unter_30t,wertkorrektur,1283,1281,48,50,9,0,0,0,kennzahl_unberuehrt
2138007F5HA5FFJROB80,"Akciju sabiedrība ""Rietumu Banka""",Latvia,CON,020000,2025-12-31,1,20260522170313364,20260527125254835,4.8262,unter_7t,wertkorrektur,214,279,65,0,151,17,0,0,ohne_richtung
2138007JGI1M5YF7FJ53,Frøs Sparekasse,Denmark,CON,020000,2025-12-31,1,20260310124501716,20260324114906012,13.9612,unter_30t,wertkorrektur,161,291,130,0,141,35,5,5,gemischt
2138009Y59EAR7H1UO97,"Akciju sabiedrība ""Citadele banka""",Latvia,CON,020000,2025-12-31,1,20260320163400100,20260415141500100,25.9035,unter_30t,wertkorrektur,1598,1598,0,0,42,1,1,0,guenstiger
2594000ZNGGQZXZKXH36,VELOBANK SA,Poland,CON,020000,2025-12-31,1,20260427184042133,20260428120911090,0.7281,unter_1t,inhaltsgleich,143,143,0,0,0,0,0,0,kennzahl_unberuehrt
259400DZXF7UJKK2AY35,mBank S.A.,Poland,CON,020000,2025-06-30,1,20260417113951967,20260512172019024,25.2364,unter_30t,wertkorrektur,2515,2515,0,0,235,0,0,0,kennzahl_unberuehrt
259400DZXF7UJKK2AY35,mBank S.A.,Poland,CON,020000,2025-09-30,1,20260402125514225,20260513172257658,41.1859,ueber_30t,wertkorrektur,450,450,0,0,148,0,0,0,kennzahl_unberuehrt
259400OFDZ9KPZEO8K78,BANK MILLENNIUM SA,Poland,CON,020000,2025-06-30,1,20260522105243393,20260617210234978,26.4235,unter_30t,wertkorrektur,464,649,187,2,85,2,0,0,ohne_richtung
3157002JBFAI478MD587,"Tatra banka, a.s.",Slovakia,CON,020000,2025-12-31,1,20260327075344068,20260327081044159,0.0118,unter_1h,inhaltsgleich,3666,3666,0,0,0,0,0,0,kennzahl_unberuehrt
3157002JBFAI478MD587,"Tatra banka, a.s.",Slovakia,CON,020100,2026-03-31,1,20260608132350232,20260608132828133,0.0032,unter_1h,inhaltsgleich,531,531,0,0,0,0,0,0,kennzahl_unberuehrt
3157002JBFAI478MD587,"Tatra banka, a.s.",Slovakia,CON,020100,2026-03-31,2,20260608132828133,20260611130356218,2.983,unter_7t,wertkorrektur,531,572,41,0,18,0,0,0,kennzahl_unberuehrt
391200EEGLNXBBCVKC73,Erwerbsgesellschaft der S-Finanzgruppe mbH & Co. KG,Germany,CON,020000,2025-06-30,1,20260409121030456,20260507134230451,28.0639,unter_30t,wertkorrektur,149,149,0,0,131,31,0,0,ohne_richtung
529900BI5KIGX6YLX375,Oberösterreichische Landesbank Aktiengesellschaft,Austria,CON,020000,2025-12-31,1,20260622010659296,20260625020602298,3.041,unter_7t,inhaltsgleich,585,585,0,0,0,0,0,0,kennzahl_unberuehrt
529900D5G4V6THXC5P79,Hrvatska poštanska banka d.d.,Croatia,IND,020000,2025-06-30,1,20260526142839877,20260529090444914,2.7751,unter_7t,wertkorrektur,2099,2099,0,0,2,0,0,0,kennzahl_unberuehrt
529900D5G4V6THXC5P79,Hrvatska poštanska banka d.d.,Croatia,IND,020000,2025-12-31,1,20260601145504794,20260610164015412,9.073,unter_30t,wertkorrektur,2391,2390,0,1,7,0,0,0,kennzahl_unberuehrt
529900DEAYRUPP22B339,Mercedes-Benz Bank AG,Germany,CON,020000,2025-12-31,1,20260625135928877,20260629103530261,3.8584,unter_7t,kuerzung,155,142,0,13,0,0,0,0,kennzahl_unberuehrt
529900DSIVJWCUQUMP41,AKA Ausfuhrkredit-Gesellschaft mit beschränkter Haftung,Germany,IND,020000,2025-12-31,1,20260514205629258,20260518152353010,3.769,unter_7t,wertkorrektur,180,175,0,5,4,0,0,0,kennzahl_unberuehrt
529900GGYMNGRQTDOO93,BNG Bank N.V.,Netherlands,CON,020000,2025-12-31,1,20260414075948000,20260610110424000,57.1282,ueber_30t,wertkorrektur,629,958,373,44,47,4,2,0,guenstiger
529900HEKOENJHPNN480,Kuntarahoitus Oyj,Finland,CON,020000,2025-06-30,1,20251230173243966,20260219131450166,50.8209,ueber_30t,wertkorrektur,913,913,0,0,6,0,0,0,kennzahl_unberuehrt
529900HEKOENJHPNN480,Kuntarahoitus Oyj,Finland,CON,020000,2025-06-30,2,20260219131450166,20260604144442424,105.0624,ueber_30t,wertkorrektur,913,736,0,177,550,35,0,0,ohne_richtung
529900HEKOENJHPNN480,Kuntarahoitus Oyj,Finland,CON,020000,2025-12-31,1,20260331155243945,20260610155003335,70.9981,ueber_30t,wertkorrektur,1039,997,9,51,840,34,0,0,ohne_richtung
529900J35NSHS856UA68,Sparekassen Kronjylland,Denmark,CON,020000,2025-12-31,1,20260217104935104,20260217115919092,0.0484,unter_1t,inhaltsgleich,287,287,0,0,0,0,0,0,kennzahl_unberuehrt
529900K16YGKC8BES892,Deutsche Kreditbank Aktiengesellschaft,Germany,IND,020000,2025-12-31,1,20260331150627597,20260414102527870,13.8049,unter_30t,wertkorrektur,1909,1903,2,8,10,0,0,0,kennzahl_unberuehrt
529900OE1FOAM50XLP72,Liechtensteinische Landesbank AG,Liechtenstein,CON,020000,2025-06-30,1,20260615130806077,20260618102249215,2.8852,unter_7t,umbau,168,171,6,3,0,0,0,0,kennzahl_unberuehrt
529900OE1FOAM50XLP72,Liechtensteinische Landesbank AG,Liechtenstein,CON,020000,2025-06-30,2,20260618102249215,20260622095846572,3.9833,unter_7t,wertkorrektur,171,170,0,1,57,21,0,0,ohne_richtung
529900OKPZTTS50FXP26,Advanzia Bank S.A.,Luxembourg,IND,020000,2025-12-31,1,20260225014204000,20260225023418000,0.0363,unter_1h,vervollstaendigung,401,428,27,0,0,0,0,0,kennzahl_unberuehrt
529900OKPZTTS50FXP26,Advanzia Bank S.A.,Luxembourg,IND,020000,2025-12-31,2,20260225023418000,20260305085818000,8.2667,unter_30t,inhaltsgleich,428,428,0,0,0,0,0,0,kennzahl_unberuehrt
529900QYEJ2GYSWK1F08,RLB-Stmk Verbund eGen,Austria,CON,020000,2025-06-30,1,20260217020210200,20260227020204982,9.9999,unter_30t,wertkorrektur,109,109,0,0,34,0,0,0,kennzahl_unberuehrt
529900SEFOTJH1MLGZ92,Lægernes Bank A/S,Denmark,IND,020000,2025-12-31,1,20260626132509000,20260630130157000,3.9839,unter_7t,vervollstaendigung,195,366,171,0,0,0,0,0,kennzahl_unberuehrt
529900SXEWPJ1MRRX537,Raiffeisen-Holding Niederösterreich-Wien registrierte Genossenschaft mit beschränkter Haftung,Austria,CON,020000,2025-12-31,1,20260508030502204,20260508120557213,0.3756,unter_1t,inhaltsgleich,2559,2559,0,0,0,0,0,0,kennzahl_unberuehrt
529900T32UL0CP1FZA06,ALLIANZ BANK FINANCIAL ADVISORS S.P.A.,Italy,CON,020000,2025-12-31,1,20260603152001543,20260617165429429,14.0656,unter_30t,vervollstaendigung,30,112,82,0,0,0,0,0,kennzahl_unberuehrt
529900TDG1TFZM39SF37,Baader Beteiligungs GmbH,Germany,CON,020000,2025-12-31,1,20260623173554004,20260625103903836,1.7105,unter_7t,inhaltsgleich,415,415,0,0,0,0,0,0,kennzahl_unberuehrt
529900TDG1TFZM39SF37,Baader Beteiligungs GmbH,Germany,CON,020000,2025-12-31,2,20260625103903836,20260625133738897,0.124,unter_1t,kuerzung,415,414,0,1,0,0,0,0,kennzahl_unberuehrt
529900UHDH7QLRMEJQ86,Sigma Bank AG,Liechtenstein,CON,020000,2025-12-31,1,20260619133205976,20260629091419243,9.821,unter_30t,wertkorrektur,184,187,3,0,8,0,0,0,kennzahl_unberuehrt
529900VVDOKMRRAHZ894,Bank GPB International S.A.,Luxembourg,IND,020000,2025-12-31,1,20260505165626496,20260617150025840,42.9194,ueber_30t,wertkorrektur,2560,2560,0,0,12,0,0,0,kennzahl_unberuehrt
529900W3MOO00A18X956,OTP-csoport,Hungary,CON,020000,2025-06-30,1,20260115170533079,20260305142600494,48.8892,ueber_30t,vervollstaendigung,0,1284,1284,0,0,34,0,0,ohne_richtung
529900W3MOO00A18X956,OTP-csoport,Hungary,CON,020000,2025-06-30,2,20260305142600494,20260305142600495,0.0,unter_1h,inhaltsgleich,1284,1284,0,0,0,0,0,0,kennzahl_unberuehrt
529900W3MOO00A18X956,OTP-csoport,Hungary,CON,020000,2025-09-30,1,20260305143038739,20260305163008176,0.083,unter_1t,wertkorrektur,635,641,6,0,45,25,0,0,ohne_richtung
529900W3MOO00A18X956,OTP-csoport,Hungary,CON,020000,2025-09-30,2,20260305163008176,20260305170711631,0.0257,unter_1h,kuerzung,641,470,0,171,0,0,0,0,kennzahl_unberuehrt
529900W3MOO00A18X956,OTP-csoport,Hungary,CON,020000,2025-09-30,3,20260305170711631,20260305174100198,0.0235,unter_1h,vervollstaendigung,470,490,20,0,0,0,0,0,kennzahl_unberuehrt
529900W3MOO00A18X956,OTP-csoport,Hungary,CON,020000,2025-09-30,4,20260305174100198,20260305175850877,0.0124,unter_1h,wertkorrektur,490,490,0,0,2,0,0,0,kennzahl_unberuehrt
529900W3MOO00A18X956,OTP-csoport,Hungary,CON,020000,2025-09-30,5,20260305175850877,20260305175850878,0.0,unter_1h,inhaltsgleich,490,490,0,0,0,0,0,0,kennzahl_unberuehrt
529900W3MOO00A18X956,OTP-csoport,Hungary,CON,020000,2025-12-31,1,20260416114503461,20260416114503462,0.0,unter_1h,inhaltsgleich,3186,3186,0,0,0,0,0,0,kennzahl_unberuehrt
529900XSTAE561178282,Raiffeisenbankengruppe OÖ Verbund eGen,Austria,CON,020000,2025-06-30,1,20260306110330560,20260306110330561,0.0,unter_1h,wertkorrektur,3134,3134,0,0,1,0,0,0,kennzahl_unberuehrt
529900XSTAE561178282,Raiffeisenbankengruppe OÖ Verbund eGen,Austria,CON,020000,2025-06-30,2,20260306110330561,20260306110330697,0.0,unter_1h,wertkorrektur,3134,3137,4,1,139,0,0,0,kennzahl_unberuehrt
529900XSTAE561178282,Raiffeisenbankengruppe OÖ Verbund eGen,Austria,CON,020000,2025-09-30,1,20260213040244503,20260213040244859,0.0,unter_1h,wertkorrektur,461,465,4,0,8,0,0,0,kennzahl_unberuehrt
529900XSTAE561178282,Raiffeisenbankengruppe OÖ Verbund eGen,Austria,CON,020000,2025-12-31,1,20260504020547614,20260504020547669,0.0,unter_1h,wertkorrektur,3965,3965,0,0,2,0,0,0,kennzahl_unberuehrt
5493000LKS7B3UTF7H35,Bank Polska Kasa Opieki S.A.,Poland,CON,020000,2025-12-31,1,20260219100614315,20260219100614316,0.0,unter_1h,inhaltsgleich,4226,4226,0,0,0,0,0,0,kennzahl_unberuehrt
5493002DPKDEC2JN1Y86,Sparekassen Sjælland-Fyn A/S,Denmark,CON,020000,2025-12-31,1,20260610084430728,20260610084630728,0.0014,unter_1h,vervollstaendigung,2273,2378,105,0,0,0,0,0,kennzahl_unberuehrt
5493002DPKDEC2JN1Y86,Sparekassen Sjælland-Fyn A/S,Denmark,CON,020000,2025-12-31,2,20260610084630728,20260615104830000,5.0847,unter_7t,wertkorrektur,2378,2410,34,2,205,29,8,18,gemischt
5493002DPKDEC2JN1Y86,Sparekassen Sjælland-Fyn A/S,Denmark,CON,020000,2025-12-31,3,20260615104830000,20260615145930000,0.1743,unter_1t,wertkorrektur,2410,2438,29,1,23,0,0,0,kennzahl_unberuehrt
5493006QMFDDMYWIAM13,"Banco Santander, S.A.",Spain,CON,020000,2025-09-30,1,20260130114732341,20260325114732341,54.0,ueber_30t,inhaltsgleich,605,605,0,0,0,0,0,0,kennzahl_unberuehrt
5493006QMFDDMYWIAM13,"Banco Santander, S.A.",Spain,CON,020100,2026-03-31,1,20260522094247803,20260528040307137,5.7641,unter_7t,wertkorrektur,628,628,0,0,3,3,0,0,ohne_richtung
5493007BWYDPQZLZ0Y27,HYPO NOE Landesbank für Niederösterreich und Wien AG,Austria,CON,020000,2025-12-31,1,20260430090000000,20260512060000000,11.875,unter_30t,wertkorrektur,3032,3036,92,88,8,0,0,0,kennzahl_unberuehrt
5493007S4JE930SIUE86,ING Holding Deutschland GmbH,Germany,CON,020000,2025-12-31,1,20260619103101151,20260622172438895,3.2872,unter_7t,umbau,1778,1803,39,14,0,0,0,0,kennzahl_unberuehrt
5493007S4JE930SIUE86,ING Holding Deutschland GmbH,Germany,CON,020000,2025-12-31,2,20260622172438895,20260630155100999,7.935,unter_30t,vervollstaendigung,1803,1805,2,0,0,0,0,0,kennzahl_unberuehrt
5493008QRHH0XCLJ4238,BRD-Groupe Société Générale SA,Romania,CON,020000,2025-06-30,1,20251212090141355,20260130132448894,49.1827,ueber_30t,umbau,1264,1386,131,9,0,0,0,0,kennzahl_unberuehrt
5493008QRHH0XCLJ4238,BRD-Groupe Société Générale SA,Romania,CON,020000,2025-09-30,1,20260121135827890,20260130110659652,8.8809,unter_30t,inhaltsgleich,426,426,0,0,0,0,0,0,kennzahl_unberuehrt
5493009EIBTCB1X12G89,LGT Group Foundation,Liechtenstein,CON,020000,2025-06-30,1,20260624144225554,20260624150905704,0.0185,unter_1h,inhaltsgleich,152,152,0,0,0,0,0,0,kennzahl_unberuehrt
5493009EIBTCB1X12G89,LGT Group Foundation,Liechtenstein,CON,020000,2025-06-30,2,20260624150905704,20260624151000000,0.0006,unter_1h,inhaltsgleich,152,152,0,0,0,0,0,0,kennzahl_unberuehrt
5493009EIBTCB1X12G89,LGT Group Foundation,Liechtenstein,CON,020000,2025-12-31,1,20260626221312219,20260626232322342,0.0487,unter_1t,wertkorrektur,2279,2583,304,0,4,4,0,0,ohne_richtung
549300C6TUMDXNOVXS82,Länsförsäkringar Bank AB - gruppen,Sweden,CON,020100,2026-03-31,1,20260427135928036,20260427152528036,0.0597,unter_1t,inhaltsgleich,476,476,0,0,0,0,0,0,kennzahl_unberuehrt
549300CQ9NLEHMRCU505,"Cecabank, S.A.",Spain,IND,020000,2025-12-31,1,20260420112301490,20260422122334173,2.042,unter_7t,wertkorrektur,308,307,7,8,4,0,0,0,kennzahl_unberuehrt
549300DYPOFMXOR7XM56,Crelan,Belgium,CON,020000,2025-06-30,1,20260107033938222,20260513041605110,126.0253,ueber_30t,wertkorrektur,2196,2188,1,9,123,8,0,8,unguenstiger
549300GKFG0RYRRQ1414,DNB BANK ASA,Norway,CON,020100,2026-03-31,1,20260511210000002,20260602123400002,21.6486,unter_30t,vervollstaendigung,523,528,5,0,0,0,0,0,kennzahl_unberuehrt
549300HFEHJOXGE4ZE63,SFIL S.A.,France,CON,020000,2025-06-30,1,20260130115151553,20260211172641239,12.2325,unter_30t,wertkorrektur,2279,2269,0,10,46,3,0,0,ohne_richtung
549300HFEHJOXGE4ZE63,SFIL S.A.,France,CON,020100,2026-03-31,1,20260526142615870,20260603105838942,7.8558,unter_30t,wertkorrektur,533,533,0,0,19,1,0,1,unguenstiger
549300ND1MQ8SNNYMJ22,AS SEB Pank,Estonia,CON,020000,2025-12-31,1,20260331090325373,20260424040440735,23.7925,unter_30t,wertkorrektur,916,866,0,50,71,0,0,0,kennzahl_unberuehrt
549300NYKK9MWM7GGW15,ING Groep N.V.,Netherlands,CON,020000,2025-09-30,1,20260219151102529,20260219151102530,0.0,unter_1h,inhaltsgleich,684,684,0,0,0,0,0,0,kennzahl_unberuehrt
549300O2UN9JLME31F08,UniCredit Banka Slovenija d.d.,Slovenia,IND,020000,2025-12-31,1,20260603103100000,20260603110500000,0.0236,unter_1h,inhaltsgleich,771,771,0,0,0,0,0,0,kennzahl_unberuehrt
549300O2UN9JLME31F08,UniCredit Banka Slovenija d.d.,Slovenia,IND,020000,2025-12-31,2,20260603110500000,20260603111500000,0.0069,unter_1h,kuerzung,771,758,0,13,0,0,0,0,kennzahl_unberuehrt
549300O2UN9JLME31F08,UniCredit Banka Slovenija d.d.,Slovenia,IND,020000,2025-12-31,3,20260603111500000,20260603113200000,0.0118,unter_1h,inhaltsgleich,758,758,0,0,0,0,0,0,kennzahl_unberuehrt
549300O2UN9JLME31F08,UniCredit Banka Slovenija d.d.,Slovenia,IND,020000,2025-12-31,4,20260603113200000,20260603120300000,0.0215,unter_1h,vervollstaendigung,758,771,13,0,0,0,0,0,kennzahl_unberuehrt
549300O2UN9JLME31F08,UniCredit Banka Slovenija d.d.,Slovenia,IND,020000,2025-12-31,5,20260603120300000,20260603132900000,0.0597,unter_1t,inhaltsgleich,771,771,0,0,0,0,0,0,kennzahl_unberuehrt
549300OMTXWX1144LP69,"Akciju sabiedrība ""Reģionālā investīciju banka""",Latvia,IND,020000,2025-12-31,1,20260330161724000,20260410161724000,11.0,unter_30t,inhaltsgleich,134,134,0,0,0,0,0,0,kennzahl_unberuehrt
549300PZMFIQR79Q0T97,Íslandsbanki hf.,Iceland,CON,020000,2025-12-31,1,20260220104744159,20260223160333586,3.2193,unter_7t,wertkorrektur,2678,2678,0,0,2,0,0,0,kennzahl_unberuehrt
549300PZMFIQR79Q0T97,Íslandsbanki hf.,Iceland,CON,020100,2026-03-31,1,20260507101345484,20260507101345485,0.0,unter_1h,inhaltsgleich,470,470,0,0,0,0,0,0,kennzahl_unberuehrt
549300S2T3FWVVXWJI89,"Slovenská sporiteľňa, a.s.",Slovakia,CON,020000,2025-06-30,1,20260327165745580,20260327180053210,0.0438,unter_1t,inhaltsgleich,2735,2735,0,0,0,0,0,0,kennzahl_unberuehrt
549300S2T3FWVVXWJI89,"Slovenská sporiteľňa, a.s.",Slovakia,CON,020000,2025-06-30,2,20260327180053210,20260330100352579,2.6687,unter_7t,wertkorrektur,2735,2718,0,17,1179,26,0,0,ohne_richtung
549300S2T3FWVVXWJI89,"Slovenská sporiteľňa, a.s.",Slovakia,CON,020000,2025-06-30,3,20260330100352579,20260330105509793,0.0356,unter_1h,wertkorrektur,2718,2718,0,0,2,0,0,0,kennzahl_unberuehrt
549300S2T3FWVVXWJI89,"Slovenská sporiteľňa, a.s.",Slovakia,CON,020100,2026-03-31,1,20260429140301044,20260430125649807,0.954,unter_1t,inhaltsgleich,683,683,0,0,0,0,0,0,kennzahl_unberuehrt
549300S2T3FWVVXWJI89,"Slovenská sporiteľňa, a.s.",Slovakia,CON,020100,2026-03-31,2,20260430125649807,20260430133447920,0.0264,unter_1h,inhaltsgleich,683,683,0,0,0,0,0,0,kennzahl_unberuehrt
549300S2T3FWVVXWJI89,"Slovenská sporiteľňa, a.s.",Slovakia,CON,020100,2026-03-31,3,20260430133447920,20260430135814565,0.0163,unter_1h,inhaltsgleich,683,683,0,0,0,0,0,0,kennzahl_unberuehrt
549300TJREQ7GHIXWR36,Swedbank Hypotek AB,Sweden,IND,020000,2025-06-30,1,20260306111601456,20260316171602789,10.25,unter_30t,vervollstaendigung,620,628,8,0,0,0,0,0,kennzahl_unberuehrt
549300TL5406IC1XKD09,Saxo Bank A/S,Denmark,CON,020000,2025-12-31,1,20260501091555000,20260504092754000,3.0083,unter_7t,vervollstaendigung,1745,1780,35,0,0,0,0,0,kennzahl_unberuehrt
549300UY81ESCZJ0GR95,First Investment Bank,Bulgaria,CON,020000,2025-09-30,1,20260224152720617,20260225155807621,1.0214,unter_7t,inhaltsgleich,413,413,0,0,0,0,0,0,kennzahl_unberuehrt
549300UY81ESCZJ0GR95,First Investment Bank,Bulgaria,CON,020000,2025-09-30,2,20260225155807621,20260327150238084,29.9615,unter_30t,inhaltsgleich,413,413,0,0,0,0,0,0,kennzahl_unberuehrt
549300UY81ESCZJ0GR95,First Investment Bank,Bulgaria,CON,020000,2025-09-30,3,20260327150238084,20260327160829155,0.0457,unter_1t,inhaltsgleich,413,413,0,0,0,0,0,0,kennzahl_unberuehrt
549300UY81ESCZJ0GR95,First Investment Bank,Bulgaria,CON,020000,2025-09-30,4,20260327160829155,20260331132431347,3.8861,unter_7t,inhaltsgleich,413,413,0,0,0,0,0,0,kennzahl_unberuehrt
549300VRM6G42M8OWN49,Sparebank 1 Østlandet,Norway,CON,020000,2025-06-30,1,20260122091000001,20260122091000002,0.0,unter_1h,inhaltsgleich,36,36,0,0,0,0,0,0,kennzahl_unberuehrt
549300VRM6G42M8OWN49,Sparebank 1 Østlandet,Norway,CON,020000,2025-06-30,2,20260122091000002,20260203095100004,12.0285,unter_30t,inhaltsgleich,36,36,0,0,0,0,0,0,kennzahl_unberuehrt
549300WDT1HWUMTUW770,Standard Chartered Bank AG,Germany,IND,020000,2025-12-31,1,20260211164552473,20260212132401047,0.8598,unter_1t,wertkorrektur,294,294,0,0,8,0,0,0,kennzahl_unberuehrt
549300WDT1HWUMTUW770,Standard Chartered Bank AG,Germany,IND,020000,2025-12-31,2,20260212132401047,20260630114947698,137.9346,ueber_30t,wertkorrektur,294,321,36,9,144,14,3,11,gemischt
549300XGJX6FOWLOI640,FIDEURAM - INTESA SANPAOLO PRIVATE BANKING S.P.A.,Italy,IND,020000,2025-12-31,1,20260522124952390,20260526124057309,3.9938,unter_7t,wertkorrektur,1010,1010,0,0,788,0,0,0,kennzahl_unberuehrt
549300Z7V2WOFIMUEK50,UniCredit Bulbank AD,Bulgaria,CON,020000,2025-06-30,1,20260224144756095,20260224150601181,0.0126,unter_1h,wertkorrektur,106,115,9,0,27,12,0,0,ohne_richtung
549300Z7V2WOFIMUEK50,UniCredit Bulbank AD,Bulgaria,CON,020000,2025-06-30,2,20260224150601181,20260226095026284,1.7808,unter_7t,vervollstaendigung,115,195,80,0,0,14,0,0,ohne_richtung
549300Z7V2WOFIMUEK50,UniCredit Bulbank AD,Bulgaria,CON,020000,2025-06-30,3,20260226095026284,20260226110033729,0.0487,unter_1t,inhaltsgleich,195,195,0,0,0,0,0,0,kennzahl_unberuehrt
549300Z7V2WOFIMUEK50,UniCredit Bulbank AD,Bulgaria,CON,020000,2025-06-30,4,20260226110033729,20260226113659115,0.0253,unter_1h,wertkorrektur,195,106,0,89,27,26,0,0,ohne_richtung
549300Z7V2WOFIMUEK50,UniCredit Bulbank AD,Bulgaria,CON,020000,2025-06-30,5,20260226113659115,20260226125419898,0.0537,unter_1t,wertkorrektur,106,195,89,0,27,26,0,0,ohne_richtung
549300Z7V2WOFIMUEK50,UniCredit Bulbank AD,Bulgaria,CON,020000,2025-06-30,6,20260226125419898,20260226131653143,0.0157,unter_1h,wertkorrektur,195,117,0,78,63,28,9,5,gemischt
549300Z7V2WOFIMUEK50,UniCredit Bulbank AD,Bulgaria,CON,020000,2025-06-30,7,20260226131653143,20260226132444042,0.0055,unter_1h,wertkorrektur,117,195,78,0,34,14,0,0,ohne_richtung
549300Z7V2WOFIMUEK50,UniCredit Bulbank AD,Bulgaria,CON,020000,2025-06-30,8,20260226132444042,20260226133423265,0.0067,unter_1h,vervollstaendigung,195,196,1,0,0,0,0,0,kennzahl_unberuehrt
549300Z7V2WOFIMUEK50,UniCredit Bulbank AD,Bulgaria,CON,020000,2025-06-30,9,20260226133423265,20260226133943670,0.0037,unter_1h,kuerzung,196,195,0,1,0,0,0,0,kennzahl_unberuehrt
549300ZEF3QWM810M319,Ziklo Bank AB,Sweden,IND,020000,2025-12-31,1,20260319152245605,20260320102245605,0.7917,unter_1t,inhaltsgleich,987,987,0,0,0,0,0,0,kennzahl_unberuehrt
5967007LIEEXZX5PU005,Sparebanken Møre SPA,Norway,CON,020000,2025-06-30,1,20260210100420781,20260211085841940,0.9544,unter_1t,wertkorrektur,33,33,0,0,17,2,0,2,unguenstiger
5967007LIEEXZX5PU005,Sparebanken Møre SPA,Norway,CON,020000,2025-06-30,2,20260211085841940,20260213114745609,2.1174,unter_7t,wertkorrektur,33,33,0,0,14,2,2,0,guenstiger
5967007LIEEXZX5PU005,Sparebanken Møre SPA,Norway,CON,020000,2025-06-30,3,20260213114745609,20260219144843919,6.1257,unter_7t,wertkorrektur,33,33,0,0,12,0,0,0,kennzahl_unberuehrt
5967007LIEEXZX5PU005,Sparebanken Møre SPA,Norway,CON,020000,2025-06-30,4,20260219144843919,20260304094408343,12.7885,unter_30t,inhaltsgleich,33,33,0,0,0,0,0,0,kennzahl_unberuehrt
5967007LIEEXZX8UHK11,SPAREBANK 1 SOGN OG FJORDANE,Norway,CON,020000,2025-12-31,1,20260330165300001,20260618150256002,79.9236,ueber_30t,wertkorrektur,1096,1187,91,0,17,19,0,0,ohne_richtung
635400AKJBGNS5WNQL34,AIB Group plc,Ireland,CON,020000,2025-06-30,1,20260206173115307,20260410111510200,62.7388,ueber_30t,wertkorrektur,2835,2835,0,0,25,0,0,0,kennzahl_unberuehrt
635400AKJBGNS5WNQL34,AIB Group plc,Ireland,CON,020000,2025-09-30,1,20260130112715463,20260508153215361,98.1701,ueber_30t,wertkorrektur,538,538,0,0,1,0,0,0,kennzahl_unberuehrt
6TJCK1B7E7UTXP528Y04,Citigroup Global Markets Europe AG,Germany,IND,020000,2025-06-30,1,20260402061720000,20260629163620000,88.4299,ueber_30t,wertkorrektur,113,113,0,0,22,5,0,0,ohne_richtung
724500JIWG886A9RRT57,RBS Holdings N.V.,Netherlands,CON,020000,2025-06-30,1,20260317142305046,20260317142305047,0.0,unter_1h,inhaltsgleich,1024,1024,0,0,0,0,0,0,kennzahl_unberuehrt
724500JIWG886A9RRT57,RBS Holdings N.V.,Netherlands,CON,020000,2025-06-30,2,20260317142305047,20260326171515649,9.1196,unter_30t,wertkorrektur,1024,1029,6,1,8,2,0,2,unguenstiger
724500JIWG886A9RRT57,RBS Holdings N.V.,Netherlands,CON,020000,2025-09-30,1,20260309172813543,20260309172813544,0.0,unter_1h,inhaltsgleich,546,546,0,0,0,0,0,0,kennzahl_unberuehrt
724500JIWG886A9RRT57,RBS Holdings N.V.,Netherlands,CON,020000,2025-09-30,2,20260309172813544,20260324165607152,14.9777,unter_30t,wertkorrektur,546,546,0,0,5,2,1,1,gemischt
724500JIWG886A9RRT57,RBS Holdings N.V.,Netherlands,CON,020000,2025-09-30,3,20260324165607152,20260324165607153,0.0,unter_1h,inhaltsgleich,546,546,0,0,0,0,0,0,kennzahl_unberuehrt
724500PMK2A2M1SQQ228,Triodos Bank N.V.,Netherlands,CON,020000,2025-12-31,1,20260312160017180,20260630122707150,109.852,ueber_30t,wertkorrektur,2080,2080,0,0,13,0,0,0,kennzahl_unberuehrt
724500ZNT2I60RYZQI38,Anadolubank Nederland N.V.,Netherlands,IND,020000,2025-12-31,1,20260512095618249,20260629210845379,48.467,ueber_30t,wertkorrektur,688,688,0,0,115,3,3,0,guenstiger
743700FTBNXAUN57RH30,S-Pankki Oyj,Finland,CON,020000,2025-12-31,1,20260525141931181,20260526150017296,1.0283,unter_7t,wertkorrektur,1161,1165,15,11,51,0,0,0,kennzahl_unberuehrt
7LVZJ6XRIE7VNZ4UBX81,BANCA MEDIOLANUM S.P.A.,Italy,CON,020000,2025-06-30,1,20260114112512556,20260126112512556,12.0,unter_30t,inhaltsgleich,2151,2151,0,0,0,0,0,0,kennzahl_unberuehrt
81560062CEAE87A85C80,AREPO BP S.P.A.,Italy,CON,020000,2025-12-31,1,20260330153628981,20260422171305731,23.0671,unter_30t,wertkorrektur,1280,1314,54,20,428,6,5,1,gemischt
815600848DEFE160E913,IBL ISTITUTO BANCARIO DEL LAVORO S.P.A. (IN FORMA ABBREVIATA IBL BANCA),Italy,CON,020000,2025-12-31,1,20260519165624853,20260520152201001,0.9345,unter_1t,inhaltsgleich,328,328,0,0,0,0,0,0,kennzahl_unberuehrt
815600AD83B2B6317788,CREDITO EMILIANO HOLDING SOCIETA' PER AZIONI,Italy,CON,020000,2025-06-30,1,20251222103104101,20260413123457255,112.086,ueber_30t,wertkorrektur,4477,4455,9,31,41,0,0,0,kennzahl_unberuehrt
815600AD83B2B6317788,CREDITO EMILIANO HOLDING SOCIETA' PER AZIONI,Italy,CON,020000,2025-09-30,1,20260127083938671,20260313104724630,45.0887,ueber_30t,wertkorrektur,631,629,0,2,21,0,0,0,kennzahl_unberuehrt
815600B6B356EC776E54,CASSA DI RISPARMIO DI VOLTERRA S.P.A.,Italy,IND,020000,2025-12-31,1,20260617100902000,20260624155937400,7.2435,unter_30t,vervollstaendigung,305,308,3,0,0,0,0,0,kennzahl_unberuehrt
815600B6B356EC776E54,CASSA DI RISPARMIO DI VOLTERRA S.P.A.,Italy,IND,020000,2025-12-31,2,20260624155937400,20260630124201600,5.8628,unter_7t,vervollstaendigung,308,311,3,0,0,0,0,0,kennzahl_unberuehrt
815600DDCE9083CAC598,MEDIOBANCA PREMIER S.P.A.,Italy,IND,020000,2025-06-30,1,20260130145654705,20260213145654705,14.0,unter_30t,inhaltsgleich,2210,2210,0,0,0,0,0,0,kennzahl_unberuehrt
851WYGNLUQLFZBSYGB56,COMMERZBANK Aktiengesellschaft,Germany,CON,020000,2025-06-30,1,20260127114509005,20260127114509007,0.0,unter_1h,wertkorrektur,6569,7339,770,0,38,0,0,0,kennzahl_unberuehrt
851WYGNLUQLFZBSYGB56,COMMERZBANK Aktiengesellschaft,Germany,CON,020000,2025-09-30,1,20260130114509001,20260130114509002,0.0,unter_1h,wertkorrektur,764,764,0,0,25,0,0,0,kennzahl_unberuehrt
851WYGNLUQLFZBSYGB56,COMMERZBANK Aktiengesellschaft,Germany,CON,020000,2025-12-31,1,20260508170341184,20260521174517383,13.0289,unter_30t,wertkorrektur,9384,9385,1,0,30,0,0,0,kennzahl_unberuehrt
95980020140005012943,"Caja Rural de Aragón, Sociedad Cooperativa de Crédito",Spain,CON,020000,2025-12-31,1,20260428011903818,20260429101603818,1.3729,unter_7t,inhaltsgleich,393,393,0,0,0,0,0,0,kennzahl_unberuehrt
95980020140005220135,"Caja Rural de Granada, Sociedad Cooperativa de Crédito",Spain,IND,020000,2025-06-30,1,20251210013553667,20251210013553668,0.0,unter_1h,inhaltsgleich,175,175,0,0,0,0,0,0,kennzahl_unberuehrt
95980020140005220135,"Caja Rural de Granada, Sociedad Cooperativa de Crédito",Spain,IND,020000,2025-06-30,2,20251210013553668,20260309101551624,89.3611,ueber_30t,wertkorrektur,175,195,20,0,15,3,3,0,guenstiger
95980020140005220135,"Caja Rural de Granada, Sociedad Cooperativa de Crédito",Spain,IND,020000,2025-12-31,1,20260226085549581,20260226085549582,0.0,unter_1h,inhaltsgleich,195,195,0,0,0,0,0,0,kennzahl_unberuehrt
95980020140005220135,"Caja Rural de Granada, Sociedad Cooperativa de Crédito",Spain,IND,020000,2025-12-31,2,20260226085549582,20260610114654963,104.1188,ueber_30t,vervollstaendigung,195,2847,2652,0,0,0,0,0,kennzahl_unberuehrt
95980020140005484654,"Caja Rural de Albacete, Ciudad Real y Cuenca, Sociedad Cooperativa de Crédito",Spain,CON,020000,2025-06-30,1,20251218195848584,20260202094748584,45.5757,ueber_30t,inhaltsgleich,195,195,0,0,0,0,0,0,kennzahl_unberuehrt
95980020140005484654,"Caja Rural de Albacete, Ciudad Real y Cuenca, Sociedad Cooperativa de Crédito",Spain,CON,020000,2025-12-31,1,20260505024252507,20260608051659215,34.107,ueber_30t,umbau,3263,4046,784,1,0,0,0,0,kennzahl_unberuehrt
95980020140005484654,"Caja Rural de Albacete, Ciudad Real y Cuenca, Sociedad Cooperativa de Crédito",Spain,CON,020000,2025-12-31,2,20260608051659215,20260610113616625,2.2634,unter_7t,vervollstaendigung,4046,4096,50,0,0,0,0,0,kennzahl_unberuehrt
95980020140005552166,"Eurocaja Rural, Sociedad Cooperativa de Crédito",Spain,CON,020000,2025-06-30,1,20260323093442305,20260428020429051,35.6873,ueber_30t,wertkorrektur,195,195,0,0,50,11,8,3,gemischt
96950001WI712W7PQG45,RCI Banque,France,CON,020000,2025-06-30,1,20251212121929622,20260203175139315,53.2307,ueber_30t,vervollstaendigung,4019,4230,211,0,0,0,0,0,kennzahl_unberuehrt
969500CJCTMI93QJKK89,Axa banque,France,CON,020000,2025-12-31,1,20260422190316699,20260423110004292,0.6644,unter_1t,vervollstaendigung,195,347,152,0,0,0,0,0,kennzahl_unberuehrt
969500CJCTMI93QJKK89,Axa banque,France,CON,020000,2025-12-31,2,20260423110004292,20260601142748428,39.1443,ueber_30t,wertkorrektur,347,347,0,0,7,0,0,0,kennzahl_unberuehrt
969500EYG6U339D3TI84,Crédit Foncier de France,France,CON,020000,2025-12-31,1,20260323111036719,20260507163605786,45.226,ueber_30t,wertkorrektur,1359,1131,4,232,540,0,0,0,kennzahl_unberuehrt
969500LFTDNMONT2EP08,Caisse fédérale de crédit mutuel,France,CON,020000,2025-09-30,1,20260317093604000,20260317093604900,0.0,unter_1h,inhaltsgleich,505,505,0,0,0,0,0,0,kennzahl_unberuehrt
969500O971S0I6U24G84,Compagnie Financière Holding Mixte Milleis,France,CON,020000,2025-12-31,1,20260127042953000,20260325050935000,57.0276,ueber_30t,inhaltsgleich,0,0,0,0,0,0,0,0,kennzahl_unberuehrt
969500TU5ZMYBIWP0R51,Caisse d'Epargne CEPAC,France,CON,020000,2025-12-31,1,20260416184120925,20260429125021711,12.7563,unter_30t,wertkorrektur,1690,1689,1,2,497,0,0,0,kennzahl_unberuehrt
969500VHT1ZNPVWOYF63,BNP Paribas Personal Finance,France,CON,020000,2025-12-31,1,20260624025411765,20260624070052562,0.1713,unter_1t,kuerzung,2997,97,0,2900,0,25,0,0,ohne_richtung
969500VHT1ZNPVWOYF63,BNP Paribas Personal Finance,France,CON,020000,2025-12-31,2,20260624070052562,20260630041629482,5.8858,unter_7t,umbau,97,2909,2820,8,0,25,0,0,ohne_richtung
984500ADEE3DE4F14F51,Kompasbank A/S,Denmark,IND,020000,2025-12-31,1,20260430152144024,20260501153241092,1.0076,unter_7t,umbau,117,125,13,5,0,0,0,0,kennzahl_unberuehrt
9ZHRYM6F437SQJ6OUG95,Raiffeisen Bank International AG,Austria,CON,020000,2025-12-31,1,20260415020408433,20260619110654256,65.3769,ueber_30t,wertkorrektur,7393,7662,269,0,32,0,0,0,kennzahl_unberuehrt
AT0000000000043000VB,VOLKSBANK WIEN AG VB,Austria,CON,020000,2025-12-31,1,20260612010643692,20260612110642195,0.4167,unter_1t,wertkorrektur,4274,4274,0,0,4,0,0,0,kennzahl_unberuehrt
DG3RU1DBUFHT4ZF9WN62,Coöperatieve Rabobank U.A.,Netherlands,CON,020000,2025-12-31,1,20260305155541744,20260522121612487,77.8476,ueber_30t,wertkorrektur,4320,4320,0,0,1,0,0,0,kennzahl_unberuehrt
DIZES5CFO5K3I5R58746,Landesbank Hessen-Thüringen Girozentrale,Germany,CON,020000,2025-09-30,1,20260420093044325,20260423115615140,3.1011,unter_7t,kuerzung,757,753,0,4,0,0,0,0,kennzahl_unberuehrt
DZZ47B9A52ZJ6LT6VV95,Deutsche Pfandbriefbank AG,Germany,CON,020000,2025-06-30,1,20260528144631003,20260528162343397,0.0675,unter_1t,wertkorrektur,3591,3591,0,0,14,3,1,2,gemischt
F0HUI1NY1AZMJMD8LP67,HSBC Continental Europe,France,CON,020000,2025-06-30,1,20260622104443781,20260622142109762,0.1503,unter_1t,umbau,1561,147,147,1561,0,0,0,0,kennzahl_unberuehrt
F0HUI1NY1AZMJMD8LP67,HSBC Continental Europe,France,CON,020000,2025-06-30,2,20260622142109762,20260623124058266,0.9304,unter_1t,umbau,147,208,208,147,0,0,0,0,kennzahl_unberuehrt
F0HUI1NY1AZMJMD8LP67,HSBC Continental Europe,France,CON,020000,2025-06-30,3,20260623124058266,20260623125723716,0.0114,unter_1h,umbau,208,122,122,208,0,0,0,0,kennzahl_unberuehrt
F0HUI1NY1AZMJMD8LP67,HSBC Continental Europe,France,CON,020000,2025-06-30,4,20260623125723716,20260626065722436,2.75,unter_7t,umbau,122,6450,6450,122,0,35,0,0,ohne_richtung
F0HUI1NY1AZMJMD8LP67,HSBC Continental Europe,France,CON,020000,2025-06-30,5,20260626065722436,20260626065722441,0.0,unter_1h,wertkorrektur,6450,8486,2036,0,12,4,1,0,guenstiger
F0HUI1NY1AZMJMD8LP67,HSBC Continental Europe,France,CON,020000,2025-12-31,1,20260622103151410,20260622143555525,0.1695,unter_1t,umbau,1587,146,146,1587,0,0,0,0,kennzahl_unberuehrt
F0HUI1NY1AZMJMD8LP67,HSBC Continental Europe,France,CON,020000,2025-12-31,2,20260622143555525,20260623065723388,0.6816,unter_1t,umbau,146,208,208,146,0,0,0,0,kennzahl_unberuehrt
F0HUI1NY1AZMJMD8LP67,HSBC Continental Europe,France,CON,020000,2025-12-31,3,20260623065723388,20260623071905140,0.0151,unter_1h,umbau,208,122,122,208,0,0,0,0,kennzahl_unberuehrt
F0HUI1NY1AZMJMD8LP67,HSBC Continental Europe,France,CON,020000,2025-12-31,4,20260623071905140,20260625171331371,2.4128,unter_7t,umbau,122,6590,6590,122,0,35,0,0,ohne_richtung
F0HUI1NY1AZMJMD8LP67,HSBC Continental Europe,France,CON,020000,2025-12-31,5,20260625171331371,20260625171331374,0.0,unter_1h,wertkorrektur,6590,8651,2061,0,14,6,0,0,ohne_richtung
F3JS33DEI6XQ4ZBPTN86,Skandinaviska Enskilda Banken - gruppen,Sweden,CON,020000,2025-06-30,1,20260525020510162,20260609020647776,15.0011,unter_30t,wertkorrektur,4894,4894,0,0,10,0,0,0,kennzahl_unberuehrt
F3JS33DEI6XQ4ZBPTN86,Skandinaviska Enskilda Banken - gruppen,Sweden,CON,020000,2025-09-30,1,20260525030541371,20260609010653734,14.9175,unter_30t,inhaltsgleich,682,682,0,0,0,0,0,0,kennzahl_unberuehrt
F3JS33DEI6XQ4ZBPTN86,Skandinaviska Enskilda Banken - gruppen,Sweden,CON,020000,2025-12-31,1,20260525030501235,20260609010615725,14.9175,unter_30t,wertkorrektur,6152,6152,0,0,1,0,0,0,kennzahl_unberuehrt
F3JS33DEI6XQ4ZBPTN86,Skandinaviska Enskilda Banken - gruppen,Sweden,CON,020100,2026-03-31,1,20260525030545807,20260609110601878,15.3335,unter_30t,inhaltsgleich,626,626,0,0,0,0,0,0,kennzahl_unberuehrt
FR9695005MSX1OYEMGDF,Groupe BPCE,France,CON,020000,2025-12-31,1,20260413212521381,20260513164139728,29.803,unter_30t,wertkorrektur,11469,11484,74,59,2070,0,0,0,kennzahl_unberuehrt
H0YX5LBGKDVOWCXBZ594,SBAB Bank AB - Grupp,Sweden,CON,020000,2025-06-30,1,20260109141430919,20260206114301809,27.8948,unter_30t,wertkorrektur,1200,1233,33,0,993,31,5,5,gemischt
H0YX5LBGKDVOWCXBZ594,SBAB Bank AB - Grupp,Sweden,CON,020000,2025-09-30,1,20260311134333299,20260311134338299,0.0001,unter_1h,inhaltsgleich,495,495,0,0,0,0,0,0,kennzahl_unberuehrt
HWIPDOTRM1EKRPKYKH81,Northern Trust Global Services SE,Luxembourg,IND,020000,2025-12-31,1,20260622130800045,20260626124200023,3.9819,unter_7t,inhaltsgleich,230,230,0,0,0,0,0,0,kennzahl_unberuehrt
I6USJ58BDV2BO5KP3C31,"MONETA Money Bank, a.s.",Czech,CON,020000,2025-12-31,1,20260429121419035,20260429122809829,0.0096,unter_1h,inhaltsgleich,1089,1089,0,0,0,0,0,0,kennzahl_unberuehrt
I6USJ58BDV2BO5KP3C31,"MONETA Money Bank, a.s.",Czech,CON,020000,2025-12-31,2,20260429122809829,20260429130609847,0.0264,unter_1h,vervollstaendigung,1089,1101,12,0,0,0,0,0,kennzahl_unberuehrt
J4CP7MHCXR8DAQMKIL78,Banca Monte dei Paschi di Siena S.p.A.,Italy,CON,020000,2025-09-30,1,20251229092820448,20260127092820448,29.0,unter_30t,inhaltsgleich,637,637,0,0,0,0,0,0,kennzahl_unberuehrt
K8MS7FD7N5Z2WQ51AZ71,"Banco Bilbao Vizcaya Argentaria, S.A.",Spain,CON,020000,2025-09-30,1,20260121124425234,20260207124425234,17.0,unter_30t,kuerzung,720,718,0,2,0,0,0,0,kennzahl_unberuehrt
K8MS7FD7N5Z2WQ51AZ71,"Banco Bilbao Vizcaya Argentaria, S.A.",Spain,CON,020000,2025-09-30,2,20260207124425234,20260207124425235,0.0,unter_1h,vervollstaendigung,718,737,19,0,0,4,0,0,ohne_richtung
KR6LSKV3BTSJRD41IF75,"UniCredit Bank Czech Republic and Slovakia, a.s.",Czech,CON,020000,2025-12-31,1,20260610093728853,20260630064728167,19.8819,unter_30t,wertkorrektur,2867,2867,0,0,3,1,0,1,unguenstiger
KX1WK48MPD4Y2NCUIZ63,Natixis,France,CON,020000,2025-06-30,1,20260205105530116,20260206105530120,1.0,unter_7t,inhaltsgleich,9254,9254,0,0,0,0,0,0,kennzahl_unberuehrt
LIU16F6VZJSD6UKHD557,Nykredit Realkredit A/S,Denmark,CON,020000,2025-09-30,1,20260326154923988,20260419095135876,23.7515,unter_30t,wertkorrektur,768,768,0,0,398,0,0,0,kennzahl_unberuehrt
LOO0AWXR8GF142JCO404,CASSA CENTRALE BANCA - CREDITO COOPERATIVO ITALIANOSOCIETA' PER AZIONI (IN SIGLA CASSA CENTRALE BANCA),Italy,CON,020000,2025-06-30,1,20260204174856800,20260605130336623,120.8019,ueber_30t,wertkorrektur,880,1171,320,29,704,29,0,0,ohne_richtung
LOO0AWXR8GF142JCO404,CASSA CENTRALE BANCA - CREDITO COOPERATIVO ITALIANOSOCIETA' PER AZIONI (IN SIGLA CASSA CENTRALE BANCA),Italy,CON,020000,2025-09-30,1,20260210154057784,20260605145609539,114.9689,ueber_30t,wertkorrektur,115,373,258,0,10,29,0,0,ohne_richtung
M312WZV08Y7LYUC71685,Swedbank - Grupp,Sweden,CON,020000,2025-06-30,1,20260305184405127,20260313124905456,7.7535,unter_30t,vervollstaendigung,2861,2893,32,0,0,0,0,0,kennzahl_unberuehrt
M312WZV08Y7LYUC71685,Swedbank - Grupp,Sweden,CON,020000,2025-09-30,1,20260306140603678,20260306155303678,0.0743,unter_1t,inhaltsgleich,579,579,0,0,0,0,0,0,kennzahl_unberuehrt
M312WZV08Y7LYUC71685,Swedbank - Grupp,Sweden,CON,020000,2025-09-30,2,20260306155303678,20260311175405678,5.0841,unter_7t,vervollstaendigung,579,596,17,0,0,0,0,0,kennzahl_unberuehrt
MAES062Z21O4RZ2U7M96,Danske Bank A/S,Denmark,CON,020000,2025-09-30,1,20251204103012123,20260217160012123,75.2292,ueber_30t,inhaltsgleich,214,214,0,0,0,0,0,0,kennzahl_unberuehrt
NHBDILHZTYCNBV5UYZ31,Svenska Handelsbanken - gruppen,Sweden,CON,020000,2025-09-30,1,20260618035811792,20260618104355928,0.2818,unter_1t,kuerzung,509,502,0,7,0,0,0,0,kennzahl_unberuehrt
NMH2KF074RKAGTH4CM63,BNP PARIBAS BANK POLSKA S.A,Poland,CON,020000,2025-12-31,1,20260305164811051,20260305174511051,0.0396,unter_1h,inhaltsgleich,1495,1495,0,0,0,0,0,0,kennzahl_unberuehrt
O2RNE8IBXP4R0TD8PU41,Société générale S.A.,France,CON,020000,2025-12-31,1,20260422120955465,20260624154255436,63.1479,ueber_30t,wertkorrektur,11549,11582,33,0,7,0,0,0,kennzahl_unberuehrt
P4GTT6GF1W40CVIMFR43,Powszechna Kasa Oszczednosci Bank Polski S.A.,Poland,CON,020000,2025-09-30,1,20260210122357505,20260210124650436,0.0159,unter_1h,inhaltsgleich,371,371,0,0,0,0,0,0,kennzahl_unberuehrt
PSNL19R2RXX5U3QWHI44,MEDIOBANCA - BANCA DI CREDITO FINANZIARIO S.P.A.,Italy,CON,020000,2025-06-30,1,20260127155500247,20260130154950960,2.9964,unter_7t,wertkorrektur,6013,6038,33,8,29,1,0,0,ohne_richtung
R0MUWSFPU8MPRO8K5P83,BNP Paribas,France,CON,020000,2025-12-31,1,20260320095410121,20260402113626037,13.071,unter_30t,umbau,7968,7914,19,73,0,0,0,0,kennzahl_unberuehrt
R0MUWSFPU8MPRO8K5P83,BNP Paribas,France,CON,020100,2026-03-31,1,20260430055425295,20260430062229097,0.0195,unter_1h,inhaltsgleich,842,842,0,0,0,0,0,0,kennzahl_unberuehrt
SI5RG2M0WQQLZCXKRM20,"Banco de Sabadell, S.A.",Spain,CON,020000,2025-06-30,1,20260327122010632,20260331111850598,3.9574,unter_7t,wertkorrektur,3114,3061,107,160,2490,35,0,0,ohne_richtung
SI5RG2M0WQQLZCXKRM20,"Banco de Sabadell, S.A.",Spain,CON,020000,2025-09-30,1,20260327123032589,20260331104426510,3.9263,unter_7t,wertkorrektur,614,612,3,5,541,35,0,0,ohne_richtung
SI5RG2M0WQQLZCXKRM20,"Banco de Sabadell, S.A.",Spain,CON,020000,2025-12-31,1,20260327125122416,20260331105136953,3.9168,unter_7t,wertkorrektur,4392,4335,180,237,3018,35,1,0,guenstiger
UAIAINAJ28P30E5GWE37,BGL BNP Paribas,Luxembourg,CON,020000,2025-12-31,1,20260430015858756,20260430052231972,0.1414,unter_1t,vervollstaendigung,1379,1649,270,0,0,0,0,0,kennzahl_unberuehrt
UI802FYJ52XDB7N4KN18,BANCA NAZIONALE DEL LAVORO S.P.A. (IN FORMA CONTRATTA BNL S.P.A.),Italy,CON,020000,2025-06-30,1,20260130123455937,20260130123456000,0.0,unter_1h,kuerzung,156,148,0,8,0,0,0,0,kennzahl_unberuehrt
UI802FYJ52XDB7N4KN18,BANCA NAZIONALE DEL LAVORO S.P.A. (IN FORMA CONTRATTA BNL S.P.A.),Italy,CON,020000,2025-12-31,1,20260402093859217,20260416110506400,14.0598,unter_30t,wertkorrektur,1115,1304,189,0,128,5,2,0,guenstiger
