land,refPeriod,n_traeger,auslandsexposure_eur,hhi,groesster_traeger,groesster_anteil,top3_anteil,urteil,tauschverdacht
Afghanistan,2025-06-30,14,3590073.80,0.2633,Groupe BPCE,0.3263,0.8150,gestreut,nein
Albania,2025-06-30,24,2441444410.26,0.5753,Raiffeisen Bank International AG,0.6970,0.9989,konzentriert,nein
Algeria,2025-06-30,21,2701138808.53,0.4521,Groupe BPCE,0.4862,0.9835,gestreut,nein
American Samoa,2025-06-30,1,248.00,1.0000,Groupe BPCE,1.0000,1.0000,zu_duenn,nein
Andorra,2025-06-30,19,72715294.51,0.5660,"CaixaBank, S.A.",0.7391,0.9093,konzentriert,nein
Angola,2025-06-30,16,603803720.67,0.4431,"CaixaBank, S.A.",0.5267,0.9661,konzentriert,nein
Anguilla,2025-06-30,5,527241024.18,0.6685,"Banco Bilbao Vizcaya Argentaria, S.A.",0.8061,0.9999,konzentriert,nein
Antarctica,2025-06-30,2,729.88,0.7074,ING Groep N.V.,0.8221,1.0000,zu_duenn,nein
Antigua and Barbuda,2025-06-30,8,1235630.07,0.6726,Intesa Sanpaolo S.p.A.,0.8093,0.9968,konzentriert,nein
Argentina,2025-06-30,30,10471160820.88,0.8785,"Banco Bilbao Vizcaya Argentaria, S.A.",0.9366,0.9819,konzentriert,nein
Armenia,2025-06-30,28,34474586.27,0.1271,Belfius Bank,0.2089,0.5064,gestreut,nein
Aruba,2025-06-30,8,2054440.10,0.5059,ING Groep N.V.,0.6681,0.9938,konzentriert,nein
Australia,2025-06-30,59,88540822554.88,0.3742,ING Groep N.V.,0.5908,0.7738,konzentriert,nein
Austria,2025-06-30,47,146986384703.92,0.6460,"UNICREDIT, SOCIETA' PER AZIONI",0.7970,0.9139,konzentriert,nein
Azerbaijan,2025-06-30,23,493429901.06,0.3903,Intesa Sanpaolo S.p.A.,0.5229,0.9356,konzentriert,nein
Bahamas,2025-06-30,26,508142828.07,0.2300,AIB Group plc,0.3152,0.7964,gestreut,nein
Bahrain,2025-06-30,23,484581502.35,0.2728,Groupe BPCE,0.3111,0.8913,gestreut,nein
Bangladesh,2025-06-30,27,772226233.84,0.6186,COMMERZBANK Aktiengesellschaft,0.7679,0.9686,konzentriert,nein
Barbados,2025-06-30,19,536619019.21,0.8390,ING Groep N.V.,0.9138,0.9857,konzentriert,nein
Belarus,2025-06-30,24,85160314.13,0.3265,"UNICREDIT, SOCIETA' PER AZIONI",0.5001,0.8319,konzentriert,nein
Belgium,2025-06-30,67,566945321653.86,0.4487,BNP Paribas,0.5828,0.9292,konzentriert,nein
Belize,2025-06-30,9,445864.86,0.5547,Banque Internationale à Luxembourg,0.7119,0.9510,konzentriert,nein
Benin,2025-06-30,10,899469918.52,0.7372,DEUTSCHE BANK AKTIENGESELLSCHAFT,0.8522,0.9997,konzentriert,nein
Bermuda,2025-06-30,28,21644186304.41,0.3928,ING Groep N.V.,0.6081,0.7879,konzentriert,nein
Bhutan,2025-06-30,3,1431.47,0.4424,ING Groep N.V.,0.5589,1.0000,konzentriert,nein
"Bolivia, Plurinational State of",2025-06-30,15,3105209.88,0.3244,Groupe BPCE,0.5246,0.7810,konzentriert,nein
"Bonaire, Sint Eustatius and Saba",2025-06-30,6,980457.26,0.5393,Svenska Handelsbanken - gruppen,0.6501,0.9954,konzentriert,nein
Bosnia and Herzegovina,2025-06-30,25,7647311370.62,0.3012,"UNICREDIT, SOCIETA' PER AZIONI",0.4344,0.8532,gestreut,nein
Botswana,2025-06-30,16,110280351.20,0.3351,ING Groep N.V.,0.4334,0.9758,gestreut,nein
Brazil,2025-06-30,35,7853644843.08,0.1459,DEUTSCHE BANK AKTIENGESELLSCHAFT,0.2183,0.5783,gestreut,nein
British Indian Ocean Territory,2025-06-30,2,249.65,0.9869,Groupe BPCE,0.9934,1.0000,zu_duenn,nein
Brunei Darussalam,2025-06-30,12,2817873.47,0.2297,ING Groep N.V.,0.3890,0.7474,gestreut,nein
Bulgaria,2025-06-30,54,14478668204.21,0.7812,"UNICREDIT, SOCIETA' PER AZIONI",0.8824,0.9456,konzentriert,nein
Burkina Faso,2025-06-30,10,938600.15,0.3717,Groupe BPCE,0.4701,0.9555,gestreut,nein
Burundi,2025-06-30,9,2753973.17,0.5923,Intesa Sanpaolo S.p.A.,0.7262,0.9946,konzentriert,nein
Cabo Verde,2025-06-30,12,1870968.19,0.4103,Groupe BPCE,0.4815,0.9501,gestreut,nein
Cambodia,2025-06-30,14,1007000814.01,0.4908,Groupe BPCE,0.4965,0.9987,gestreut,nein
Cameroon,2025-06-30,19,25153576.59,0.4325,Citibank Europe plc,0.5971,0.9457,konzentriert,nein
Canada,2025-06-30,46,26152837624.21,0.1400,ING Groep N.V.,0.3051,0.5496,gestreut,nein
Cayman Islands,2025-06-30,31,29904411246.07,0.3030,DEUTSCHE BANK AKTIENGESELLSCHAFT,0.4991,0.7656,gestreut,nein
Central African Republic,2025-06-30,5,448522.13,0.6107,Groupe BPCE,0.7527,0.9809,konzentriert,nein
Chad,2025-06-30,6,11397798.18,0.4999,Groupe BPCE,0.5208,0.9999,konzentriert,nein
Chile,2025-06-30,40,12218724603.65,0.1801,"Banco Bilbao Vizcaya Argentaria, S.A.",0.3143,0.6426,gestreut,nein
China,2025-06-30,38,14105341891.85,0.1845,DEUTSCHE BANK AKTIENGESELLSCHAFT,0.3151,0.6322,gestreut,nein
Christmas Island,2025-06-30,1,344.00,1.0000,Groupe BPCE,1.0000,1.0000,zu_duenn,nein
Colombia,2025-06-30,30,18917247539.03,0.8736,"Banco Bilbao Vizcaya Argentaria, S.A.",0.9338,0.9809,konzentriert,nein
Comoros,2025-06-30,4,12097.74,0.7059,Groupe BPCE,0.8228,0.9991,konzentriert,nein
Congo,2025-06-30,14,273843648.77,0.6414,Citibank Europe plc,0.7895,0.9727,konzentriert,nein
"Congo, The Democratic Republic of the",2025-06-30,13,13485955.54,0.2741,Citibank Europe plc,0.4148,0.8470,gestreut,nein
Cook Islands,2025-06-30,1,80207.97,1.0000,Nordea Bank Abp,1.0000,1.0000,zu_duenn,nein
Costa Rica,2025-06-30,21,35146830.82,0.4853,Raiffeisen Bank International AG,0.6822,0.8436,konzentriert,nein
Croatia,2025-06-30,53,44133031015.36,0.2378,"UNICREDIT, SOCIETA' PER AZIONI",0.2799,0.7968,gestreut,nein
Cuba,2025-06-30,17,39119276.77,0.7208,Intesa Sanpaolo S.p.A.,0.8436,0.9558,konzentriert,nein
Curaçao,2025-06-30,17,118129418.87,0.7491,ING Groep N.V.,0.8546,0.9940,konzentriert,nein
Cyprus,2025-06-30,61,18317606526.99,0.3536,Bank of Cyprus Holdings Public Limited Company,0.5783,0.7231,konzentriert,nein
Czechia,2025-06-30,67,167388665039.81,0.2081,"Česká spořitelna, a.s.",0.2887,0.7534,gestreut,nein
Côte d'Ivoire,2025-06-30,18,242981097.89,0.3385,Citibank Europe plc,0.4236,0.9822,gestreut,nein
Denmark,2025-06-30,68,128819095920.08,0.5222,Nordea Bank Abp,0.7154,0.8461,konzentriert,nein
Djibouti,2025-06-30,5,394973683.21,0.4997,Groupe BPCE,0.5071,1.0000,konzentriert,nein
Dominica,2025-06-30,8,1137521.20,0.8243,Nordea Bank Abp,0.9046,0.9954,konzentriert,nein
Dominican Republic,2025-06-30,20,211417046.79,0.8373,COMMERZBANK Aktiengesellschaft,0.9129,0.9829,konzentriert,nein
Ecuador,2025-06-30,18,235693034.79,0.6489,COMMERZBANK Aktiengesellschaft,0.7976,0.9393,konzentriert,nein
Egypt,2025-06-30,31,3370508430.85,0.2408,Intesa Sanpaolo S.p.A.,0.3818,0.7602,gestreut,nein
El Salvador,2025-06-30,14,18309228.58,0.7469,Nordea Bank Abp,0.8624,0.9164,konzentriert,nein
Equatorial Guinea,2025-06-30,6,1595174.65,0.9284,"CaixaBank, S.A.",0.9631,0.9992,konzentriert,nein
Eritrea,2025-06-30,6,5814.01,0.8517,Nordea Bank Abp,0.9217,0.9813,konzentriert,nein
Estonia,2025-06-30,56,22052378611.37,0.3831,Swedbank - Grupp,0.5028,0.9081,konzentriert,nein
Eswatini,2025-06-30,9,948582.51,0.4992,Citibank Europe plc,0.6693,0.9845,konzentriert,nein
Ethiopia,2025-06-30,21,268076864.94,0.3887,Intesa Sanpaolo S.p.A.,0.4327,0.9848,gestreut,nein
Falkland Islands (Malvinas),2025-06-30,3,22789979.65,0.9999,"CaixaBank, S.A.",1.0000,1.0000,konzentriert,nein
Faroe Islands,2025-06-30,9,470621128.48,0.8056,Nordea Bank Abp,0.8912,0.9998,konzentriert,nein
Fiji,2025-06-30,10,1804290374.29,0.4997,Groupe BPCE,0.5000,1.0000,gestreut,nein
Finland,2025-06-30,54,60977192711.74,0.2800,Danske Bank A/S,0.4820,0.7310,gestreut,nein
France,2025-06-30,66,176069132205.21,0.0691,ING Groep N.V.,0.1761,0.3550,gestreut,nein
French Guiana,2025-06-30,6,1506042.01,0.9538,ING Groep N.V.,0.9765,0.9963,konzentriert,nein
French Polynesia,2025-06-30,10,434215582.27,0.9971,Groupe BPCE,0.9986,0.9996,konzentriert,nein
French Southern Territories,2025-06-30,2,2420.69,0.7366,Groupe BPCE,0.8440,1.0000,zu_duenn,nein
Gabon,2025-06-30,14,16631626.67,0.5120,Groupe BPCE,0.6736,0.9691,konzentriert,nein
Gambia,2025-06-30,12,505244.28,0.3146,"CaixaBank, S.A.",0.4440,0.8958,gestreut,nein
Georgia,2025-06-30,26,43553993.76,0.3365,Citibank Europe plc,0.5377,0.8126,konzentriert,nein
Germany,2025-06-30,67,794951555077.98,0.2290,ING Groep N.V.,0.3384,0.7467,gestreut,nein
Ghana,2025-06-30,23,789459742.58,0.2946,DEUTSCHE BANK AKTIENGESELLSCHAFT,0.3589,0.9265,gestreut,nein
Gibraltar,2025-06-30,21,37035593.44,0.2696,Bank of Ireland Group plc,0.3828,0.8671,gestreut,nein
Greece,2025-06-30,37,4441313447.40,0.1260,BNP Paribas,0.2085,0.5070,gestreut,nein
Greenland,2025-06-30,6,229718712.31,0.9296,Skandinaviska Enskilda Banken - gruppen,0.9635,1.0000,konzentriert,nein
Grenada,2025-06-30,7,191495.89,0.3925,"CaixaBank, S.A.",0.4440,0.9328,gestreut,nein
Guadeloupe,2025-06-30,7,1201945.60,0.6266,ING Groep N.V.,0.7793,0.9575,konzentriert,nein
Guam,2025-06-30,4,847.00,0.8212,"CaixaBank, S.A.",0.9044,0.9823,konzentriert,nein
Guatemala,2025-06-30,19,332342120.50,0.9508,COMMERZBANK Aktiengesellschaft,0.9749,0.9963,konzentriert,nein
Guernsey,2025-06-30,24,5109856808.25,0.2089,Nordea Bank Abp,0.3273,0.7447,gestreut,nein
Guinea,2025-06-30,12,166308145.00,0.3388,ING Groep N.V.,0.4311,0.9840,gestreut,nein
Guinea-Bissau,2025-06-30,9,1078366.49,0.5535,"Banco Comercial Português, SA",0.7059,0.9984,konzentriert,nein
Guyana,2025-06-30,8,3561573.80,0.5341,BPER Banca S.p.A.,0.7103,0.9231,konzentriert,nein
Haiti,2025-06-30,8,202640.95,0.3272,Groupe BPCE,0.3947,0.9462,gestreut,nein
Holy See (Vatican City State),2025-06-30,6,27038.85,0.8727,AIB Group plc,0.9329,0.9959,konzentriert,nein
Honduras,2025-06-30,15,253043526.80,0.8439,COMMERZBANK Aktiengesellschaft,0.9168,0.9969,konzentriert,nein
Hong Kong,2025-06-30,54,33557196206.88,0.1559,BNP Paribas,0.2705,0.5769,gestreut,nein
Hungary,2025-06-30,60,27011389861.87,0.1869,"UNICREDIT, SOCIETA' PER AZIONI",0.3136,0.7010,gestreut,nein
Iceland,2025-06-30,46,1062345399.16,0.3112,Nordea Bank Abp,0.4821,0.8676,gestreut,nein
India,2025-06-30,33,13979193584.60,0.6949,DEUTSCHE BANK AKTIENGESELLSCHAFT,0.8276,0.9643,konzentriert,nein
Indonesia,2025-06-30,29,3036370804.16,0.2907,DEUTSCHE BANK AKTIENGESELLSCHAFT,0.4611,0.8006,gestreut,nein
"Iran, Islamic Republic of",2025-06-30,15,9462091.10,0.1857,Nordea Bank Abp,0.2896,0.6684,gestreut,nein
Iraq,2025-06-30,18,64749761.57,0.5443,"UNICREDIT, SOCIETA' PER AZIONI",0.7199,0.9269,konzentriert,nein
Ireland,2025-06-30,69,122127354573.21,0.1419,ING Groep N.V.,0.3123,0.5528,gestreut,nein
Isle of Man,2025-06-30,21,1414314869.86,0.1979,ING Groep N.V.,0.3781,0.6045,gestreut,nein
Israel,2025-06-30,40,1743316037.56,0.1772,DEUTSCHE BANK AKTIENGESELLSCHAFT,0.3693,0.5587,gestreut,nein
Italy,2025-06-30,46,93800259628.54,0.1636,DEUTSCHE BANK AKTIENGESELLSCHAFT,0.2933,0.6241,gestreut,nein
Jamaica,2025-06-30,15,63972670.67,0.8792,"CaixaBank, S.A.",0.9362,0.9928,konzentriert,nein
Japan,2025-06-30,39,18730398399.41,0.2136,ING Groep N.V.,0.4005,0.6686,gestreut,nein
Jersey,2025-06-30,29,9721349416.12,0.1840,DEUTSCHE BANK AKTIENGESELLSCHAFT,0.3516,0.6429,gestreut,nein
Jordan,2025-06-30,23,53865011.25,0.1673,Groupe BPCE,0.2380,0.6364,gestreut,nein
Kazakhstan,2025-06-30,27,397983087.71,0.1647,ING Groep N.V.,0.2279,0.6416,gestreut,nein
Kenya,2025-06-30,26,98197018.90,0.5955,Intesa Sanpaolo S.p.A.,0.7638,0.8931,konzentriert,nein
"Korea, Democratic People's Republic of",2025-06-30,5,48149802.49,0.6586,"Banque et Caisse d´Epargne de l´Etat, Luxembourg",0.7966,1.0000,konzentriert,nein
"Korea, Republic of",2025-06-30,48,13039438459.36,0.2276,BNP Paribas,0.3821,0.7536,gestreut,nein
Kosovo,2025-06-30,6,59882067.43,0.9522,Landesbank Hessen-Thüringen Girozentrale,0.9757,0.9996,konzentriert,nein
Kuwait,2025-06-30,27,334648762.89,0.5844,ING Groep N.V.,0.7546,0.9101,konzentriert,nein
Kyrgyzstan,2025-06-30,18,2961809.27,0.2930,Raiffeisen Bank International AG,0.3816,0.8602,gestreut,nein
Lao People's Democratic Republic,2025-06-30,13,185511453.18,0.4914,Natixis,0.5072,0.9957,konzentriert,nein
Latvia,2025-06-30,54,10718631748.75,0.3723,Swedbank - Grupp,0.4933,0.9087,gestreut,nein
Lebanon,2025-06-30,24,26918985.31,0.1987,Groupe BPCE,0.3621,0.6560,gestreut,nein
Lesotho,2025-06-30,8,184585.52,0.5926,Nordea Bank Abp,0.7361,0.9805,konzentriert,nein
Liberia,2025-06-30,17,6259698193.19,0.2340,ING Groep N.V.,0.4116,0.6955,gestreut,nein
Libya,2025-06-30,17,664453.85,0.7020,"CaixaBank, S.A.",0.8259,0.9782,konzentriert,nein
Liechtenstein,2025-06-30,30,1181177880.98,0.1657,COMMERZBANK Aktiengesellschaft,0.2421,0.6111,gestreut,nein
Lithuania,2025-06-30,58,25153205581.88,0.3342,Swedbank - Grupp,0.4423,0.8739,gestreut,nein
Luxembourg,2025-06-30,68,508366132381.88,0.1539,Groupe BPCE,0.2531,0.6231,gestreut,nein
Macao,2025-06-30,9,80179067.52,0.4898,"Banco Comercial Português, SA",0.6184,0.9735,konzentriert,nein
Madagascar,2025-06-30,13,1966415135.71,0.4953,Groupe BPCE,0.4996,0.9992,gestreut,nein
Malawi,2025-06-30,11,1565894.19,0.4770,Citibank Europe plc,0.6434,0.9261,konzentriert,nein
Malaysia,2025-06-30,30,1651325105.16,0.3277,DEUTSCHE BANK AKTIENGESELLSCHAFT,0.5232,0.8014,konzentriert,nein
Maldives,2025-06-30,9,405507321.24,0.9866,Atlantic Lux HoldCo S.à r.l.,0.9933,0.9983,konzentriert,nein
Mali,2025-06-30,15,1793029.91,0.6636,Groupe BPCE,0.8041,0.9701,konzentriert,nein
Malta,2025-06-30,38,7749603932.04,0.5236,HSBC Continental Europe,0.7183,0.8161,konzentriert,nein
Marshall Islands,2025-06-30,20,8172603459.87,0.2478,ING Groep N.V.,0.4179,0.7347,gestreut,nein
Martinique,2025-06-30,5,1393528.25,0.4667,ING Groep N.V.,0.4830,0.9999,gestreut,nein
Mauritania,2025-06-30,8,5353315.80,0.4793,Groupe BPCE,0.5746,0.9905,konzentriert,nein
Mauritius,2025-06-30,24,1586718032.28,0.1993,DEUTSCHE BANK AKTIENGESELLSCHAFT,0.3087,0.6817,gestreut,nein
Mayotte,2025-06-30,2,155984.39,0.9895,ING Groep N.V.,0.9947,1.0000,zu_duenn,nein
Mexico,2025-06-30,33,102837743545.14,0.8742,"Banco Bilbao Vizcaya Argentaria, S.A.",0.9347,0.9616,konzentriert,nein
"Micronesia, Federated States of",2025-06-30,3,10792.60,0.9422,"Banco Comercial Português, SA",0.9704,1.0000,konzentriert,nein
"Moldova, Republic of",2025-06-30,22,158524641.07,0.9320,Intesa Sanpaolo S.p.A.,0.9651,0.9925,konzentriert,nein
Monaco,2025-06-30,26,1944485103.60,0.5906,MEDIOBANCA - BANCA DI CREDITO FINANZIARIO S.P.A.,0.7625,0.8631,konzentriert,nein
Mongolia,2025-06-30,15,437391035.44,0.3193,Groupe BPCE,0.3302,0.9780,gestreut,nein
Montenegro,2025-06-30,19,1277852991.01,0.4920,"Česká spořitelna, a.s.",0.5957,0.9909,konzentriert,nein
Montserrat,2025-06-30,1,1367.83,1.0000,"Banco Comercial Português, SA",1.0000,1.0000,zu_duenn,nein
Morocco,2025-06-30,29,1426626189.19,0.3700,RCI Banque,0.5818,0.8031,konzentriert,nein
Mozambique,2025-06-30,13,1130615182.79,0.7711,"Banco Comercial Português, SA",0.8685,0.9991,konzentriert,nein
Myanmar,2025-06-30,12,2765003.91,0.4629,ING Groep N.V.,0.6475,0.9238,konzentriert,nein
Namibia,2025-06-30,20,2782979.78,0.1344,Bayerische Landesbank,0.2060,0.5464,gestreut,nein
Nauru,2025-06-30,1,11.00,1.0000,BPER Banca S.p.A.,1.0000,1.0000,zu_duenn,nein
Nepal,2025-06-30,15,434058.37,0.4862,Nordea Bank Abp,0.6691,0.9057,konzentriert,nein
Netherlands,2025-06-30,70,225774418292.26,0.0977,Argenta Bank- en Verzekeringsgroep NV,0.2275,0.4499,gestreut,nein
New Caledonia,2025-06-30,10,389582489.14,0.8491,Groupe BPCE,0.9187,0.9974,konzentriert,nein
New Zealand,2025-06-30,34,1161821430.50,0.1863,DEUTSCHE BANK AKTIENGESELLSCHAFT,0.2979,0.6837,gestreut,nein
Nicaragua,2025-06-30,17,706738.25,0.3143,BPER Banca S.p.A.,0.4123,0.8589,gestreut,nein
Niger,2025-06-30,8,1115081.70,0.2676,ING Groep N.V.,0.3344,0.8203,gestreut,nein
Nigeria,2025-06-30,28,717829583.57,0.4022,COMMERZBANK Aktiengesellschaft,0.5990,0.8424,konzentriert,nein
North Macedonia,2025-06-30,24,3104004724.14,0.4897,"National Bank of Greece, S.A.",0.5280,0.9924,konzentriert,nein
Northern Mariana Islands,2025-06-30,4,179827.80,0.7575,"Česká spořitelna, a.s.",0.8591,1.0000,konzentriert,nein
Norway,2025-06-30,70,172257825812.42,0.2686,Nordea Bank Abp,0.4642,0.7664,gestreut,nein
Oman,2025-06-30,24,354004207.85,0.2024,ING Groep N.V.,0.2679,0.7444,gestreut,nein
Pakistan,2025-06-30,26,200662107.88,0.8309,DEUTSCHE BANK AKTIENGESELLSCHAFT,0.9094,0.9810,konzentriert,nein
Palau,2025-06-30,3,424076.39,0.9873,ING Groep N.V.,0.9936,1.0000,konzentriert,nein
"Palestine, State of",2025-06-30,12,9679310.87,0.9363,Citibank Europe plc,0.9673,0.9980,konzentriert,nein
Panama,2025-06-30,29,3613080544.88,0.1879,"UNICREDIT, SOCIETA' PER AZIONI",0.2763,0.7065,gestreut,nein
Papua New Guinea,2025-06-30,8,1097738.37,0.4765,ING Groep N.V.,0.6176,0.9518,konzentriert,nein
Paraguay,2025-06-30,18,14680030.95,0.4154,"CaixaBank, S.A.",0.6209,0.8321,konzentriert,nein
Peru,2025-06-30,27,18664154733.10,0.8618,"Banco Bilbao Vizcaya Argentaria, S.A.",0.9274,0.9861,konzentriert,nein
Philippines,2025-06-30,32,1128192114.62,0.7816,ING Groep N.V.,0.8816,0.9561,konzentriert,nein
Pitcairn,2025-06-30,1,49.00,1.0000,"CaixaBank, S.A.",1.0000,1.0000,zu_duenn,nein
Poland,2025-06-30,46,444628691190.32,0.2129,BNP Paribas,0.3261,0.7324,gestreut,nein
Portugal,2025-06-30,48,63778926191.39,0.3202,"CaixaBank, S.A.",0.5157,0.8212,konzentriert,nein
Puerto Rico,2025-06-30,10,204335638.95,0.6461,ING Groep N.V.,0.7904,0.9950,konzentriert,nein
Qatar,2025-06-30,31,3243674342.21,0.3545,DEUTSCHE BANK AKTIENGESELLSCHAFT,0.5710,0.7588,konzentriert,nein
Romania,2025-06-30,59,68965798560.49,0.2050,Société générale S.A.,0.3466,0.6963,gestreut,nein
Russian Federation,2025-06-30,43,11616114374.17,0.3669,Raiffeisen Bank International AG,0.5465,0.8723,konzentriert,nein
Rwanda,2025-06-30,15,3593721.29,0.2486,Citibank Europe plc,0.4225,0.7330,gestreut,nein
Réunion,2025-06-30,11,3639282.18,0.4742,ING Groep N.V.,0.6390,0.9431,konzentriert,nein
Saint Barthélemy,2025-06-30,2,4451.00,0.5647,"CaixaBank, S.A.",0.6798,1.0000,zu_duenn,nein
"Saint Helena, Ascension and Tristan da Cunha",2025-06-30,1,2.36,1.0000,"Česká spořitelna, a.s.",1.0000,1.0000,zu_duenn,nein
Saint Kitts and Nevis,2025-06-30,8,4050647.50,0.7350,Citibank Europe plc,0.8428,0.9999,konzentriert,nein
Saint Lucia,2025-06-30,4,272186.31,0.9859,Groupe BPCE,0.9929,1.0000,konzentriert,nein
Saint Martin (French part),2025-06-30,4,696299.10,0.9824,Argenta Bank- en Verzekeringsgroep NV,0.9911,0.9993,konzentriert,nein
Saint Vincent and the Grenadines,2025-06-30,4,20459.98,0.2630,Groupe BPCE,0.3424,0.8097,gestreut,nein
Samoa,2025-06-30,3,523562.54,0.5952,Nordea Bank Abp,0.7205,1.0000,konzentriert,nein
San Marino,2025-06-30,14,112283581.16,0.3339,Intesa Sanpaolo S.p.A.,0.4008,0.9582,gestreut,nein
Sao Tome and Principe,2025-06-30,4,1325368.41,0.7150,"Banco Comercial Português, SA",0.8286,1.0000,konzentriert,nein
Saudi Arabia,2025-06-30,29,5688680756.27,0.1814,DEUTSCHE BANK AKTIENGESELLSCHAFT,0.2196,0.6488,gestreut,nein
Senegal,2025-06-30,17,221481915.91,0.2182,ING Groep N.V.,0.2923,0.7367,gestreut,nein
Serbia,2025-06-30,30,19234967649.76,0.2412,Intesa Sanpaolo S.p.A.,0.2957,0.7661,gestreut,nein
Seychelles,2025-06-30,21,26444742.89,0.4586,"Akciju sabiedrība ""Citadele banka""",0.4823,0.9779,gestreut,nein
Sierra Leone,2025-06-30,8,89800.04,0.7278,Nordea Bank Abp,0.8437,0.9849,konzentriert,nein
Singapore,2025-06-30,38,27634233427.56,0.1575,DEUTSCHE BANK AKTIENGESELLSCHAFT,0.2509,0.6142,gestreut,nein
Sint Maarten (Dutch part),2025-06-30,8,1333157.74,0.5410,ING Groep N.V.,0.6956,0.9923,konzentriert,nein
Slovakia,2025-06-30,60,94437691214.33,0.2780,Intesa Sanpaolo S.p.A.,0.3773,0.8719,gestreut,nein
Slovenia,2025-06-30,52,8276724918.52,0.2628,Intesa Sanpaolo S.p.A.,0.3132,0.8830,gestreut,nein
Solomon Islands,2025-06-30,3,254690536.14,0.5011,Natixis,0.5232,1.0000,konzentriert,nein
Somalia,2025-06-30,6,19814.01,0.7160,Nordea Bank Abp,0.8424,0.9435,konzentriert,nein
South Africa,2025-06-30,31,462399695.77,0.1348,Intesa Sanpaolo S.p.A.,0.2815,0.5151,gestreut,nein
South Georgia and the South Sandwich Islands,2025-06-30,1,1087.38,1.0000,"Česká spořitelna, a.s.",1.0000,1.0000,zu_duenn,nein
South Sudan,2025-06-30,3,736625.56,0.9924,Nordea Bank Abp,0.9962,1.0000,konzentriert,nein
Spain,2025-06-30,54,151074486037.36,0.1507,ING Groep N.V.,0.2485,0.6181,gestreut,nein
Sri Lanka,2025-06-30,23,89710502.87,0.8669,ING Groep N.V.,0.9305,0.9744,konzentriert,nein
Sudan,2025-06-30,7,595435.91,0.9221,Nordea Bank Abp,0.9599,0.9902,konzentriert,nein
Suriname,2025-06-30,9,83455690.44,0.9982,ING Groep N.V.,0.9991,1.0000,konzentriert,nein
Svalbard and Jan Mayen,2025-06-30,3,168742.86,0.9458,Nordea Bank Abp,0.9723,1.0000,konzentriert,nein
Sweden,2025-06-30,67,218939884220.44,0.3242,Nordea Bank Abp,0.5006,0.8261,konzentriert,nein
Switzerland,2025-06-30,55,83233116361.20,0.1227,ING Groep N.V.,0.2569,0.5168,gestreut,nein
Syrian Arab Republic,2025-06-30,11,284451.68,0.7661,Nordea Bank Abp,0.8721,0.9718,konzentriert,nein
"Taiwan, Province of China",2025-06-30,25,3176080296.30,0.3934,ING Groep N.V.,0.5234,0.9192,konzentriert,nein
Tajikistan,2025-06-30,14,327190.43,0.3331,Bayerische Landesbank,0.4831,0.9130,gestreut,nein
"Tanzania, United Republic of",2025-06-30,22,12091709.33,0.1912,Citibank Europe plc,0.3318,0.6662,gestreut,nein
Thailand,2025-06-30,35,2739962285.61,0.3121,ING Groep N.V.,0.4463,0.8381,gestreut,nein
Timor-Leste,2025-06-30,1,256808.11,1.0000,"Banco Comercial Português, SA",1.0000,1.0000,zu_duenn,nein
Togo,2025-06-30,10,37540063.72,0.4452,Groupe BPCE,0.4808,0.9877,gestreut,nein
Tonga,2025-06-30,1,5.40,1.0000,Nordea Bank Abp,1.0000,1.0000,zu_duenn,nein
Trinidad and Tobago,2025-06-30,14,1339146.60,0.3180,Citibank Europe plc,0.4872,0.8601,gestreut,nein
Tunisia,2025-06-30,25,109933429.67,0.2768,"UNICREDIT, SOCIETA' PER AZIONI",0.4839,0.7327,gestreut,nein
Turkmenistan,2025-06-30,11,35913.83,0.2709,"Gorenjska banka d.d., Kranj",0.3620,0.8395,gestreut,nein
Turks and Caicos Islands,2025-06-30,6,11264.57,0.4097,ING Groep N.V.,0.5740,0.9471,konzentriert,nein
Türkiye,2025-06-30,42,64149128681.58,0.7305,"Banco Bilbao Vizcaya Argentaria, S.A.",0.8500,0.9491,konzentriert,nein
Uganda,2025-06-30,17,21986339.30,0.4264,Citibank Europe plc,0.6153,0.8965,konzentriert,nein
Ukraine,2025-06-30,31,2702899237.25,0.5368,Raiffeisen Bank International AG,0.7160,0.9076,konzentriert,nein
United Arab Emirates,2025-06-30,43,12812740550.83,0.1522,DEUTSCHE BANK AKTIENGESELLSCHAFT,0.2380,0.6179,gestreut,nein
United Kingdom,2025-06-30,73,475887319980.59,0.0875,BNP Paribas,0.2328,0.3991,gestreut,nein
United States,2025-06-30,59,537560895339.83,0.1895,DEUTSCHE BANK AKTIENGESELLSCHAFT,0.3338,0.6587,gestreut,nein
United States Minor Outlying Islands,2025-06-30,2,101744.10,0.9538,ING Groep N.V.,0.9763,1.0000,zu_duenn,nein
Uruguay,2025-06-30,25,3361569968.92,0.6894,"Banco Bilbao Vizcaya Argentaria, S.A.",0.8258,0.9301,konzentriert,nein
Uzbekistan,2025-06-30,24,1338408061.32,0.2938,DEUTSCHE BANK AKTIENGESELLSCHAFT,0.3948,0.8259,gestreut,nein
Vanuatu,2025-06-30,5,577246555.97,0.4997,Groupe BPCE,0.5001,0.9999,konzentriert,nein
"Venezuela, Bolivarian Republic of",2025-06-30,23,492601810.62,0.9108,"Banco Bilbao Vizcaya Argentaria, S.A.",0.9541,0.9802,konzentriert,nein
Viet Nam,2025-06-30,30,1232693823.76,0.3359,DEUTSCHE BANK AKTIENGESELLSCHAFT,0.5176,0.8698,konzentriert,nein
"Virgin Islands, British",2025-06-30,28,10438710470.36,0.3954,DEUTSCHE BANK AKTIENGESELLSCHAFT,0.5391,0.9107,konzentriert,nein
"Virgin Islands, U.S.",2025-06-30,2,3482.01,1.0000,Groupe BPCE,1.0000,1.0000,zu_duenn,nein
Wallis and Futuna,2025-06-30,1,8552907.00,1.0000,Groupe BPCE,1.0000,1.0000,zu_duenn,nein
Western Sahara,2025-06-30,2,222916.00,0.9892,Groupe BPCE,0.9946,1.0000,zu_duenn,nein
Yemen,2025-06-30,8,166727.76,0.9313,Nordea Bank Abp,0.9645,0.9980,konzentriert,nein
Zambia,2025-06-30,16,16258010.84,0.7009,ING Groep N.V.,0.8306,0.9761,konzentriert,nein
Zimbabwe,2025-06-30,15,2571600.05,0.6249,Intesa Sanpaolo S.p.A.,0.7777,0.9602,konzentriert,nein
Åland Islands,2025-06-30,1,495972.23,1.0000,Svenska Handelsbanken - gruppen,1.0000,1.0000,zu_duenn,nein
Bahamas,2025-10-31,1,8280078.14,1.0000,Scotiabank (Ireland) Designated Activity Company,1.0000,1.0000,zu_duenn,nein
Belgium,2025-10-31,1,19788334.44,1.0000,Scotiabank (Ireland) Designated Activity Company,1.0000,1.0000,zu_duenn,nein
Bermuda,2025-10-31,1,156012481.23,1.0000,Scotiabank (Ireland) Designated Activity Company,1.0000,1.0000,zu_duenn,nein
Canada,2025-10-31,1,2963004.24,1.0000,Scotiabank (Ireland) Designated Activity Company,1.0000,1.0000,zu_duenn,nein
Cayman Islands,2025-10-31,1,218708967.99,1.0000,Scotiabank (Ireland) Designated Activity Company,1.0000,1.0000,zu_duenn,nein
Finland,2025-10-31,1,16171772.67,1.0000,Scotiabank (Ireland) Designated Activity Company,1.0000,1.0000,zu_duenn,nein
France,2025-10-31,1,953639516.26,1.0000,Scotiabank (Ireland) Designated Activity Company,1.0000,1.0000,zu_duenn,nein
Germany,2025-10-31,1,1002690310.17,1.0000,Scotiabank (Ireland) Designated Activity Company,1.0000,1.0000,zu_duenn,nein
Guernsey,2025-10-31,1,385000695.96,1.0000,Scotiabank (Ireland) Designated Activity Company,1.0000,1.0000,zu_duenn,nein
Italy,2025-10-31,1,277633983.23,1.0000,Scotiabank (Ireland) Designated Activity Company,1.0000,1.0000,zu_duenn,nein
Luxembourg,2025-10-31,1,525671861.93,1.0000,Scotiabank (Ireland) Designated Activity Company,1.0000,1.0000,zu_duenn,nein
Netherlands,2025-10-31,1,99312802.37,1.0000,Scotiabank (Ireland) Designated Activity Company,1.0000,1.0000,zu_duenn,nein
Norway,2025-10-31,1,69507153.10,1.0000,Scotiabank (Ireland) Designated Activity Company,1.0000,1.0000,zu_duenn,nein
Spain,2025-10-31,1,617809229.24,1.0000,Scotiabank (Ireland) Designated Activity Company,1.0000,1.0000,zu_duenn,nein
Sweden,2025-10-31,1,43971902.10,1.0000,Scotiabank (Ireland) Designated Activity Company,1.0000,1.0000,zu_duenn,nein
Switzerland,2025-10-31,1,25413914.53,1.0000,Scotiabank (Ireland) Designated Activity Company,1.0000,1.0000,zu_duenn,nein
United Kingdom,2025-10-31,1,477093714.24,1.0000,Scotiabank (Ireland) Designated Activity Company,1.0000,1.0000,zu_duenn,nein
United States,2025-10-31,1,215563097.59,1.0000,Scotiabank (Ireland) Designated Activity Company,1.0000,1.0000,zu_duenn,nein
Afghanistan,2025-12-31,17,220841.79,0.2785,"Banco Santander, S.A.",0.4219,0.8179,gestreut,nein
Albania,2025-12-31,36,4685420216.23,0.3064,Raiffeisen Bank International AG,0.3967,0.8993,gestreut,nein
Algeria,2025-12-31,35,1294117277.51,0.8110,Natixis,0.8964,0.9884,konzentriert,nein
American Samoa,2025-12-31,2,4871.16,0.9973,"Gorenjska banka d.d., Kranj",0.9986,1.0000,zu_duenn,nein
Andorra,2025-12-31,32,118430544.46,0.3104,"CaixaBank, S.A.",0.4700,0.8236,gestreut,nein
Angola,2025-12-31,29,915709298.39,0.4143,"CaixaBank, S.A.",0.5776,0.9044,konzentriert,nein
Anguilla,2025-12-31,9,25979957.96,0.4780,LGT Group Foundation,0.6365,0.9960,konzentriert,nein
Antarctica,2025-12-31,2,9122.59,0.9919,"Gorenjska banka d.d., Kranj",0.9959,1.0000,zu_duenn,nein
Antigua and Barbuda,2025-12-31,5,11761616.20,0.6162,Norddeutsche Landesbank - Girozentrale -,0.7424,0.9999,konzentriert,nein
Argentina,2025-12-31,49,22691050694.30,0.4231,"Banco Santander, S.A.",0.4583,0.9747,gestreut,nein
Armenia,2025-12-31,39,74582641.34,0.3207,BPER Banca S.p.A.,0.5407,0.7235,konzentriert,nein
Aruba,2025-12-31,12,61974831.88,0.6675,"CaixaBank, S.A.",0.8023,0.9948,konzentriert,nein
Australia,2025-12-31,110,205515166500.93,0.3448,ING Groep N.V.,0.5590,0.7637,konzentriert,nein
Austria,2025-12-31,95,163606746954.24,0.5174,"UNICREDIT, SOCIETA' PER AZIONI",0.7113,0.8351,konzentriert,nein
Azerbaijan,2025-12-31,32,475698740.46,0.4008,Intesa Sanpaolo S.p.A.,0.5424,0.9270,konzentriert,nein
Bahamas,2025-12-31,32,1805764884.70,0.3147,"Banco Santander, S.A.",0.4840,0.8244,gestreut,nein
Bahrain,2025-12-31,35,534395114.79,0.2447,ING Groep N.V.,0.3820,0.8026,gestreut,nein
Bangladesh,2025-12-31,37,951902563.82,0.3909,COMMERZBANK Aktiengesellschaft,0.5446,0.8794,konzentriert,nein
Barbados,2025-12-31,23,534207943.73,0.8287,ING Groep N.V.,0.9078,0.9867,konzentriert,nein
Belarus,2025-12-31,30,158318463.07,0.2538,"Banco Santander, S.A.",0.3979,0.7885,gestreut,nein
Belgium,2025-12-31,132,640162271851.63,0.3745,BNP Paribas,0.5287,0.8870,konzentriert,nein
Belize,2025-12-31,16,11217350.78,0.4368,LGT Group Foundation,0.6333,0.8558,konzentriert,nein
Benin,2025-12-31,18,81092009.18,0.9354,Natixis,0.9669,0.9952,konzentriert,nein
Bermuda,2025-12-31,45,35199183162.97,0.5116,ING Groep N.V.,0.7089,0.8121,konzentriert,nein
Bhutan,2025-12-31,6,4721.62,0.3556,ING Groep N.V.,0.4883,0.9520,gestreut,nein
"Bolivia, Plurinational State of",2025-12-31,21,3285616.92,0.4089,"Banco Santander, S.A.",0.6122,0.8435,konzentriert,nein
"Bonaire, Sint Eustatius and Saba",2025-12-31,9,5766764.52,0.7913,Coöperatieve Rabobank U.A.,0.8860,0.9966,konzentriert,nein
Bosnia and Herzegovina,2025-12-31,41,9255650589.16,0.2892,"UNICREDIT, SOCIETA' PER AZIONI",0.3947,0.8814,gestreut,nein
Botswana,2025-12-31,17,119550265.44,0.5221,ING Groep N.V.,0.6793,0.9842,konzentriert,nein
Bouvet Island,2025-12-31,2,2542.18,0.9657,J.P. Morgan SE,0.9825,1.0000,zu_duenn,nein
Brazil,2025-12-31,64,125112389553.58,0.6602,"Banco Santander, S.A.",0.8018,0.9472,konzentriert,nein
British Indian Ocean Territory,2025-12-31,3,19261.38,0.9979,"Banco Santander, S.A.",0.9990,1.0000,konzentriert,nein
Brunei Darussalam,2025-12-31,17,3706377.39,0.4448,ING Groep N.V.,0.6311,0.8859,konzentriert,nein
Bulgaria,2025-12-31,89,53419436582.65,0.3426,"UNICREDIT, SOCIETA' PER AZIONI",0.4720,0.9492,gestreut,nein
Burkina Faso,2025-12-31,12,1237746.52,0.5672,Bpifrance,0.7028,0.9903,konzentriert,nein
Burundi,2025-12-31,15,2528675.60,0.6625,Intesa Sanpaolo S.p.A.,0.7909,0.9971,konzentriert,nein
Cabo Verde,2025-12-31,17,2997780.82,0.5089,"Banco Santander, S.A.",0.6672,0.9563,konzentriert,nein
Cambodia,2025-12-31,19,17765997.53,0.5734,ING Groep N.V.,0.7449,0.9101,konzentriert,nein
Cameroon,2025-12-31,31,33499802.91,0.5303,DEUTSCHE BANK AKTIENGESELLSCHAFT,0.6878,0.9632,konzentriert,nein
Canada,2025-12-31,91,48492577979.24,0.1450,ING Groep N.V.,0.2894,0.5885,gestreut,nein
Cayman Islands,2025-12-31,54,42349080217.01,0.2574,DEUTSCHE BANK AKTIENGESELLSCHAFT,0.4030,0.7728,gestreut,nein
Central African Republic,2025-12-31,10,101016.95,0.8340,Powszechna Kasa Oszczednosci Bank Polski S.A.,0.9118,0.9754,konzentriert,nein
Chad,2025-12-31,10,147911.28,0.8650,BNP Paribas,0.9290,0.9829,konzentriert,nein
Chile,2025-12-31,66,56294666957.99,0.5547,"Banco Santander, S.A.",0.7396,0.8235,konzentriert,nein
China,2025-12-31,69,23229873817.36,0.1466,ING Groep N.V.,0.2429,0.5840,gestreut,nein
Christmas Island,2025-12-31,1,0.40,1.0000,"Gorenjska banka d.d., Kranj",1.0000,1.0000,zu_duenn,nein
Cocos (Keeling) Islands,2025-12-31,1,12.47,1.0000,"Gorenjska banka d.d., Kranj",1.0000,1.0000,zu_duenn,nein
Colombia,2025-12-31,52,11568875641.62,0.3698,"Banco Santander, S.A.",0.4609,0.9188,gestreut,nein
Comoros,2025-12-31,6,2000114.83,0.9999,"Banco Santander, S.A.",0.9999,1.0000,konzentriert,nein
Congo,2025-12-31,15,157257946.26,0.3237,DEUTSCHE BANK AKTIENGESELLSCHAFT,0.3633,0.9808,gestreut,nein
"Congo, The Democratic Republic of the",2025-12-31,24,208432079.20,0.9566,ING Groep N.V.,0.9780,0.9912,konzentriert,nein
Cook Islands,2025-12-31,2,78411.43,0.9998,Nordea Bank Abp,0.9999,1.0000,zu_duenn,nein
Costa Rica,2025-12-31,31,24366998.28,0.3502,Raiffeisen Bank International AG,0.4859,0.8709,gestreut,nein
Croatia,2025-12-31,85,74773010287.02,0.2079,Intesa Sanpaolo S.p.A.,0.3093,0.6890,gestreut,nein
Cuba,2025-12-31,25,56393107.89,0.3697,Intesa Sanpaolo S.p.A.,0.5515,0.9017,konzentriert,nein
Curaçao,2025-12-31,23,545059907.03,0.4120,Coöperatieve Rabobank U.A.,0.5634,0.9697,konzentriert,nein
Cyprus,2025-12-31,100,25745644275.51,0.2310,Bank of Cyprus Holdings Public Limited Company,0.4088,0.7239,gestreut,nein
Czechia,2025-12-31,114,193595987862.22,0.1713,"Česká spořitelna, a.s.",0.2528,0.6738,gestreut,nein
Côte d'Ivoire,2025-12-31,34,137382702.18,0.3410,DEUTSCHE BANK AKTIENGESELLSCHAFT,0.5130,0.8891,konzentriert,nein
Denmark,2025-12-31,128,339555244842.23,0.3912,"Banco Bilbao Vizcaya Argentaria, S.A.",0.5614,0.8610,konzentriert,ja
Djibouti,2025-12-31,7,546327.75,0.7735,Coöperatieve Rabobank U.A.,0.8718,0.9943,konzentriert,nein
Dominica,2025-12-31,9,1178590.93,0.6735,Nordea Bank Abp,0.7969,0.9980,konzentriert,nein
Dominican Republic,2025-12-31,33,70073933.59,0.5408,"Banco Santander, S.A.",0.6993,0.9396,konzentriert,nein
Ecuador,2025-12-31,32,419180949.93,0.3939,"Banco Santander, S.A.",0.5225,0.9257,konzentriert,nein
Egypt,2025-12-31,51,4507145846.10,0.1715,Intesa Sanpaolo S.p.A.,0.2884,0.6250,gestreut,nein
El Salvador,2025-12-31,16,78158445.54,0.5393,"Banco Santander, S.A.",0.6909,0.9711,konzentriert,nein
Equatorial Guinea,2025-12-31,10,2778805.51,0.5126,"CaixaBank, S.A.",0.6188,0.9936,konzentriert,nein
Eritrea,2025-12-31,7,4350.54,0.5737,Nordea Bank Abp,0.7376,0.9663,konzentriert,nein
Estonia,2025-12-31,86,31231745230.99,0.4042,Skandinaviska Enskilda Banken - gruppen,0.5092,0.9223,konzentriert,nein
Eswatini,2025-12-31,12,578031.02,0.4400,Svenska Handelsbanken - gruppen,0.6015,0.9962,konzentriert,nein
Ethiopia,2025-12-31,24,277551145.55,0.3285,Intesa Sanpaolo S.p.A.,0.3603,0.9841,gestreut,nein
Falkland Islands (Malvinas),2025-12-31,2,20983162.37,1.0000,"CaixaBank, S.A.",1.0000,1.0000,zu_duenn,nein
Faroe Islands,2025-12-31,13,691054090.81,0.4541,Nordea Bank Abp,0.6104,0.9620,konzentriert,nein
Fiji,2025-12-31,11,1018756.79,0.9825,ING Groep N.V.,0.9912,0.9986,konzentriert,nein
Finland,2025-12-31,105,74615549340.57,0.1997,Danske Bank A/S,0.4005,0.6198,gestreut,nein
France,2025-12-31,137,327001567813.69,0.0693,"Banco Santander, S.A.",0.1695,0.3879,gestreut,nein
French Guiana,2025-12-31,8,116114681.53,0.9491,Promontoria 19 Coöperatie U.A.,0.9739,0.9996,konzentriert,nein
French Polynesia,2025-12-31,14,7561501.58,0.2904,"Banco Santander, S.A.",0.3967,0.8300,gestreut,nein
French Southern Territories,2025-12-31,2,703.61,0.9865,Bayerische Landesbank,0.9932,1.0000,zu_duenn,nein
Gabon,2025-12-31,16,1655011.80,0.4122,Promontoria 19 Coöperatie U.A.,0.6144,0.8510,konzentriert,nein
Gambia,2025-12-31,14,529243.06,0.3361,"CaixaBank, S.A.",0.4181,0.9357,gestreut,nein
Georgia,2025-12-31,42,86745150.12,0.1667,BPER Banca S.p.A.,0.3272,0.5812,gestreut,nein
Germany,2025-12-31,128,1167321713861.54,0.1975,ING Groep N.V.,0.3554,0.6777,gestreut,nein
Ghana,2025-12-31,34,623774224.94,0.3011,ING Groep N.V.,0.5122,0.7459,konzentriert,nein
Gibraltar,2025-12-31,30,80509060.68,0.1894,"Banco Santander, S.A.",0.2857,0.6620,gestreut,nein
Greece,2025-12-31,102,13773095262.98,0.0990,Eurobank Limited,0.1973,0.4541,gestreut,nein
Greenland,2025-12-31,10,243941004.67,0.9122,Skandinaviska Enskilda Banken - gruppen,0.9542,0.9999,konzentriert,nein
Grenada,2025-12-31,8,3375736.13,0.8566,J.P. Morgan SE,0.9247,0.9729,konzentriert,nein
Guadeloupe,2025-12-31,11,868105935.68,0.5047,BNP Paribas,0.5573,0.9997,konzentriert,nein
Guam,2025-12-31,1,500.00,1.0000,"CaixaBank, S.A.",1.0000,1.0000,zu_duenn,nein
Guatemala,2025-12-31,22,431201994.63,0.7264,COMMERZBANK Aktiengesellschaft,0.8418,0.9901,konzentriert,nein
Guernsey,2025-12-31,39,7104979939.91,0.1640,ING Groep N.V.,0.2988,0.6293,gestreut,nein
Guinea,2025-12-31,17,14895971.02,0.2740,Bpifrance,0.3552,0.8912,gestreut,nein
Guinea-Bissau,2025-12-31,7,935504.55,0.9804,"Banco Comercial Português, SA",0.9901,0.9985,konzentriert,nein
Guyana,2025-12-31,7,396936.38,0.3946,Coöperatieve Rabobank U.A.,0.4637,0.9731,gestreut,nein
Haiti,2025-12-31,7,14569.41,0.3852,ING Groep N.V.,0.5380,0.9450,konzentriert,nein
Heard Island and McDonald Islands,2025-12-31,1,36623.34,1.0000,Raiffeisenbankengruppe OÖ Verbund eGen,1.0000,1.0000,zu_duenn,nein
Holy See (Vatican City State),2025-12-31,5,533135.39,0.9971,BNP Paribas,0.9985,0.9998,konzentriert,nein
Honduras,2025-12-31,20,39580736.80,0.3916,"Banco Santander, S.A.",0.5307,0.9900,konzentriert,nein
Hong Kong,2025-12-31,83,41103085618.12,0.1650,ING Groep N.V.,0.3190,0.5972,gestreut,nein
Hungary,2025-12-31,103,52384544834.03,0.1619,"UNICREDIT, SOCIETA' PER AZIONI",0.3130,0.5771,gestreut,nein
Iceland,2025-12-31,78,1868805281.44,0.1697,Nordea Bank Abp,0.2935,0.6089,gestreut,nein
India,2025-12-31,58,17134773311.28,0.4743,DEUTSCHE BANK AKTIENGESELLSCHAFT,0.6730,0.8549,konzentriert,nein
Indonesia,2025-12-31,45,4161919888.61,0.2908,DEUTSCHE BANK AKTIENGESELLSCHAFT,0.4126,0.8442,gestreut,nein
"Iran, Islamic Republic of",2025-12-31,23,22967071.53,0.3669,First Investment Bank,0.5847,0.7552,konzentriert,nein
Iraq,2025-12-31,24,154900300.41,0.3719,KfW Beteiligungsholding GmbH,0.5186,0.9444,konzentriert,nein
Ireland,2025-12-31,124,183712754730.59,0.1454,ING Groep N.V.,0.3430,0.5144,gestreut,nein
Isle of Man,2025-12-31,33,2696923755.47,0.2204,ING Groep N.V.,0.4237,0.6231,gestreut,nein
Israel,2025-12-31,62,3492378382.47,0.1827,DEUTSCHE BANK AKTIENGESELLSCHAFT,0.3131,0.6666,gestreut,nein
Italy,2025-12-31,99,229740619174.76,0.1386,DEUTSCHE BANK AKTIENGESELLSCHAFT,0.2237,0.6000,gestreut,nein
Jamaica,2025-12-31,16,1937947.36,0.3317,"Banco Santander, S.A.",0.5160,0.8583,konzentriert,nein
Japan,2025-12-31,66,25990584006.87,0.4049,ING Groep N.V.,0.6170,0.8070,konzentriert,nein
Jersey,2025-12-31,43,15675321381.25,0.1033,DEUTSCHE BANK AKTIENGESELLSCHAFT,0.2026,0.4670,gestreut,nein
Jordan,2025-12-31,33,30925617.45,0.1283,"UNICREDIT, SOCIETA' PER AZIONI",0.2327,0.5393,gestreut,nein
Kazakhstan,2025-12-31,47,1145029056.03,0.2478,ING Groep N.V.,0.4338,0.7032,gestreut,nein
Kenya,2025-12-31,40,328113137.76,0.7823,ING Groep N.V.,0.8832,0.9398,konzentriert,nein
Kiribati,2025-12-31,1,65.08,1.0000,Raiffeisen Bank International AG,1.0000,1.0000,zu_duenn,nein
"Korea, Democratic People's Republic of",2025-12-31,4,45187380.41,0.6500,"Banque et Caisse d´Epargne de l´Etat, Luxembourg",0.7897,1.0000,konzentriert,nein
"Korea, Republic of",2025-12-31,71,30138416638.20,0.2088,ING Groep N.V.,0.3877,0.6679,gestreut,nein
Kosovo,2025-12-31,11,55233430.27,0.8167,HCBG Holding B.V.,0.9021,0.9737,konzentriert,nein
Kuwait,2025-12-31,35,799653687.42,0.4534,ING Groep N.V.,0.6317,0.9220,konzentriert,nein
Kyrgyzstan,2025-12-31,24,10338739.93,0.6990,HCBG Holding B.V.,0.8279,0.9762,konzentriert,nein
Lao People's Democratic Republic,2025-12-31,14,1341751.78,0.2944,Nordea Bank Abp,0.4502,0.8223,gestreut,nein
Latvia,2025-12-31,82,19422482595.58,0.2870,Skandinaviska Enskilda Banken - gruppen,0.4114,0.8708,gestreut,nein
Lebanon,2025-12-31,31,29459984.35,0.1627,ING Groep N.V.,0.2805,0.6063,gestreut,nein
Lesotho,2025-12-31,6,139972.65,0.9371,Nordea Bank Abp,0.9678,0.9982,konzentriert,nein
Liberia,2025-12-31,25,9410810245.91,0.2740,ING Groep N.V.,0.4908,0.6796,gestreut,nein
Libya,2025-12-31,22,298874.89,0.3254,"CaixaBank, S.A.",0.4610,0.8710,gestreut,nein
Liechtenstein,2025-12-31,45,1654513459.99,0.1314,ING Groep N.V.,0.2001,0.5332,gestreut,nein
Lithuania,2025-12-31,83,44366756950.73,0.2890,Skandinaviska Enskilda Banken - gruppen,0.4260,0.8677,gestreut,nein
Luxembourg,2025-12-31,126,629621231151.63,0.1313,Groupe BPCE,0.2228,0.5779,gestreut,nein
Macao,2025-12-31,13,73014025.61,0.5179,"Banco Comercial Português, SA",0.6641,0.9639,konzentriert,nein
Madagascar,2025-12-31,21,7339116.82,0.2787,Natixis,0.4825,0.7379,gestreut,nein
Malawi,2025-12-31,14,1086703.62,0.5111,THE BANK OF NEW YORK MELLON,0.7003,0.8767,konzentriert,nein
Malaysia,2025-12-31,48,2220731584.48,0.2090,DEUTSCHE BANK AKTIENGESELLSCHAFT,0.3606,0.7023,gestreut,nein
Maldives,2025-12-31,12,2387801.58,0.4769,Natixis,0.6184,0.9825,konzentriert,nein
Mali,2025-12-31,17,6279452.72,0.7880,Coöperatieve Rabobank U.A.,0.8844,0.9784,konzentriert,nein
Malta,2025-12-31,66,9203022044.66,0.3747,HSBC Continental Europe,0.6007,0.7262,konzentriert,nein
Marshall Islands,2025-12-31,28,13801463844.26,0.3024,ING Groep N.V.,0.5058,0.7612,konzentriert,nein
Martinique,2025-12-31,7,273843932.48,0.9861,Promontoria 19 Coöperatie U.A.,0.9930,0.9992,konzentriert,nein
Mauritania,2025-12-31,10,2219142.07,0.4273,Natixis,0.4709,0.9580,gestreut,nein
Mauritius,2025-12-31,38,2562219157.23,0.1993,ING Groep N.V.,0.3303,0.6856,gestreut,nein
Mayotte,2025-12-31,6,749313.51,0.3437,Promontoria 19 Coöperatie U.A.,0.4207,0.9104,gestreut,nein
Mexico,2025-12-31,59,159485060575.82,0.4883,"Banco Bilbao Vizcaya Argentaria, S.A.",0.6317,0.9494,konzentriert,nein
"Micronesia, Federated States of",2025-12-31,3,2272749.49,0.9898,LGT Group Foundation,0.9949,1.0000,konzentriert,nein
"Moldova, Republic of",2025-12-31,31,938782120.86,0.6790,Banca Transilvania,0.8011,0.9977,konzentriert,nein
Monaco,2025-12-31,47,2478627930.25,0.3285,MEDIOBANCA - BANCA DI CREDITO FINANZIARIO S.P.A.,0.5260,0.7940,konzentriert,nein
Mongolia,2025-12-31,21,513535865.51,0.3740,ING Groep N.V.,0.5091,0.9817,konzentriert,nein
Montenegro,2025-12-31,36,2684939029.93,0.5215,OTP-csoport,0.6536,0.9745,konzentriert,nein
Montserrat,2025-12-31,1,1251.55,1.0000,"Banco Comercial Português, SA",1.0000,1.0000,zu_duenn,nein
Morocco,2025-12-31,46,1634086024.84,0.3883,RCI Banque,0.6001,0.8119,konzentriert,nein
Mozambique,2025-12-31,17,1188142247.18,0.7036,"Banco Comercial Português, SA",0.8206,0.9984,konzentriert,nein
Myanmar,2025-12-31,16,7037365.54,0.4218,"DZ BANK AG Deutsche Zentral-Genossenschaftsbank, Frankfurt am Main",0.4659,0.9723,gestreut,nein
Namibia,2025-12-31,25,14231625.59,0.5854,BNP Paribas,0.7606,0.8437,konzentriert,nein
Nauru,2025-12-31,1,66.07,1.0000,"Banco Comercial Português, SA",1.0000,1.0000,zu_duenn,nein
Nepal,2025-12-31,22,1405528.25,0.2070,Raiffeisen Bank International AG,0.3850,0.6748,gestreut,nein
Netherlands,2025-12-31,129,270058255822.41,0.0542,BNP Paribas,0.1523,0.3073,gestreut,nein
New Caledonia,2025-12-31,12,103700473.48,0.8178,ING Groep N.V.,0.9022,0.9848,konzentriert,nein
New Zealand,2025-12-31,48,12901802700.86,0.7951,Coöperatieve Rabobank U.A.,0.8904,0.9438,konzentriert,nein
Nicaragua,2025-12-31,20,925215.41,0.3952,Crelan,0.5574,0.8930,konzentriert,nein
Niger,2025-12-31,10,1641753.90,0.4436,"Banco Santander, S.A.",0.6091,0.9897,konzentriert,nein
Nigeria,2025-12-31,45,1611966179.69,0.3212,COMMERZBANK Aktiengesellschaft,0.4618,0.8356,gestreut,nein
Norfolk Island,2025-12-31,1,1789.78,1.0000,ING Groep N.V.,1.0000,1.0000,zu_duenn,nein
North Macedonia,2025-12-31,38,3343738608.67,0.4765,"National Bank of Greece, S.A.",0.5210,0.9825,konzentriert,nein
Northern Mariana Islands,2025-12-31,3,149732.57,0.8522,"Česká spořitelna, a.s.",0.9196,1.0000,konzentriert,nein
Norway,2025-12-31,134,214194539246.83,0.1940,Nordea Bank Abp,0.3737,0.6634,gestreut,nein
Oman,2025-12-31,38,707863429.55,0.1610,Natixis,0.2901,0.6094,gestreut,nein
Pakistan,2025-12-31,33,159059676.23,0.4744,KfW Beteiligungsholding GmbH,0.6421,0.9422,konzentriert,nein
Palau,2025-12-31,3,857876.13,0.9839,ING Groep N.V.,0.9919,1.0000,konzentriert,nein
"Palestine, State of",2025-12-31,15,264638.37,0.6807,Raiffeisen Bank International AG,0.8186,0.9559,konzentriert,nein
Panama,2025-12-31,38,5190115864.01,0.1733,ING Groep N.V.,0.2738,0.6609,gestreut,nein
Papua New Guinea,2025-12-31,7,1051456.39,0.9146,ING Groep N.V.,0.9559,0.9904,konzentriert,nein
Paraguay,2025-12-31,30,506208895.26,0.4152,COMMERZBANK Aktiengesellschaft,0.6058,0.8948,konzentriert,nein
Peru,2025-12-31,41,25452019624.06,0.6250,"Banco Bilbao Vizcaya Argentaria, S.A.",0.7754,0.9607,konzentriert,nein
Philippines,2025-12-31,52,2930716428.13,0.6916,ING Groep N.V.,0.8253,0.9642,konzentriert,nein
Pitcairn,2025-12-31,1,50.00,1.0000,"CaixaBank, S.A.",1.0000,1.0000,zu_duenn,nein
Poland,2025-12-31,114,446605548418.33,0.1719,ING Groep N.V.,0.2974,0.6485,gestreut,nein
Portugal,2025-12-31,86,164245968002.30,0.3731,"Banco Santander, S.A.",0.4530,0.9244,gestreut,nein
Puerto Rico,2025-12-31,18,318074544.03,0.5832,ING Groep N.V.,0.7486,0.9467,konzentriert,nein
Qatar,2025-12-31,51,5492895763.83,0.1723,DEUTSCHE BANK AKTIENGESELLSCHAFT,0.3031,0.6498,gestreut,nein
Romania,2025-12-31,105,94561885411.42,0.2019,"UNICREDIT, SOCIETA' PER AZIONI",0.2753,0.7380,gestreut,nein
Russian Federation,2025-12-31,71,16228740728.23,0.2375,Raiffeisen Bank International AG,0.3693,0.7518,gestreut,nein
Rwanda,2025-12-31,19,1451501.04,0.2322,Nordea Bank Abp,0.3206,0.7805,gestreut,nein
Réunion,2025-12-31,16,1047377145.45,0.4963,Promontoria 19 Coöperatie U.A.,0.5597,0.9944,konzentriert,nein
Saint Barthélemy,2025-12-31,3,12002793.11,0.9989,LGT Group Foundation,0.9995,1.0000,konzentriert,nein
"Saint Helena, Ascension and Tristan da Cunha",2025-12-31,1,4.03,1.0000,"Česká spořitelna, a.s.",1.0000,1.0000,zu_duenn,nein
Saint Kitts and Nevis,2025-12-31,13,7033757.11,0.6662,J.P. Morgan SE,0.8022,0.9931,konzentriert,nein
Saint Lucia,2025-12-31,4,57596448.33,1.0000,"CaixaBank, S.A.",1.0000,1.0000,konzentriert,nein
Saint Martin (French part),2025-12-31,8,1554305.71,0.4879,BNP Paribas,0.6524,0.9918,konzentriert,nein
Saint Vincent and the Grenadines,2025-12-31,3,17946616.97,0.9991,LGT Group Foundation,0.9995,1.0000,konzentriert,nein
Samoa,2025-12-31,3,96043049.42,0.9919,LGT Group Foundation,0.9959,1.0000,konzentriert,nein
San Marino,2025-12-31,15,72370432.85,0.3886,Intesa Sanpaolo S.p.A.,0.5536,0.8877,konzentriert,nein
Sao Tome and Principe,2025-12-31,5,1359572.06,0.6940,"Banco Comercial Português, SA",0.8172,0.9959,konzentriert,nein
Saudi Arabia,2025-12-31,54,8114743233.78,0.1652,ING Groep N.V.,0.2466,0.6171,gestreut,nein
Senegal,2025-12-31,29,287205824.63,0.2908,ING Groep N.V.,0.4446,0.8445,gestreut,nein
Serbia,2025-12-31,54,15600598380.74,0.3118,Intesa Sanpaolo S.p.A.,0.3840,0.9561,gestreut,nein
Seychelles,2025-12-31,19,53683163.24,0.6207,LGT Group Foundation,0.7593,0.9869,konzentriert,nein
Sierra Leone,2025-12-31,8,94498.59,0.6469,Nordea Bank Abp,0.7790,0.9902,konzentriert,nein
Singapore,2025-12-31,67,46411353545.42,0.1778,ING Groep N.V.,0.3463,0.6238,gestreut,nein
Sint Maarten (Dutch part),2025-12-31,8,6389649.83,0.5145,Coöperatieve Rabobank U.A.,0.6138,0.9991,konzentriert,nein
Slovakia,2025-12-31,101,108211134901.78,0.2320,Intesa Sanpaolo S.p.A.,0.3358,0.7849,gestreut,nein
Slovenia,2025-12-31,79,32709131508.94,0.5573,OTP-csoport,0.7250,0.9645,konzentriert,nein
Solomon Islands,2025-12-31,2,2733.40,0.9681,ING Groep N.V.,0.9838,1.0000,zu_duenn,nein
Somalia,2025-12-31,12,3708404.71,0.9786,Natixis,0.9892,0.9980,konzentriert,nein
South Africa,2025-12-31,60,2000870130.29,0.2335,DEUTSCHE BANK AKTIENGESELLSCHAFT,0.3403,0.7218,gestreut,nein
South Georgia and the South Sandwich Islands,2025-12-31,3,2411.13,0.3760,"Česká spořitelna, a.s.",0.4347,1.0000,gestreut,nein
South Sudan,2025-12-31,4,861577.20,0.9841,Nordea Bank Abp,0.9920,1.0000,konzentriert,nein
Spain,2025-12-31,126,256097339011.31,0.1475,ING Groep N.V.,0.2982,0.5783,gestreut,nein
Sri Lanka,2025-12-31,30,458224854.76,0.3636,DEUTSCHE BANK AKTIENGESELLSCHAFT,0.4725,0.9835,gestreut,nein
Sudan,2025-12-31,11,617410.55,0.9022,Nordea Bank Abp,0.9492,0.9955,konzentriert,nein
Suriname,2025-12-31,9,159984154.68,0.9887,ING Groep N.V.,0.9943,0.9999,konzentriert,nein
Svalbard and Jan Mayen,2025-12-31,3,7659.46,0.6497,ING Groep N.V.,0.7845,1.0000,konzentriert,nein
Sweden,2025-12-31,136,260576259674.60,0.2542,Nordea Bank Abp,0.4484,0.7185,gestreut,nein
Switzerland,2025-12-31,110,131781157707.93,0.1379,ING Groep N.V.,0.3296,0.4986,gestreut,nein
Syrian Arab Republic,2025-12-31,17,997657.13,0.2174,"UNICREDIT, SOCIETA' PER AZIONI",0.2870,0.7849,gestreut,nein
"Taiwan, Province of China",2025-12-31,46,7792694282.77,0.5316,ING Groep N.V.,0.7053,0.9134,konzentriert,nein
Tajikistan,2025-12-31,18,264517.19,0.3342,Bayerische Landesbank,0.5346,0.8189,konzentriert,nein
"Tanzania, United Republic of",2025-12-31,28,159113594.40,0.4069,Coöperatieve Rabobank U.A.,0.5711,0.9338,konzentriert,nein
Thailand,2025-12-31,55,8470894005.94,0.3188,"Banco Bilbao Vizcaya Argentaria, S.A.",0.4434,0.8824,gestreut,nein
Timor-Leste,2025-12-31,3,770293.16,0.5567,ING Groep N.V.,0.6684,1.0000,konzentriert,nein
Togo,2025-12-31,18,18304782.09,0.8591,Natixis,0.9259,0.9794,konzentriert,nein
Tonga,2025-12-31,1,71.96,1.0000,"UNICREDIT, SOCIETA' PER AZIONI",1.0000,1.0000,zu_duenn,nein
Trinidad and Tobago,2025-12-31,15,1394243.11,0.5458,"Banco Santander, S.A.",0.7172,0.9485,konzentriert,nein
Tunisia,2025-12-31,39,97309321.18,0.2965,"UNICREDIT, SOCIETA' PER AZIONI",0.5016,0.7569,konzentriert,nein
Turkmenistan,2025-12-31,11,263819.52,0.7762,Société générale S.A.,0.8783,0.9694,konzentriert,nein
Turks and Caicos Islands,2025-12-31,6,4505969.64,0.7744,J.P. Morgan SE,0.8709,0.9992,konzentriert,nein
Türkiye,2025-12-31,77,78232330574.85,0.6106,"Banco Bilbao Vizcaya Argentaria, S.A.",0.7682,0.9257,konzentriert,nein
Uganda,2025-12-31,25,3973377.60,0.2319,Nordea Bank Abp,0.4157,0.6871,gestreut,nein
Ukraine,2025-12-31,53,3360117784.38,0.5019,Raiffeisen Bank International AG,0.6879,0.9200,konzentriert,nein
United Arab Emirates,2025-12-31,84,17498107169.14,0.1402,ING Groep N.V.,0.2451,0.5965,gestreut,nein
United Kingdom,2025-12-31,146,930073619084.81,0.1167,"Banco Santander, S.A.",0.2919,0.4759,gestreut,nein
United States,2025-12-31,120,855452414847.38,0.1729,ING Groep N.V.,0.3019,0.6629,gestreut,nein
United States Minor Outlying Islands,2025-12-31,4,385429.99,0.6055,Coöperatieve Rabobank U.A.,0.7343,0.9979,konzentriert,nein
Uruguay,2025-12-31,37,8898213296.75,0.4235,"Banco Santander, S.A.",0.5447,0.9369,konzentriert,nein
Uzbekistan,2025-12-31,33,1617086310.79,0.2493,KfW Beteiligungsholding GmbH,0.4181,0.7294,gestreut,nein
Vanuatu,2025-12-31,5,78504.42,0.9348,ING Groep N.V.,0.9664,0.9998,konzentriert,nein
"Venezuela, Bolivarian Republic of",2025-12-31,33,455960032.04,0.7685,"Banco Bilbao Vizcaya Argentaria, S.A.",0.8729,0.9716,konzentriert,nein
Viet Nam,2025-12-31,39,1682672192.55,0.2290,DEUTSCHE BANK AKTIENGESELLSCHAFT,0.3558,0.7783,gestreut,nein
"Virgin Islands, British",2025-12-31,38,18066457367.96,0.2802,ING Groep N.V.,0.4130,0.7952,gestreut,nein
"Virgin Islands, U.S.",2025-12-31,1,0.01,1.0000,Nordea Bank Abp,1.0000,1.0000,zu_duenn,nein
Wallis and Futuna,2025-12-31,1,70280.00,1.0000,Bpifrance,1.0000,1.0000,zu_duenn,nein
Yemen,2025-12-31,11,255591.48,0.5249,Nordea Bank Abp,0.6412,0.9880,konzentriert,nein
Zambia,2025-12-31,22,36750016.35,0.5004,ING Groep N.V.,0.6811,0.8988,konzentriert,nein
Zimbabwe,2025-12-31,25,7588840.10,0.2007,J.P. Morgan SE,0.2980,0.6935,gestreut,nein
Åland Islands,2025-12-31,4,1323343.55,0.9921,Svenska Handelsbanken - gruppen,0.9961,1.0000,konzentriert,nein
Denmark,2026-03-31,1,11288855.28,1.0000,KOMMUNALBANKEN AS,1.0000,1.0000,zu_duenn,nein
Finland,2026-03-31,1,24559169.31,1.0000,KOMMUNALBANKEN AS,1.0000,1.0000,zu_duenn,nein
France,2026-03-31,1,30730093.13,1.0000,KOMMUNALBANKEN AS,1.0000,1.0000,zu_duenn,nein
Germany,2026-03-31,1,54070911.72,1.0000,KOMMUNALBANKEN AS,1.0000,1.0000,zu_duenn,nein
Netherlands,2026-03-31,1,3583528.55,1.0000,KOMMUNALBANKEN AS,1.0000,1.0000,zu_duenn,nein
Sweden,2026-03-31,1,4760064.39,1.0000,KOMMUNALBANKEN AS,1.0000,1.0000,zu_duenn,nein
