refPeriod,land,land_name,melder,melder_gesamt,breite,melder_unvollstaendig,exposure_eur,bip_eur,bip_jahr,exposure_je_bip,groesster_melder,groesster_heimat,groesster_inlaendisch,groesster_anteil
2025-06-30,AD,Andorra,22,105,0.2095,0,72652284.90,3830606364,2025,0.018966,"CaixaBank, S.A.",Spain,nein,0.7397
2025-06-30,AE,United Arab Emirates,53,105,0.5048,0,12805436684.24,470061645646,2024,0.027242,DEUTSCHE BANK AKTIENGESELLSCHAFT,Germany,nein,0.2381
2025-06-30,AF,Afghanistan,18,105,0.1714,0,3590073.80,15130577764,2024,0.000237,Groupe BPCE,France,nein,0.3263
2025-06-30,AG,Antigua and Barbuda,9,105,0.0857,0,1235445.39,1989945340,2025,0.000621,Intesa Sanpaolo S.p.A.,Italy,nein,0.8094
2025-06-30,AI,Anguilla,8,105,0.0762,0,527241024.18,,,,"Banco Bilbao Vizcaya Argentaria, S.A.",Spain,nein,0.8061
2025-06-30,AL,Albania,28,105,0.2667,0,2437582238.52,25991532630,2025,0.093784,Raiffeisen Bank International AG,Austria,nein,0.6981
2025-06-30,AM,Armenia,40,105,0.3810,3,34199469.24,24887933010,2025,0.001374,Belfius Bank,Belgium,nein,0.2105
2025-06-30,AO,Angola,20,105,0.1905,0,603802560.14,103978161393,2025,0.005807,"CaixaBank, S.A.",Spain,nein,0.5267
2025-06-30,AQ,Antarctica,3,105,0.0286,0,729.88,,,,ING Groep N.V.,Netherlands,nein,0.8221
2025-06-30,AR,Argentina,38,105,0.3619,0,10468480715.50,581357291641,2025,0.018007,"Banco Bilbao Vizcaya Argentaria, S.A.",Spain,nein,0.9368
2025-06-30,AS,American Samoa,3,105,0.0286,0,248.00,741273260,2022,0.000000,Groupe BPCE,France,nein,1.0000
2025-06-30,AT,Austria,58,105,0.5524,1,196979875641.97,493163756153,2025,0.399421,"UNICREDIT, SOCIETA' PER AZIONI",Italy,nein,0.2951
2025-06-30,AU,Australia,76,105,0.7238,3,88527328172.48,1530647523705,2025,0.057837,ING Groep N.V.,Netherlands,nein,0.5888
2025-06-30,AW,Aruba,9,105,0.0857,0,2053978.40,3546867503,2024,0.000579,ING Groep N.V.,Netherlands,nein,0.6679
2025-06-30,AX,Åland Islands,1,105,0.0095,0,495972.23,,,,Svenska Handelsbanken - gruppen,Sweden,nein,1.0000
2025-06-30,AZ,Azerbaijan,28,105,0.2667,0,493425984.06,64627493906,2025,0.007635,Intesa Sanpaolo S.p.A.,Italy,nein,0.5229
2025-06-30,BA,Bosnia and Herzegovina,29,105,0.2762,0,7647209811.75,27744541478,2025,0.275629,"UNICREDIT, SOCIETA' PER AZIONI",Italy,nein,0.4343
2025-06-30,BB,Barbados,20,105,0.1905,0,536365256.37,6822565043,2025,0.078616,ING Groep N.V.,Netherlands,nein,0.4874
2025-06-30,BD,Bangladesh,30,105,0.2857,0,772224656.45,388355043251,2025,0.001988,COMMERZBANK Aktiengesellschaft,Germany,nein,0.7679
2025-06-30,BE,Belgium,86,105,0.8190,4,774425942233.63,617415487882,2025,1.254303,BNP Paribas,France,nein,0.2190
2025-06-30,BF,Burkina Faso,12,105,0.1143,0,938138.45,23512487777,2025,0.000040,Groupe BPCE,France,nein,0.4703
2025-06-30,BG,Bulgaria,73,105,0.6952,3,14414799808.14,111299274070,2025,0.129514,"UNICREDIT, SOCIETA' PER AZIONI",Italy,nein,0.8850
2025-06-30,BH,Bahrain,27,105,0.2571,0,484568887.08,41672770371,2025,0.011628,Groupe BPCE,France,nein,0.3111
2025-06-30,BI,Burundi,9,105,0.0857,0,2753576.44,2863573381,2025,0.000962,Intesa Sanpaolo S.p.A.,Italy,nein,0.7263
2025-06-30,BJ,Benin,13,105,0.1238,0,899466651.80,20907498175,2025,0.043021,DEUTSCHE BANK AKTIENGESELLSCHAFT,Germany,nein,0.8522
2025-06-30,BL,Saint Barthélemy,4,105,0.0381,0,4451.00,,,,"CaixaBank, S.A.",Spain,nein,0.6798
2025-06-30,BM,Bermuda,30,105,0.2857,0,21644174679.07,7825070319,2024,2.766004,ING Groep N.V.,Netherlands,nein,0.5657
2025-06-30,BN,Brunei Darussalam,12,105,0.1143,0,2743324.36,12793117745,2025,0.000214,ING Groep N.V.,Netherlands,nein,0.3990
2025-06-30,BO,"Bolivia, Plurinational State of",17,105,0.1619,0,3041443.17,55122260481,2025,0.000055,Groupe BPCE,France,nein,0.5356
2025-06-30,BQ,"Bonaire, Sint Eustatius and Saba",5,105,0.0476,0,978503.01,,,,Svenska Handelsbanken - gruppen,Sweden,nein,0.6514
2025-06-30,BR,Brazil,44,105,0.4190,0,7852772993.01,1940348793916,2025,0.004047,DEUTSCHE BANK AKTIENGESELLSCHAFT,Germany,nein,0.2183
2025-06-30,BS,Bahamas,28,105,0.2667,0,508132284.95,13474662768,2024,0.037710,AIB Group plc,Ireland,nein,0.3152
2025-06-30,BT,Bhutan,4,105,0.0381,0,1431.47,3046216203,2025,0.000000,ING Groep N.V.,Netherlands,nein,0.5589
2025-06-30,BV,Bouvet Island,2,105,0.0190,0,0.00,,,,ING Belgie,Belgium,nein,
2025-06-30,BW,Botswana,17,105,0.1619,0,110271165.96,16960332052,2025,0.006502,ING Groep N.V.,Netherlands,nein,0.4332
2025-06-30,BY,Belarus,28,105,0.2667,0,85155440.91,79486634533,2025,0.001071,"UNICREDIT, SOCIETA' PER AZIONI",Italy,nein,0.2508
2025-06-30,BZ,Belize,9,105,0.0857,0,442360.78,2831051090,2025,0.000156,Banque Internationale à Luxembourg,Luxembourg,nein,0.7175
2025-06-30,CA,Canada,57,105,0.5429,1,26125243648.84,1974373900321,2025,0.013232,ING Groep N.V.,Netherlands,nein,0.2786
2025-06-30,CC,Cocos (Keeling) Islands,2,105,0.0190,0,0.00,,,,ING Belgie,Belgium,nein,
2025-06-30,CD,"Congo, The Democratic Republic of the",14,105,0.1333,0,13478444.71,77472443983,2025,0.000174,Citibank Europe plc,Ireland,nein,0.4151
2025-06-30,CF,Central African Republic,7,105,0.0667,0,448522.12,2609442918,2025,0.000172,Groupe BPCE,France,nein,0.7527
2025-06-30,CG,Congo,18,105,0.1714,0,273672895.55,13877923744,2025,0.019720,Citibank Europe plc,Ireland,nein,0.7900
2025-06-30,CH,Switzerland,62,105,0.5905,1,83006472890.76,888106556057,2025,0.093465,ING Groep N.V.,Netherlands,nein,0.2477
2025-06-30,CI,Côte d'Ivoire,21,105,0.2000,0,242969090.20,84913282285,2025,0.002861,Citibank Europe plc,Ireland,nein,0.4236
2025-06-30,CK,Cook Islands,3,105,0.0286,0,80207.97,,,,Nordea Bank Abp,Finland,nein,1.0000
2025-06-30,CL,Chile,55,105,0.5238,2,12211878211.83,304144299068,2025,0.040152,"Banco Bilbao Vizcaya Argentaria, S.A.",Spain,nein,0.3144
2025-06-30,CM,Cameroon,22,105,0.2095,0,25152409.15,50155905297,2025,0.000501,Citibank Europe plc,Ireland,nein,0.5971
2025-06-30,CN,China,44,105,0.4190,0,14069417458.38,16594001401588,2025,0.000848,DEUTSCHE BANK AKTIENGESELLSCHAFT,Germany,nein,0.3159
2025-06-30,CO,Colombia,37,105,0.3524,0,18916954918.57,389283383709,2025,0.048594,"Banco Bilbao Vizcaya Argentaria, S.A.",Spain,nein,0.9338
2025-06-30,CR,Costa Rica,22,105,0.2095,0,34922058.34,87578262200,2025,0.000399,Raiffeisen Bank International AG,Austria,nein,0.6866
2025-06-30,CU,Cuba,20,105,0.1905,0,39115272.55,91362993120,2020,0.000428,Intesa Sanpaolo S.p.A.,Italy,nein,0.8437
2025-06-30,CV,Cabo Verde,12,105,0.1143,0,1861264.95,2601375898,2025,0.000715,Groupe BPCE,France,nein,0.4840
2025-06-30,CW,Curaçao,18,105,0.1714,0,118128608.41,3030776329,2024,0.038976,ING Groep N.V.,Netherlands,nein,0.8527
2025-06-30,CX,Christmas Island,3,105,0.0286,0,344.00,,,,Groupe BPCE,France,nein,1.0000
2025-06-30,CY,Cyprus,76,105,0.7238,4,18265880021.58,35085618494,2025,0.520609,Bank of Cyprus Holdings Public Limited Company,Ireland,nein,0.5800
2025-06-30,CZ,Czechia,79,105,0.7524,4,166254504559.05,332787406961,2025,0.499582,"Česká spořitelna, a.s.",Czech,nein,0.2905
2025-06-30,DE,Germany,93,105,0.8857,5,2051517403985.75,4298638464590,2025,0.477248,"DZ BANK AG Deutsche Zentral-Genossenschaftsbank, Frankfurt am Main",Germany,ja,0.1365
2025-06-30,DJ,Djibouti,6,105,0.0571,0,394973683.21,3935755133,2025,0.100355,Groupe BPCE,France,nein,0.5071
2025-06-30,DK,Denmark,85,105,0.8095,3,303205431087.19,393637939658,2025,0.770265,Danske Bank A/S,Denmark,ja,0.5754
2025-06-30,DM,Dominica,10,105,0.0952,0,1137521.20,616047661,2025,0.001846,Nordea Bank Abp,Finland,nein,0.9046
2025-06-30,DO,Dominican Republic,25,105,0.2381,0,211338677.60,108431396107,2025,0.001949,COMMERZBANK Aktiengesellschaft,Germany,nein,0.9132
2025-06-30,DZ,Algeria,23,105,0.2190,0,2701121796.56,244280795189,2025,0.011057,Groupe BPCE,France,nein,0.4862
2025-06-30,EC,Ecuador,24,105,0.2286,0,235657764.30,110910616134,2025,0.002125,COMMERZBANK Aktiengesellschaft,Germany,nein,0.7978
2025-06-30,EE,Estonia,73,105,0.6952,3,24059888840.98,40026061413,2025,0.601106,Swedbank - Grupp,Sweden,nein,0.4608
2025-06-30,EG,Egypt,39,105,0.3714,0,3367747623.61,310853605561,2025,0.010834,Intesa Sanpaolo S.p.A.,Italy,nein,0.3822
2025-06-30,EH,Western Sahara,4,105,0.0381,0,222916.00,,,,Groupe BPCE,France,nein,0.9946
2025-06-30,ER,Eritrea,8,105,0.0762,0,5814.01,,,,Nordea Bank Abp,Finland,nein,0.9217
2025-06-30,ES,Spain,71,105,0.6762,1,851405610052.78,1622506153997,2025,0.524747,"CaixaBank, S.A.",Spain,ja,0.3766
2025-06-30,ET,Ethiopia,25,105,0.2381,0,268063677.04,107538884965,2025,0.002493,Intesa Sanpaolo S.p.A.,Italy,nein,0.4327
2025-06-30,FI,Finland,64,105,0.6095,1,235209620134.53,269819525228,2025,0.871729,OP Osuuskunta,Finland,ja,0.4350
2025-06-30,FJ,Fiji,12,105,0.1143,0,1804290094.72,5274880997,2025,0.342053,Groupe BPCE,France,nein,0.5000
2025-06-30,FK,Falkland Islands (Malvinas),5,105,0.0476,0,22789979.65,,,,"CaixaBank, S.A.",Spain,nein,1.0000
2025-06-30,FM,"Micronesia, Federated States of",4,105,0.0381,0,10792.60,427059865,2025,0.000025,"Banco Comercial Português, SA",Portugal,nein,0.9704
2025-06-30,FO,Faroe Islands,11,105,0.1048,0,470617996.93,3449292708,2024,0.136439,Nordea Bank Abp,Finland,nein,0.8912
2025-06-30,FR,France,91,105,0.8667,5,2984931606342.07,2864936833213,2025,1.041884,Groupe BPCE,France,ja,0.2828
2025-06-30,GA,Gabon,15,105,0.1429,0,16629930.16,18235764171,2025,0.000912,Groupe BPCE,France,nein,0.6737
2025-06-30,GB,United Kingdom,86,105,0.8190,5,475615495774.73,3406442153363,2025,0.139622,BNP Paribas,France,nein,0.1914
2025-06-30,GD,Grenada,8,105,0.0762,0,191495.89,1208652628,2025,0.000158,"CaixaBank, S.A.",Spain,nein,0.4440
2025-06-30,GE,Georgia,33,105,0.3143,0,43178410.49,32462503156,2025,0.001330,Citibank Europe plc,Ireland,nein,0.5423
2025-06-30,GF,French Guiana,7,105,0.0667,0,1506042.01,,,,ING Groep N.V.,Netherlands,nein,0.9765
2025-06-30,GG,Guernsey,25,105,0.2381,0,5090493348.06,,,,Nordea Bank Abp,Finland,nein,0.3285
2025-06-30,GH,Ghana,27,105,0.2571,0,789380447.13,97199481987,2025,0.008121,DEUTSCHE BANK AKTIENGESELLSCHAFT,Germany,nein,0.3590
2025-06-30,GI,Gibraltar,23,105,0.2190,0,37021897.74,,,,Bank of Ireland Group plc,Ireland,nein,0.3829
2025-06-30,GL,Greenland,6,105,0.0571,0,229717638.21,2831088515,2023,0.081141,Skandinaviska Enskilda Banken - gruppen,Sweden,nein,0.9635
2025-06-30,GM,Gambia,13,105,0.1238,0,505046.08,2207372184,2025,0.000229,"CaixaBank, S.A.",Spain,nein,0.4442
2025-06-30,GN,Guinea,15,105,0.1429,0,166308145.01,24124167826,2025,0.006894,Groupe BPCE,France,nein,0.2815
2025-06-30,GP,Guadeloupe,8,105,0.0762,0,1201945.60,,,,ING Groep N.V.,Netherlands,nein,0.7128
2025-06-30,GQ,Equatorial Guinea,7,105,0.0667,0,1595174.65,10913321465,2025,0.000146,"CaixaBank, S.A.",Spain,nein,0.9631
2025-06-30,GR,Greece,50,105,0.4762,0,153845175295.02,238837666778,2025,0.644141,"National Bank of Greece, S.A.",Greece,ja,0.5706
2025-06-30,GS,South Georgia and the South Sandwich Islands,3,105,0.0286,0,1087.38,,,,Santander Bank Polska S.A.,Poland,nein,1.0000
2025-06-30,GT,Guatemala,23,105,0.2190,0,332318296.21,104940811867,2025,0.003167,COMMERZBANK Aktiengesellschaft,Germany,nein,0.9750
2025-06-30,GU,Guam,5,105,0.0476,0,847.00,5880824600,2022,0.000000,"CaixaBank, S.A.",Spain,nein,0.9044
2025-06-30,GW,Guinea-Bissau,9,105,0.0857,0,1078274.15,2151420338,2025,0.000501,"Banco Comercial Português, SA",Portugal,nein,0.7059
2025-06-30,GY,Guyana,10,105,0.0952,0,3561573.80,23061578961,2025,0.000154,BPER Banca S.p.A.,Italy,nein,0.7103
2025-06-30,HK,Hong Kong,67,105,0.6381,2,33553709749.28,363666717469,2025,0.092265,BNP Paribas,France,nein,0.2683
2025-06-30,HM,Heard Island and McDonald Islands,2,105,0.0190,0,0.00,,,,ING Belgie,Belgium,nein,
2025-06-30,HN,Honduras,17,105,0.1619,0,253040747.28,33703175231,2025,0.007508,COMMERZBANK Aktiengesellschaft,Germany,nein,0.9168
2025-06-30,HR,Croatia,71,105,0.6762,3,43711229875.14,89412518651,2025,0.488871,"UNICREDIT, SOCIETA' PER AZIONI",Italy,nein,0.2796
2025-06-30,HT,Haiti,9,105,0.0857,0,202640.95,27299688563,2025,0.000007,Groupe BPCE,France,nein,0.3947
2025-06-30,HU,Hungary,77,105,0.7333,4,40896164808.23,209777961112,2025,0.194950,MBH bankcsoport,Hungary,ja,0.3404
2025-06-30,ID,Indonesia,39,105,0.3714,0,3028990629.04,1230328577679,2025,0.002462,DEUTSCHE BANK AKTIENGESELLSCHAFT,Germany,nein,0.4622
2025-06-30,IE,Ireland,89,105,0.8476,5,252822332773.27,614211158630,2025,0.411621,Bank of Ireland Group plc,Ireland,ja,0.2555
2025-06-30,IL,Israel,46,105,0.4381,0,1742601281.10,519808590956,2025,0.003352,DEUTSCHE BANK AKTIENGESELLSCHAFT,Germany,nein,0.3695
2025-06-30,IM,Isle of Man,24,105,0.2286,0,1414217464.92,6447741141,2023,0.219335,ING Groep N.V.,Netherlands,nein,0.3781
2025-06-30,IN,India,42,105,0.4000,0,13978601893.53,3366850479549,2025,0.004152,DEUTSCHE BANK AKTIENGESELLSCHAFT,Germany,nein,0.8276
2025-06-30,IO,British Indian Ocean Territory,4,105,0.0381,0,249.65,,,,Groupe BPCE,France,nein,0.9934
2025-06-30,IQ,Iraq,20,105,0.1905,0,64748280.80,216481828838,2025,0.000299,"UNICREDIT, SOCIETA' PER AZIONI",Italy,nein,0.6557
2025-06-30,IR,"Iran, Islamic Republic of",19,105,0.1810,0,9461259.22,308664241160,2025,0.000031,Nordea Bank Abp,Finland,nein,0.2896
2025-06-30,IS,Iceland,62,105,0.5905,3,1062213022.02,32836046951,2025,0.032349,Nordea Bank Abp,Finland,nein,0.4822
2025-06-30,IT,Italy,65,105,0.6190,1,1170856164723.42,2171528061356,2025,0.539185,Intesa Sanpaolo S.p.A.,Italy,ja,0.3033
2025-06-30,JE,Jersey,28,105,0.2667,0,9721298626.52,,,,DEUTSCHE BANK AKTIENGESELLSCHAFT,Germany,nein,0.3516
2025-06-30,JM,Jamaica,15,105,0.1429,0,63969798.89,19323234933,2025,0.003311,"CaixaBank, S.A.",Spain,nein,0.9363
2025-06-30,JO,Jordan,30,105,0.2857,0,53800729.47,52433851310,2025,0.001026,Groupe BPCE,France,nein,0.2383
2025-06-30,JP,Japan,45,105,0.4286,1,18725022214.20,3774589822760,2025,0.004961,ING Groep N.V.,Netherlands,nein,0.3841
2025-06-30,KE,Kenya,30,105,0.2857,0,98025449.56,115694184803,2025,0.000847,Intesa Sanpaolo S.p.A.,Italy,nein,0.7651
2025-06-30,KG,Kyrgyzstan,19,105,0.1810,0,2958085.18,19254170458,2025,0.000154,Raiffeisen Bank International AG,Austria,nein,0.3821
2025-06-30,KH,Cambodia,15,105,0.1429,0,1006899152.52,43631349056,2025,0.023077,Groupe BPCE,France,nein,0.4965
2025-06-30,KI,Kiribati,2,105,0.0190,0,0.00,297213347,2025,0.000000,ING Belgie,Belgium,nein,
2025-06-30,KM,Comoros,6,105,0.0571,0,12097.74,1544606544,2025,0.000008,Groupe BPCE,France,nein,0.8228
2025-06-30,KN,Saint Kitts and Nevis,10,105,0.0952,0,4050647.50,1007242118,2025,0.004022,Citibank Europe plc,Ireland,nein,0.8428
2025-06-30,KP,"Korea, Democratic People's Republic of",7,105,0.0667,0,48149802.49,,,,"Banque et Caisse d´Epargne de l´Etat, Luxembourg",Luxembourg,nein,0.7966
2025-06-30,KR,"Korea, Republic of",61,105,0.5810,2,13038716967.49,1593503434779,2025,0.008182,BNP Paribas,France,nein,0.3805
2025-06-30,KW,Kuwait,31,105,0.2952,0,334463529.65,133794314456,2025,0.002500,ING Groep N.V.,Netherlands,nein,0.5396
2025-06-30,KY,Cayman Islands,35,105,0.3333,0,29904355577.37,6608767286,2024,4.524952,DEUTSCHE BANK AKTIENGESELLSCHAFT,Germany,nein,0.4991
2025-06-30,KZ,Kazakhstan,32,105,0.3048,0,393425525.67,260627941765,2025,0.001510,ING Groep N.V.,Netherlands,nein,0.2276
2025-06-30,LA,Lao People's Democratic Republic,14,105,0.1333,0,185501489.17,15576925835,2025,0.011909,Groupe BPCE,France,nein,0.4839
2025-06-30,LB,Lebanon,29,105,0.2762,0,26906307.63,22103426867,2024,0.001217,Groupe BPCE,France,nein,0.3622
2025-06-30,LC,Saint Lucia,6,105,0.0571,0,272186.31,2260793609,2025,0.000120,Groupe BPCE,France,nein,0.9929
2025-06-30,LI,Liechtenstein,35,105,0.3333,0,1180396080.10,7579339740,2024,0.155739,COMMERZBANK Aktiengesellschaft,Germany,nein,0.2423
2025-06-30,LK,Sri Lanka,24,105,0.2286,0,89434176.12,92616801666,2025,0.000966,ING Groep N.V.,Netherlands,nein,0.9328
2025-06-30,LR,Liberia,21,105,0.2000,0,6259698193.20,4464608760,2025,1.402071,ING Groep N.V.,Netherlands,nein,0.3060
2025-06-30,LS,Lesotho,9,105,0.0857,0,143269.11,2190264969,2025,0.000065,Nordea Bank Abp,Finland,nein,0.9484
2025-06-30,LT,Lithuania,74,105,0.7048,4,25141843440.14,81029550955,2025,0.310280,Swedbank - Grupp,Sweden,nein,0.4425
2025-06-30,LU,Luxembourg,88,105,0.8381,4,553108125965.99,86091382367,2025,6.424663,Groupe BPCE,France,nein,0.2326
2025-06-30,LV,Latvia,68,105,0.6476,3,12269225809.08,41377574787,2025,0.296519,Swedbank - Grupp,Sweden,nein,0.4310
2025-06-30,LY,Libya,18,105,0.1714,0,664453.84,40935058016,2025,0.000016,"CaixaBank, S.A.",Spain,nein,0.8259
2025-06-30,MA,Morocco,36,105,0.3429,0,1419473063.43,155211429726,2025,0.009145,RCI Banque,France,nein,0.5848
2025-06-30,MC,Monaco,30,105,0.2857,0,1941843631.70,9468713848,2024,0.205080,MEDIOBANCA - BANCA DI CREDITO FINANZIARIO S.P.A.,Italy,nein,0.7635
2025-06-30,MD,"Moldova, Republic of",26,105,0.2476,0,158519640.68,17320599738,2025,0.009152,Intesa Sanpaolo S.p.A.,Italy,nein,0.9652
2025-06-30,ME,Montenegro,25,105,0.2381,0,1277821937.26,7857668015,2025,0.162621,Erste&Steiermärkische Bank d.d.,Croatia,nein,0.5831
2025-06-30,MF,Saint Martin (French part),6,105,0.0571,0,696299.10,552513482,2021,0.001260,Argenta Bank- en Verzekeringsgroep NV,Belgium,nein,0.4956
2025-06-30,MG,Madagascar,15,105,0.1429,0,1966218965.18,16698096804,2025,0.117751,Groupe BPCE,France,nein,0.4996
2025-06-30,MH,Marshall Islands,23,105,0.2190,0,8172603459.87,262126480,2025,31.178092,ING Groep N.V.,Netherlands,nein,0.3481
2025-06-30,MK,North Macedonia,32,105,0.3048,1,3101053241.19,16256267116,2025,0.190760,"National Bank of Greece, S.A.",Greece,nein,0.5285
2025-06-30,ML,Mali,16,105,0.1524,0,1791960.60,25590649591,2025,0.000070,Groupe BPCE,France,nein,0.8046
2025-06-30,MM,Myanmar,13,105,0.1238,0,2765003.90,69502473459,2025,0.000040,ING Groep N.V.,Netherlands,nein,0.6473
2025-06-30,MN,Mongolia,15,105,0.1429,0,437388593.53,21590632480,2025,0.020258,Groupe BPCE,France,nein,0.3302
2025-06-30,MO,Macao,11,105,0.1048,0,80179067.52,44307041188,2025,0.001810,"Banco Comercial Português, SA",Portugal,nein,0.6184
2025-06-30,MP,Northern Mariana Islands,5,105,0.0476,0,179827.80,932761760,2022,0.000193,Steiermärkische Bank und Sparkassen Aktiengesellschaft,Austria,nein,0.8591
2025-06-30,MQ,Martinique,7,105,0.0667,0,1393528.25,,,,Crelan,Belgium,nein,0.4818
2025-06-30,MR,Mauritania,12,105,0.1143,0,5353315.80,9940305010,2025,0.000539,Groupe BPCE,France,nein,0.5746
2025-06-30,MS,Montserrat,3,105,0.0286,0,1367.83,,,,"Banco Comercial Português, SA",Portugal,nein,1.0000
2025-06-30,MT,Malta,47,105,0.4476,0,7748269287.35,23635486458,2025,0.327824,HSBC Continental Europe,France,nein,0.3615
2025-06-30,MU,Mauritius,27,105,0.2571,0,1586685371.16,13751261091,2025,0.115385,DEUTSCHE BANK AKTIENGESELLSCHAFT,Germany,nein,0.3087
2025-06-30,MV,Maldives,10,105,0.0952,0,405507215.37,6588112363,2025,0.061551,Atlantic Lux HoldCo S.à r.l.,Luxembourg,nein,0.9933
2025-06-30,MW,Malawi,11,105,0.1048,0,1548066.59,12696348567,2025,0.000122,Citibank Europe plc,Ireland,nein,0.6508
2025-06-30,MX,Mexico,43,105,0.4095,0,102822868832.89,1559687759906,2025,0.065925,"Banco Bilbao Vizcaya Argentaria, S.A.",Spain,nein,0.9348
2025-06-30,MY,Malaysia,35,105,0.3333,0,1629498358.81,401864684065,2025,0.004055,DEUTSCHE BANK AKTIENGESELLSCHAFT,Germany,nein,0.5302
2025-06-30,MZ,Mozambique,15,105,0.1429,0,1130607979.18,19010975766,2025,0.059471,"Banco Comercial Português, SA",Portugal,nein,0.8685
2025-06-30,NA,Namibia,22,105,0.2095,0,2194001.55,12834274717,2025,0.000171,"CaixaBank, S.A.",Spain,nein,0.2548
2025-06-30,NC,New Caledonia,12,105,0.1143,0,389582489.14,7275643334,2024,0.053546,Groupe BPCE,France,nein,0.9187
2025-06-30,NE,Niger,9,105,0.0857,0,1115081.70,18422207643,2025,0.000061,Crelan,Belgium,nein,0.2970
2025-06-30,NF,Norfolk Island,2,105,0.0190,0,0.00,,,,ING Belgie,Belgium,nein,
2025-06-30,NG,Nigeria,33,105,0.3143,0,717725014.19,247483449334,2025,0.002900,COMMERZBANK Aktiengesellschaft,Germany,nein,0.5991
2025-06-30,NI,Nicaragua,17,105,0.1619,0,703234.98,18925163443,2025,0.000037,BPER Banca S.p.A.,Italy,nein,0.4143
2025-06-30,NL,Netherlands,90,105,0.8571,5,734537851301.67,1134265237145,2025,0.647589,ABN AMRO Bank N.V.,Netherlands,ja,0.3237
2025-06-30,NO,Norway,90,105,0.8571,4,391472148964.33,451704962586,2025,0.866655,DNB BANK ASA,Norway,ja,0.4248
2025-06-30,NP,Nepal,17,105,0.1619,0,425924.62,38714557939,2025,0.000011,Nordea Bank Abp,Finland,nein,0.6819
2025-06-30,NR,Nauru,3,105,0.0286,0,11.00,149820640,2025,0.000000,BPER Banca S.p.A.,Italy,nein,1.0000
2025-06-30,NU,Niue,2,105,0.0190,0,0.00,,,,ING Belgie,Belgium,nein,
2025-06-30,NZ,New Zealand,40,105,0.3810,0,1159709811.30,224728702538,2025,0.005160,DEUTSCHE BANK AKTIENGESELLSCHAFT,Germany,nein,0.2984
2025-06-30,OM,Oman,26,105,0.2476,0,353985512.00,93280244659,2025,0.003795,Groupe BPCE,France,nein,0.2398
2025-06-30,PA,Panama,34,105,0.3238,0,3613045912.82,76989100356,2025,0.046929,"CaixaBank, S.A.",Spain,nein,0.2385
2025-06-30,PE,Peru,36,105,0.3429,0,18659015294.94,284981406243,2025,0.065475,"Banco Bilbao Vizcaya Argentaria, S.A.",Spain,nein,0.9276
2025-06-30,PF,French Polynesia,11,105,0.1048,0,434192358.23,5381862041,2024,0.080677,Groupe BPCE,France,nein,0.9986
2025-06-30,PG,Papua New Guinea,8,105,0.0762,0,1093890.09,27658308434,2025,0.000040,ING Groep N.V.,Netherlands,nein,0.6198
2025-06-30,PH,Philippines,41,105,0.3905,0,1121054430.64,414539516453,2025,0.002704,ING Groep N.V.,Netherlands,nein,0.8858
2025-06-30,PK,Pakistan,30,105,0.2857,0,200654385.43,346642877952,2025,0.000579,DEUTSCHE BANK AKTIENGESELLSCHAFT,Germany,nein,0.9094
2025-06-30,PL,Poland,59,105,0.5619,1,589507523753.95,881265637859,2025,0.668933,Powszechna Kasa Oszczednosci Bank Polski S.A.,Poland,ja,0.1629
2025-06-30,PM,Saint Pierre and Miquelon,2,105,0.0190,0,0.00,,,,ING Belgie,Belgium,nein,
2025-06-30,PN,Pitcairn,3,105,0.0286,0,49.00,,,,"CaixaBank, S.A.",Spain,nein,1.0000
2025-06-30,PR,Puerto Rico,11,105,0.1048,0,204335638.95,110100341993,2025,0.001856,ING Groep N.V.,Netherlands,nein,0.7904
2025-06-30,PS,"Palestine, State of",13,105,0.1238,0,9679299.87,14610232126,2025,0.000663,Citibank Europe plc,Ireland,nein,0.9673
2025-06-30,PT,Portugal,59,105,0.5619,1,123884705631.85,295011289585,2025,0.419932,"Banco Comercial Português, SA",Portugal,ja,0.3636
2025-06-30,PW,Palau,3,105,0.0286,0,423547.04,293615700,2025,0.001443,ING Groep N.V.,Netherlands,nein,0.9949
2025-06-30,PY,Paraguay,23,105,0.2190,0,13901204.74,41938728342,2025,0.000331,"CaixaBank, S.A.",Spain,nein,0.6557
2025-06-30,QA,Qatar,34,105,0.3238,0,3242379804.03,183454166270,2025,0.017674,DEUTSCHE BANK AKTIENGESELLSCHAFT,Germany,nein,0.5712
2025-06-30,RE,Réunion,12,105,0.1143,0,3639282.19,,,,ING Groep N.V.,Netherlands,nein,0.6282
2025-06-30,RO,Romania,76,105,0.7238,5,68295303292.10,364830679833,2025,0.187197,"UNICREDIT, SOCIETA' PER AZIONI",Italy,nein,0.1998
2025-06-30,RS,Serbia,38,105,0.3619,0,19230421414.42,85066276326,2025,0.226064,Intesa Sanpaolo S.p.A.,Italy,nein,0.2958
2025-06-30,RU,Russian Federation,51,105,0.4857,0,11615767857.90,2179828632735,2025,0.005329,Raiffeisen Bank International AG,Austria,nein,0.5465
2025-06-30,RW,Rwanda,15,105,0.1429,0,3589897.30,13933667502,2025,0.000258,Citibank Europe plc,Ireland,nein,0.4230
2025-06-30,SA,Saudi Arabia,36,105,0.3429,0,5687656664.05,1086755052842,2025,0.005234,DEUTSCHE BANK AKTIENGESELLSCHAFT,Germany,nein,0.2197
2025-06-30,SB,Solomon Islands,4,105,0.0381,0,254690536.14,1488991123,2025,0.171049,BRED - Banque populaire,France,nein,0.5232
2025-06-30,SC,Seychelles,22,105,0.2095,0,26428994.19,2031499669,2025,0.013010,"Akciju sabiedrība ""Citadele banka""",Latvia,nein,0.4826
2025-06-30,SD,Sudan,11,105,0.1048,0,595435.92,51202011781,2025,0.000012,Nordea Bank Abp,Finland,nein,0.9599
2025-06-30,SE,Sweden,90,105,0.8571,4,759207504292.41,569358003054,2025,1.333445,Svenska Handelsbanken - gruppen,Sweden,ja,0.1982
2025-06-30,SG,Singapore,45,105,0.4286,0,27630095915.27,513929191137,2025,0.053762,DEUTSCHE BANK AKTIENGESELLSCHAFT,Germany,nein,0.2509
2025-06-30,SH,"Saint Helena, Ascension and Tristan da Cunha",3,105,0.0286,0,2.36,,,,Santander Bank Polska S.A.,Poland,nein,1.0000
2025-06-30,SI,Slovenia,71,105,0.6762,4,8258453595.97,67785401329,2025,0.121832,Intesa Sanpaolo S.p.A.,Italy,nein,0.3111
2025-06-30,SJ,Svalbard and Jan Mayen,4,105,0.0381,0,168742.86,,,,Nordea Bank Abp,Finland,nein,0.9723
2025-06-30,SK,Slovakia,77,105,0.7333,4,93850749772.85,131514358401,2025,0.713616,Intesa Sanpaolo S.p.A.,Italy,nein,0.1935
2025-06-30,SL,Sierra Leone,9,105,0.0857,0,89707.70,6352446226,2025,0.000014,Nordea Bank Abp,Finland,nein,0.8446
2025-06-30,SM,San Marino,16,105,0.1524,0,112283581.16,1725305593,2023,0.065080,Intesa Sanpaolo S.p.A.,Italy,nein,0.4008
2025-06-30,SN,Senegal,21,105,0.2000,0,221456734.96,31494782731,2025,0.007032,ING Groep N.V.,Netherlands,nein,0.2896
2025-06-30,SO,Somalia,7,105,0.0667,0,19814.01,11059694912,2025,0.000002,Nordea Bank Abp,Finland,nein,0.8424
2025-06-30,SR,Suriname,9,105,0.0857,0,83455389.04,3849904205,2025,0.021677,ING Groep N.V.,Netherlands,nein,0.9972
2025-06-30,SS,South Sudan,4,105,0.0381,0,736625.56,10210848315,2015,0.000072,Nordea Bank Abp,Finland,nein,0.9962
2025-06-30,ST,Sao Tome and Principe,5,105,0.0476,0,1325368.41,835139720,2025,0.001587,"Banco Comercial Português, SA",Portugal,nein,0.8286
2025-06-30,SV,El Salvador,15,105,0.1429,0,18298351.37,31240804097,2025,0.000586,Nordea Bank Abp,Finland,nein,0.8629
2025-06-30,SX,Sint Maarten (Dutch part),9,105,0.0857,0,1333157.74,1606570200,2025,0.000830,ING Groep N.V.,Netherlands,nein,0.6904
2025-06-30,SY,Syrian Arab Republic,13,105,0.1238,0,284451.68,20202151340,2022,0.000014,Nordea Bank Abp,Finland,nein,0.8721
2025-06-30,SZ,Eswatini,10,105,0.0952,0,948582.51,4392047991,2025,0.000216,Citibank Europe plc,Ireland,nein,0.6693
2025-06-30,TC,Turks and Caicos Islands,6,105,0.0571,0,10802.87,1485421401,2024,0.000007,ING Groep N.V.,Netherlands,nein,0.3507
2025-06-30,TD,Chad,8,105,0.0762,0,11397798.18,18274671147,2025,0.000624,Groupe BPCE,France,nein,0.5208
2025-06-30,TF,French Southern Territories,3,105,0.0286,0,2043.00,,,,Groupe BPCE,France,nein,1.0000
2025-06-30,TG,Togo,12,105,0.1143,0,37528182.64,10119060053,2025,0.003709,Groupe BPCE,France,nein,0.4809
2025-06-30,TH,Thailand,42,105,0.4000,0,2736984919.91,491070114525,2025,0.005574,ING Groep N.V.,Netherlands,nein,0.4454
2025-06-30,TJ,Tajikistan,15,105,0.1429,0,169116.12,15030252842,2025,0.000011,Raiffeisen Bank International AG,Austria,nein,0.5186
2025-06-30,TK,Tokelau,2,105,0.0190,0,0.00,,,,ING Belgie,Belgium,nein,
2025-06-30,TL,Timor-Leste,3,105,0.0286,0,256808.11,1618869530,2025,0.000159,"Banco Comercial Português, SA",Portugal,nein,1.0000
2025-06-30,TM,Turkmenistan,15,105,0.1429,0,35913.82,42407146491,2025,0.000001,AIKGROUP (CY) LIMITED,Cyprus,nein,0.3620
2025-06-30,TN,Tunisia,32,105,0.3048,0,107880852.24,48938364073,2025,0.002204,"UNICREDIT, SOCIETA' PER AZIONI",Italy,nein,0.4491
2025-06-30,TO,Tonga,3,105,0.0286,0,5.40,578055457,2025,0.000000,Nordea Bank Abp,Finland,nein,1.0000
2025-06-30,TR,Türkiye,51,105,0.4857,0,64142402926.61,1359392375717,2025,0.047185,"Banco Bilbao Vizcaya Argentaria, S.A.",Spain,nein,0.8501
2025-06-30,TT,Trinidad and Tobago,14,105,0.1333,0,1338223.20,22078836575,2025,0.000061,Citibank Europe plc,Ireland,nein,0.4876
2025-06-30,TV,Tuvalu,2,105,0.0190,0,0.00,48804406,2025,0.000000,ING Belgie,Belgium,nein,
2025-06-30,TW,"Taiwan, Province of China",32,105,0.3048,0,3174963507.35,,,,ING Groep N.V.,Netherlands,nein,0.5234
2025-06-30,TZ,"Tanzania, United Republic of",23,105,0.2190,0,12056594.89,76717523782,2025,0.000157,Citibank Europe plc,Ireland,nein,0.3328
2025-06-30,UA,Ukraine,38,105,0.3619,0,2695093204.91,182325403178,2025,0.014782,Raiffeisen Bank International AG,Austria,nein,0.7180
2025-06-30,UG,Uganda,19,105,0.1810,0,21956445.04,52753659874,2025,0.000416,Citibank Europe plc,Ireland,nein,0.6161
2025-06-30,UM,United States Minor Outlying Islands,3,105,0.0286,0,99337.50,,,,ING Belgie,Belgium,nein,0.5000
2025-06-30,US,United States,64,105,0.6095,1,537404834802.28,26186860882000,2025,0.020522,DEUTSCHE BANK AKTIENGESELLSCHAFT,Germany,nein,0.3339
2025-06-30,UY,Uruguay,29,105,0.2762,0,3361343363.43,72636010394,2025,0.046277,"Banco Bilbao Vizcaya Argentaria, S.A.",Spain,nein,0.8259
2025-06-30,UZ,Uzbekistan,31,105,0.2952,0,1338367145.11,125138229326,2025,0.010695,DEUTSCHE BANK AKTIENGESELLSCHAFT,Germany,nein,0.3948
2025-06-30,VA,Holy See (Vatican City State),7,105,0.0667,0,25836.66,,,,AIB Group plc,Ireland,nein,0.9764
2025-06-30,VC,Saint Vincent and the Grenadines,6,105,0.0571,0,20459.98,1068269424,2025,0.000019,Groupe BPCE,France,nein,0.3424
2025-06-30,VE,"Venezuela, Bolivarian Republic of",27,105,0.2571,0,492573644.64,84817698451,2025,0.005807,"Banco Bilbao Vizcaya Argentaria, S.A.",Spain,nein,0.9542
2025-06-30,VG,"Virgin Islands, British",33,105,0.3143,0,10438710470.36,,,,DEUTSCHE BANK AKTIENGESELLSCHAFT,Germany,nein,0.5391
2025-06-30,VI,"Virgin Islands, U.S.",5,105,0.0476,0,3482.01,3976152320,2022,0.000001,Groupe BPCE,France,nein,1.0000
2025-06-30,VN,Viet Nam,34,105,0.3238,0,1232238901.91,438038211938,2025,0.002813,DEUTSCHE BANK AKTIENGESELLSCHAFT,Germany,nein,0.5178
2025-06-30,VU,Vanuatu,6,105,0.0571,0,577246555.97,1152044893,2025,0.501063,Groupe BPCE,France,nein,0.5001
2025-06-30,WF,Wallis and Futuna,3,105,0.0286,0,8552907.00,,,,Groupe BPCE,France,nein,1.0000
2025-06-30,WS,Samoa,4,105,0.0381,0,523562.54,1096111342,2025,0.000478,Nordea Bank Abp,Finland,nein,0.7205
2025-06-30,XK,Kosovo,5,105,0.0476,0,59863368.34,10601146598,2025,0.005647,Landesbank Hessen-Thüringen Girozentrale,Germany,nein,0.9760
2025-06-30,YE,Yemen,10,105,0.0952,0,166727.76,18388139094,2018,0.000009,Nordea Bank Abp,Finland,nein,0.9645
2025-06-30,YT,Mayotte,3,105,0.0286,0,155984.39,,,,ING Groep N.V.,Netherlands,nein,0.9847
2025-06-30,ZA,South Africa,42,105,0.4000,0,458169409.31,363559492483,2025,0.001260,Intesa Sanpaolo S.p.A.,Italy,nein,0.2837
2025-06-30,ZM,Zambia,18,105,0.1714,0,16240237.64,24578447882,2025,0.000661,ING Groep N.V.,Netherlands,nein,0.8315
2025-06-30,ZW,Zimbabwe,17,105,0.1619,0,2564769.04,43587585903,2025,0.000059,Intesa Sanpaolo S.p.A.,Italy,nein,0.7798
2025-10-31,BE,Belgium,1,1,1.0000,0,19788334.44,617415487882,2025,0.000032,Scotiabank (Ireland) Designated Activity Company,Ireland,nein,1.0000
2025-10-31,BM,Bermuda,1,1,1.0000,0,156012481.23,7825070319,2024,0.019938,Scotiabank (Ireland) Designated Activity Company,Ireland,nein,1.0000
2025-10-31,BS,Bahamas,1,1,1.0000,0,8280078.14,13474662768,2024,0.000614,Scotiabank (Ireland) Designated Activity Company,Ireland,nein,1.0000
2025-10-31,CA,Canada,1,1,1.0000,0,2963004.24,1974373900321,2025,0.000002,Scotiabank (Ireland) Designated Activity Company,Ireland,nein,1.0000
2025-10-31,CH,Switzerland,1,1,1.0000,0,25413914.53,888106556057,2025,0.000029,Scotiabank (Ireland) Designated Activity Company,Ireland,nein,1.0000
2025-10-31,DE,Germany,1,1,1.0000,0,1002690310.17,4298638464590,2025,0.000233,Scotiabank (Ireland) Designated Activity Company,Ireland,nein,1.0000
2025-10-31,ES,Spain,1,1,1.0000,0,617809229.24,1622506153997,2025,0.000381,Scotiabank (Ireland) Designated Activity Company,Ireland,nein,1.0000
2025-10-31,FI,Finland,1,1,1.0000,0,16171772.67,269819525228,2025,0.000060,Scotiabank (Ireland) Designated Activity Company,Ireland,nein,1.0000
2025-10-31,FR,France,1,1,1.0000,0,953639516.26,2864936833213,2025,0.000333,Scotiabank (Ireland) Designated Activity Company,Ireland,nein,1.0000
2025-10-31,GB,United Kingdom,1,1,1.0000,0,477093714.24,3406442153363,2025,0.000140,Scotiabank (Ireland) Designated Activity Company,Ireland,nein,1.0000
2025-10-31,GG,Guernsey,1,1,1.0000,0,385000695.96,,,,Scotiabank (Ireland) Designated Activity Company,Ireland,nein,1.0000
2025-10-31,IE,Ireland,1,1,1.0000,0,107203242.87,614211158630,2025,0.000175,Scotiabank (Ireland) Designated Activity Company,Ireland,ja,1.0000
2025-10-31,IT,Italy,1,1,1.0000,0,277633983.23,2171528061356,2025,0.000128,Scotiabank (Ireland) Designated Activity Company,Ireland,nein,1.0000
2025-10-31,KY,Cayman Islands,1,1,1.0000,0,218708967.99,6608767286,2024,0.033094,Scotiabank (Ireland) Designated Activity Company,Ireland,nein,1.0000
2025-10-31,LU,Luxembourg,1,1,1.0000,0,525671861.93,86091382367,2025,0.006106,Scotiabank (Ireland) Designated Activity Company,Ireland,nein,1.0000
2025-10-31,NL,Netherlands,1,1,1.0000,0,99312802.37,1134265237145,2025,0.000088,Scotiabank (Ireland) Designated Activity Company,Ireland,nein,1.0000
2025-10-31,NO,Norway,1,1,1.0000,0,69507153.10,451704962586,2025,0.000154,Scotiabank (Ireland) Designated Activity Company,Ireland,nein,1.0000
2025-10-31,SE,Sweden,1,1,1.0000,0,43971902.10,569358003054,2025,0.000077,Scotiabank (Ireland) Designated Activity Company,Ireland,nein,1.0000
2025-10-31,US,United States,1,1,1.0000,0,215563097.59,26186860882000,2025,0.000008,Scotiabank (Ireland) Designated Activity Company,Ireland,nein,1.0000
2025-12-31,AD,Andorra,38,222,0.1712,0,116049962.45,3830606364,2025,0.030295,"CaixaBank, S.A.",Spain,nein,0.4796
2025-12-31,AE,United Arab Emirates,96,222,0.4324,1,17462932975.10,470061645646,2024,0.037150,DEUTSCHE BANK AKTIENGESELLSCHAFT,Germany,nein,0.2034
2025-12-31,AF,Afghanistan,21,222,0.0946,0,145005.29,15130577764,2024,0.000010,"Santander Consumer Finance, S.A.",Spain,nein,0.6425
2025-12-31,AG,Antigua and Barbuda,9,222,0.0405,0,11732006.05,1989945340,2025,0.005896,Norddeutsche Landesbank - Girozentrale -,Germany,nein,0.7442
2025-12-31,AI,Anguilla,13,222,0.0586,0,25951595.32,,,,LGT Group Foundation,Liechtenstein,nein,0.6372
2025-12-31,AL,Albania,53,222,0.2387,1,4681320112.71,25991532630,2025,0.180109,Raiffeisen Bank International AG,Austria,nein,0.3971
2025-12-31,AM,Armenia,67,222,0.3018,3,74031229.15,24887933010,2025,0.002975,BPER Banca S.p.A.,Italy,nein,0.5447
2025-12-31,AO,Angola,35,222,0.1577,0,865081993.44,103978161393,2025,0.008320,"CaixaBank, S.A.",Spain,nein,0.4084
2025-12-31,AQ,Antarctica,7,222,0.0315,0,37.19,,,,Bank Polska Kasa Opieki S.A.,Poland,nein,1.0000
2025-12-31,AR,Argentina,66,222,0.2973,0,22687412607.61,581357291641,2025,0.039025,"Banco Santander, S.A.",Spain,nein,0.4584
2025-12-31,AS,American Samoa,7,222,0.0315,0,6.67,741273260,2022,0.000000,UniCredit Bank S.A.,Romania,nein,1.0000
2025-12-31,AT,Austria,121,222,0.5450,1,263398334737.20,493163756153,2025,0.534099,"UNICREDIT, SOCIETA' PER AZIONI",Italy,nein,0.2190
2025-12-31,AU,Australia,147,222,0.6622,5,205389146441.36,1530647523705,2025,0.134184,ING Groep N.V.,Netherlands,nein,0.2791
2025-12-31,AW,Aruba,15,222,0.0676,0,61971047.91,3546867503,2024,0.017472,"CaixaBank, S.A.",Spain,nein,0.8023
2025-12-31,AX,Åland Islands,7,222,0.0315,0,700950.15,,,,Svenska Handelsbanken - gruppen,Sweden,nein,0.9957
2025-12-31,AZ,Azerbaijan,44,222,0.1982,0,475487516.00,64627493906,2025,0.007357,Intesa Sanpaolo S.p.A.,Italy,nein,0.5426
2025-12-31,BA,Bosnia and Herzegovina,46,222,0.2072,0,9254439421.38,27744541478,2025,0.333559,"UNICREDIT, SOCIETA' PER AZIONI",Italy,nein,0.3946
2025-12-31,BB,Barbados,27,222,0.1216,0,533952430.07,6822565043,2025,0.078263,ING Groep N.V.,Netherlands,nein,0.4541
2025-12-31,BD,Bangladesh,43,222,0.1937,0,936838758.37,388355043251,2025,0.002412,COMMERZBANK Aktiengesellschaft,Germany,nein,0.5534
2025-12-31,BE,Belgium,178,222,0.8018,7,832084773955.57,617415487882,2025,1.347690,BNP Paribas,France,nein,0.2096
2025-12-31,BF,Burkina Faso,15,222,0.0676,0,1236294.95,23512487777,2025,0.000053,Bpifrance,France,nein,0.7036
2025-12-31,BG,Bulgaria,130,222,0.5856,4,54593988837.92,111299274070,2025,0.490515,OTP-csoport,Hungary,nein,0.2840
2025-12-31,BH,Bahrain,40,222,0.1802,0,534149767.56,41672770371,2025,0.012818,Natixis,France,nein,0.2368
2025-12-31,BI,Burundi,17,222,0.0766,0,2527402.18,2863573381,2025,0.000883,Intesa Sanpaolo S.p.A.,Italy,nein,0.7913
2025-12-31,BJ,Benin,22,222,0.0991,0,81085034.79,20907498175,2025,0.003878,Natixis,France,nein,0.9670
2025-12-31,BL,Saint Barthélemy,8,222,0.0360,0,12002547.06,,,,LGT Group Foundation,Liechtenstein,nein,0.9995
2025-12-31,BM,Bermuda,48,222,0.2162,0,35198980033.17,7825070319,2024,4.498232,ING Groep N.V.,Netherlands,nein,0.3514
2025-12-31,BN,Brunei Darussalam,20,222,0.0901,0,3266711.14,12793117745,2025,0.000255,ING Groep N.V.,Netherlands,nein,0.3580
2025-12-31,BO,"Bolivia, Plurinational State of",28,222,0.1261,0,3209931.17,55122260481,2025,0.000058,"Banco Santander, S.A.",Spain,nein,0.6231
2025-12-31,BQ,"Bonaire, Sint Eustatius and Saba",9,222,0.0405,0,5764461.41,,,,Coöperatieve Rabobank U.A.,Netherlands,nein,0.8863
2025-12-31,BR,Brazil,82,222,0.3694,0,125109737179.52,1940348793916,2025,0.064478,"Banco Santander, S.A.",Spain,nein,0.8011
2025-12-31,BS,Bahamas,32,222,0.1441,0,1805754365.48,13474662768,2024,0.134011,"Banco Santander, S.A.",Spain,nein,0.4840
2025-12-31,BT,Bhutan,8,222,0.0360,0,4645.12,3046216203,2025,0.000002,Promontoria 19 Coöperatie U.A.,Netherlands,nein,0.3014
2025-12-31,BV,Bouvet Island,5,222,0.0225,0,2497.75,,,,J.P. Morgan SE,Germany,nein,1.0000
2025-12-31,BW,Botswana,20,222,0.0901,0,119539538.24,16960332052,2025,0.007048,ING Groep N.V.,Netherlands,nein,0.3397
2025-12-31,BY,Belarus,40,222,0.1802,0,158306601.17,79486634533,2025,0.001992,"Banco Santander, S.A.",Spain,nein,0.3980
2025-12-31,BZ,Belize,17,222,0.0766,0,11209140.48,2831051090,2025,0.003959,LGT Group Foundation,Liechtenstein,nein,0.6338
2025-12-31,CA,Canada,107,222,0.4820,1,48273965950.88,1974373900321,2025,0.024450,ING Groep N.V.,Netherlands,nein,0.1449
2025-12-31,CC,Cocos (Keeling) Islands,5,222,0.0225,0,0.00,,,,Ålandsbanken Abp,Finland,nein,
2025-12-31,CD,"Congo, The Democratic Republic of the",27,222,0.1216,0,208263727.11,77472443983,2025,0.002688,ING Groep N.V.,Netherlands,nein,0.4894
2025-12-31,CF,Central African Republic,12,222,0.0541,0,97036.40,2609442918,2025,0.000037,Powszechna Kasa Oszczednosci Bank Polski S.A.,Poland,nein,0.9492
2025-12-31,CG,Congo,21,222,0.0946,0,100119402.70,13877923744,2025,0.007214,"CaixaBank, S.A.",Spain,nein,0.5158
2025-12-31,CH,Switzerland,124,222,0.5586,1,130704643759.99,888106556057,2025,0.147172,ING Groep N.V.,Netherlands,nein,0.1643
2025-12-31,CI,Côte d'Ivoire,36,222,0.1622,0,66446263.91,84913282285,2025,0.000783,Natixis,France,nein,0.4995
2025-12-31,CK,Cook Islands,8,222,0.0360,0,78404.62,,,,Nordea Bank Abp,Finland,nein,1.0000
2025-12-31,CL,Chile,100,222,0.4505,4,56287125673.94,304144299068,2025,0.185067,"Banco Santander, S.A.",Spain,nein,0.7397
2025-12-31,CM,Cameroon,33,222,0.1486,0,10411244.45,50155905297,2025,0.000208,Coöperatieve Rabobank U.A.,Netherlands,nein,0.7573
2025-12-31,CN,China,79,222,0.3559,0,23181464588.26,16594001401588,2025,0.001397,DEUTSCHE BANK AKTIENGESELLSCHAFT,Germany,nein,0.2214
2025-12-31,CO,Colombia,63,222,0.2838,0,11567851876.66,389283383709,2025,0.029716,"Banco Santander, S.A.",Spain,nein,0.4609
2025-12-31,CR,Costa Rica,38,222,0.1712,0,24120850.23,87578262200,2025,0.000275,Raiffeisen Bank International AG,Austria,nein,0.4909
2025-12-31,CU,Cuba,30,222,0.1351,0,56370474.09,91362993120,2020,0.000617,Intesa Sanpaolo S.p.A.,Italy,nein,0.5499
2025-12-31,CV,Cabo Verde,17,222,0.0766,0,2977436.00,2601375898,2025,0.001145,"Banco Santander, S.A.",Spain,nein,0.6717
2025-12-31,CW,Curaçao,26,222,0.1171,0,545058811.15,3030776329,2024,0.179841,Coöperatieve Rabobank U.A.,Netherlands,nein,0.5634
2025-12-31,CX,Christmas Island,5,222,0.0225,0,0.00,,,,Ålandsbanken Abp,Finland,nein,
2025-12-31,CY,Cyprus,135,222,0.6081,5,33042306117.27,35085618494,2025,0.941762,Bank of Cyprus Holdings Public Limited Company,Ireland,nein,0.3185
2025-12-31,CZ,Czechia,148,222,0.6667,7,192434471802.96,332787406961,2025,0.578250,"Česká spořitelna, a.s.",Czech,nein,0.2541
2025-12-31,DE,Germany,189,222,0.8514,7,2876606095666.92,4298638464590,2025,0.669190,"DZ BANK AG Deutsche Zentral-Genossenschaftsbank, Frankfurt am Main",Germany,ja,0.1007
2025-12-31,DJ,Djibouti,9,222,0.0405,0,546327.55,3935755133,2025,0.000139,Coöperatieve Rabobank U.A.,Netherlands,nein,0.8718
2025-12-31,DK,Denmark,172,222,0.7748,6,525861692358.54,393637939658,2025,1.335902,"Banco Bilbao Vizcaya Argentaria, S.A.",Spain,nein,0.3625
2025-12-31,DM,Dominica,13,222,0.0586,0,1178590.87,616047661,2025,0.001913,Nordea Bank Abp,Finland,nein,0.7969
2025-12-31,DO,Dominican Republic,40,222,0.1802,0,69083551.44,108431396107,2025,0.000637,"Banco Santander, S.A.",Spain,nein,0.7093
2025-12-31,DZ,Algeria,43,222,0.1937,0,1292869518.17,244280795189,2025,0.005293,Natixis,France,nein,0.8973
2025-12-31,EC,Ecuador,41,222,0.1847,0,418902023.35,110910616134,2025,0.003777,"Banco Santander, S.A.",Spain,nein,0.5228
2025-12-31,EE,Estonia,128,222,0.5766,6,42647642288.26,40026061413,2025,1.065497,Swedbank - Grupp,Sweden,nein,0.2767
2025-12-31,EG,Egypt,65,222,0.2928,0,4503263955.22,310853605561,2025,0.014487,Intesa Sanpaolo S.p.A.,Italy,nein,0.2887
2025-12-31,EH,Western Sahara,5,222,0.0225,0,0.00,,,,Ålandsbanken Abp,Finland,nein,
2025-12-31,ER,Eritrea,11,222,0.0495,0,4344.72,,,,Nordea Bank Abp,Finland,nein,0.7386
2025-12-31,ES,Spain,183,222,0.8243,7,1164269947466.18,1622506153997,2025,0.717575,"CaixaBank, S.A.",Spain,ja,0.2829
2025-12-31,ET,Ethiopia,33,222,0.1486,0,276617721.33,107538884965,2025,0.002572,Intesa Sanpaolo S.p.A.,Italy,nein,0.3615
2025-12-31,FI,Finland,124,222,0.5586,2,272930238353.52,269819525228,2025,1.011529,OP Osuuskunta,Finland,ja,0.3753
2025-12-31,FJ,Fiji,15,222,0.0676,0,1018477.69,5274880997,2025,0.000193,ING Groep N.V.,Netherlands,nein,0.4957
2025-12-31,FK,Falkland Islands (Malvinas),7,222,0.0315,0,20983162.37,,,,"CaixaBank, S.A.",Spain,nein,1.0000
2025-12-31,FM,"Micronesia, Federated States of",7,222,0.0315,0,2272749.49,427059865,2025,0.005322,LGT Group Foundation,Liechtenstein,nein,0.9949
2025-12-31,FO,Faroe Islands,21,222,0.0946,1,691051107.80,3449292708,2024,0.200346,Nordea Bank Abp,Finland,nein,0.6104
2025-12-31,FR,France,188,222,0.8468,7,4038187800469.18,2864936833213,2025,1.409521,Groupe BPCE,France,ja,0.2133
2025-12-31,GA,Gabon,21,222,0.0946,0,1653280.31,18235764171,2025,0.000091,Promontoria 19 Coöperatie U.A.,Netherlands,nein,0.6151
2025-12-31,GB,United Kingdom,185,222,0.8333,5,927373695706.69,3406442153363,2025,0.272241,"Banco Santander, S.A.",Spain,nein,0.2923
2025-12-31,GD,Grenada,12,222,0.0541,0,3375736.13,1208652628,2025,0.002793,J.P. Morgan SE,Germany,nein,0.9247
2025-12-31,GE,Georgia,61,222,0.2748,1,86318763.15,32462503156,2025,0.002659,BPER Banca S.p.A.,Italy,nein,0.3288
2025-12-31,GF,French Guiana,13,222,0.0586,0,116114681.53,,,,Promontoria 19 Coöperatie U.A.,Netherlands,nein,0.9739
2025-12-31,GG,Guernsey,45,222,0.2027,0,7042270557.67,,,,Nordea Bank Abp,Finland,nein,0.2284
2025-12-31,GH,Ghana,45,222,0.2027,0,544994583.84,97199481987,2025,0.005607,ING Groep N.V.,Netherlands,nein,0.2283
2025-12-31,GI,Gibraltar,38,222,0.1712,0,80373290.63,,,,"Banco Santander, S.A.",Spain,nein,0.2862
2025-12-31,GL,Greenland,12,222,0.0541,0,243936131.61,2831088515,2023,0.086163,Skandinaviska Enskilda Banken - gruppen,Sweden,nein,0.9542
2025-12-31,GM,Gambia,17,222,0.0766,0,527532.32,2207372184,2025,0.000239,"CaixaBank, S.A.",Spain,nein,0.4195
2025-12-31,GN,Guinea,22,222,0.0991,0,14892474.43,24124167826,2025,0.000617,Bpifrance,France,nein,0.3552
2025-12-31,GP,Guadeloupe,15,222,0.0676,0,868105935.68,,,,BNP Paribas Personal Finance,France,nein,0.5573
2025-12-31,GQ,Equatorial Guinea,14,222,0.0631,0,2778756.63,10913321465,2025,0.000255,"CaixaBank, S.A.",Spain,nein,0.6188
2025-12-31,GR,Greece,144,222,0.6486,4,213898318483.93,238837666778,2025,0.895580,Alpha Bank S.A.,Greece,ja,0.5060
2025-12-31,GS,South Georgia and the South Sandwich Islands,7,222,0.0315,0,2411.13,,,,Santander Bank Polska S.A.,Poland,nein,0.4347
2025-12-31,GT,Guatemala,26,222,0.1171,0,429402526.77,104940811867,2025,0.004092,COMMERZBANK Aktiengesellschaft,Germany,nein,0.8454
2025-12-31,GU,Guam,7,222,0.0315,0,500.00,5880824600,2022,0.000000,"CaixaBank, S.A.",Spain,nein,1.0000
2025-12-31,GW,Guinea-Bissau,9,222,0.0405,0,935412.21,2151420338,2025,0.000435,"Banco Comercial Português, SA",Portugal,nein,0.9902
2025-12-31,GY,Guyana,11,222,0.0495,0,396936.38,23061578961,2025,0.000017,Coöperatieve Rabobank U.A.,Netherlands,nein,0.4637
2025-12-31,HK,Hong Kong,117,222,0.5270,4,41084311525.02,363666717469,2025,0.112972,BNP Paribas,France,nein,0.1687
2025-12-31,HM,Heard Island and McDonald Islands,6,222,0.0270,0,36623.34,,,,Raiffeisenbankengruppe OÖ Verbund eGen,Austria,nein,1.0000
2025-12-31,HN,Honduras,26,222,0.1171,0,39571631.19,33703175231,2025,0.001174,"Banco Santander, S.A.",Spain,nein,0.5307
2025-12-31,HR,Croatia,121,222,0.5450,3,74332288263.28,89412518651,2025,0.831341,"UNICREDIT, SOCIETA' PER AZIONI",Italy,nein,0.1701
2025-12-31,HT,Haiti,9,222,0.0405,0,14566.41,27299688563,2025,0.000001,Nordea Bank Abp,Finland,nein,0.2761
2025-12-31,HU,Hungary,144,222,0.6486,7,106345913763.58,209777961112,2025,0.506945,OTP-csoport,Hungary,ja,0.2750
2025-12-31,ID,Indonesia,58,222,0.2613,0,4054060951.66,1230328577679,2025,0.003295,DEUTSCHE BANK AKTIENGESELLSCHAFT,Germany,nein,0.3989
2025-12-31,IE,Ireland,172,222,0.7748,7,317949020694.53,614211158630,2025,0.517654,Bank of Ireland Group plc,Ireland,ja,0.2046
2025-12-31,IL,Israel,79,222,0.3559,0,3479160640.74,519808590956,2025,0.006693,DEUTSCHE BANK AKTIENGESELLSCHAFT,Germany,nein,0.3141
2025-12-31,IM,Isle of Man,35,222,0.1577,0,2696204522.00,6447741141,2023,0.418163,ING Groep N.V.,Netherlands,nein,0.2119
2025-12-31,IN,India,72,222,0.3243,0,17129253993.73,3366850479549,2025,0.005088,DEUTSCHE BANK AKTIENGESELLSCHAFT,Germany,nein,0.6732
2025-12-31,IO,British Indian Ocean Territory,7,222,0.0315,0,19261.38,,,,"Santander Consumer Finance, S.A.",Spain,nein,0.9990
2025-12-31,IQ,Iraq,29,222,0.1306,0,154689708.37,216481828838,2025,0.000715,KfW Beteiligungsholding GmbH,Germany,nein,0.5193
2025-12-31,IR,"Iran, Islamic Republic of",31,222,0.1396,0,22730121.82,308664241160,2025,0.000074,First Investment Bank,Bulgaria,nein,0.5908
2025-12-31,IS,Iceland,107,222,0.4820,6,12328519665.27,32836046951,2025,0.375457,Íslandsbanki hf.,Iceland,ja,0.8487
2025-12-31,IT,Italy,131,222,0.5901,1,1317069679249.43,2171528061356,2025,0.606517,Intesa Sanpaolo S.p.A.,Italy,ja,0.2724
2025-12-31,JE,Jersey,48,222,0.2162,0,15673820101.37,,,,DEUTSCHE BANK AKTIENGESELLSCHAFT,Germany,nein,0.2026
2025-12-31,JM,Jamaica,19,222,0.0856,0,1927921.70,19323234933,2025,0.000100,"Banco Santander, S.A.",Spain,nein,0.5187
2025-12-31,JO,Jordan,42,222,0.1892,0,30671916.86,52433851310,2025,0.000585,"UNICREDIT, SOCIETA' PER AZIONI",Italy,nein,0.2031
2025-12-31,JP,Japan,81,222,0.3649,0,25977382957.45,3774589822760,2025,0.006882,ING Groep N.V.,Netherlands,nein,0.3050
2025-12-31,KE,Kenya,49,222,0.2207,0,327383284.96,115694184803,2025,0.002830,ING Groep N.V.,Netherlands,nein,0.4417
2025-12-31,KG,Kyrgyzstan,31,222,0.1396,0,10322444.99,19254170458,2025,0.000536,HCBG Holding B.V.,Netherlands,nein,0.8292
2025-12-31,KH,Cambodia,25,222,0.1126,0,17704942.12,43631349056,2025,0.000406,ING Groep N.V.,Netherlands,nein,0.3738
2025-12-31,KI,Kiribati,6,222,0.0270,0,65.08,297213347,2025,0.000000,Raiffeisen Bank International AG,Austria,nein,1.0000
2025-12-31,KM,Comoros,10,222,0.0450,0,2000114.84,1544606544,2025,0.001295,"Banco Santander, S.A.",Spain,nein,0.9999
2025-12-31,KN,Saint Kitts and Nevis,16,222,0.0721,0,7033755.61,1007242118,2025,0.006983,J.P. Morgan SE,Germany,nein,0.8022
2025-12-31,KP,"Korea, Democratic People's Republic of",9,222,0.0405,0,45187380.41,,,,"Banque et Caisse d´Epargne de l´Etat, Luxembourg",Luxembourg,nein,0.7897
2025-12-31,KR,"Korea, Republic of",106,222,0.4775,4,30127128810.59,1593503434779,2025,0.018906,ING Groep N.V.,Netherlands,nein,0.1884
2025-12-31,KW,Kuwait,39,222,0.1757,0,799179898.19,133794314456,2025,0.005973,J.P. Morgan SE,Germany,nein,0.2169
2025-12-31,KY,Cayman Islands,55,222,0.2477,0,42329255720.26,6608767286,2024,6.405015,DEUTSCHE BANK AKTIENGESELLSCHAFT,Germany,nein,0.4032
2025-12-31,KZ,Kazakhstan,59,222,0.2658,0,1140469651.57,260627941765,2025,0.004376,ING Groep N.V.,Netherlands,nein,0.1815
2025-12-31,LA,Lao People's Democratic Republic,17,222,0.0766,0,1147403.50,15576925835,2025,0.000074,Nordea Bank Abp,Finland,nein,0.5264
2025-12-31,LB,Lebanon,41,222,0.1847,0,28799797.08,22103426867,2024,0.001303,Skandinaviska Enskilda Banken - gruppen,Sweden,nein,0.2359
2025-12-31,LC,Saint Lucia,9,222,0.0405,0,57596297.63,2260793609,2025,0.025476,"CaixaBank, S.A.",Spain,nein,1.0000
2025-12-31,LI,Liechtenstein,55,222,0.2477,0,4304517780.92,7579339740,2024,0.567928,LGT Group Foundation,Liechtenstein,ja,0.6194
2025-12-31,LK,Sri Lanka,39,222,0.1757,0,457554325.35,92616801666,2025,0.004940,DEUTSCHE BANK AKTIENGESELLSCHAFT,Germany,nein,0.4724
2025-12-31,LR,Liberia,33,222,0.1486,0,9410810240.09,4464608760,2025,2.107869,ING Groep N.V.,Netherlands,nein,0.2166
2025-12-31,LS,Lesotho,10,222,0.0450,0,139972.65,2190264969,2025,0.000064,Nordea Bank Abp,Finland,nein,0.9678
2025-12-31,LT,Lithuania,122,222,0.5495,5,39227687301.27,81029550955,2025,0.484116,Swedbank - Grupp,Sweden,nein,0.3152
2025-12-31,LU,Luxembourg,173,222,0.7793,7,671403505315.34,86091382367,2025,7.798731,Groupe BPCE,France,nein,0.2089
2025-12-31,LV,Latvia,119,222,0.5360,5,21017302874.86,41377574787,2025,0.507939,Swedbank - Grupp,Sweden,nein,0.2741
2025-12-31,LY,Libya,27,222,0.1216,0,284557.40,40935058016,2025,0.000007,"CaixaBank, S.A.",Spain,nein,0.4842
2025-12-31,MA,Morocco,59,222,0.2658,0,1624547962.47,155211429726,2025,0.010467,RCI Banque,France,nein,0.6036
2025-12-31,MC,Monaco,54,222,0.2432,0,1167656414.48,9468713848,2024,0.123317,KfW Beteiligungsholding GmbH,Germany,nein,0.4376
2025-12-31,MD,"Moldova, Republic of",40,222,0.1802,0,938774438.21,17320599738,2025,0.054200,Banca Transilvania,Romania,nein,0.8011
2025-12-31,ME,Montenegro,51,222,0.2297,1,2684881173.34,7857668015,2025,0.341689,OTP-csoport,Hungary,nein,0.6534
2025-12-31,MF,Saint Martin (French part),12,222,0.0541,0,1554305.71,552513482,2021,0.002813,BNP Paribas Personal Finance,France,nein,0.6524
2025-12-31,MG,Madagascar,25,222,0.1126,0,6900291.30,16698096804,2025,0.000413,Natixis,France,nein,0.5132
2025-12-31,MH,Marshall Islands,34,222,0.1532,0,13801463671.89,262126480,2025,52.651925,ING Groep N.V.,Netherlands,nein,0.2226
2025-12-31,MK,North Macedonia,57,222,0.2568,2,3340686669.56,16256267116,2025,0.205501,"National Bank of Greece, S.A.",Greece,nein,0.5214
2025-12-31,ML,Mali,20,222,0.0901,0,6278383.42,25590649591,2025,0.000245,Coöperatieve Rabobank U.A.,Netherlands,nein,0.8845
2025-12-31,MM,Myanmar,20,222,0.0901,0,7030501.76,69502473459,2025,0.000101,"DZ BANK AG Deutsche Zentral-Genossenschaftsbank, Frankfurt am Main",Germany,nein,0.4664
2025-12-31,MN,Mongolia,28,222,0.1261,0,513524553.26,21590632480,2025,0.023785,Natixis,France,nein,0.2739
2025-12-31,MO,Macao,20,222,0.0901,0,73011900.69,44307041188,2025,0.001648,"Banco Comercial Português, SA",Portugal,nein,0.6641
2025-12-31,MP,Northern Mariana Islands,7,222,0.0315,0,149732.57,932761760,2022,0.000161,Steiermärkische Bank und Sparkassen Aktiengesellschaft,Austria,nein,0.9196
2025-12-31,MQ,Martinique,11,222,0.0495,0,273843932.48,,,,Promontoria 19 Coöperatie U.A.,Netherlands,nein,0.9930
2025-12-31,MR,Mauritania,16,222,0.0721,0,2219142.07,9940305010,2025,0.000223,Natixis,France,nein,0.4709
2025-12-31,MS,Montserrat,6,222,0.0270,0,1251.55,,,,"Banco Comercial Português, SA",Portugal,nein,1.0000
2025-12-31,MT,Malta,85,222,0.3829,0,10745138236.83,23635486458,2025,0.454619,HSBC Continental Europe,France,nein,0.2603
2025-12-31,MU,Mauritius,45,222,0.2027,0,2562069645.90,13751261091,2025,0.186315,DEUTSCHE BANK AKTIENGESELLSCHAFT,Germany,nein,0.2003
2025-12-31,MV,Maldives,15,222,0.0676,0,2387620.24,6588112363,2025,0.000362,Natixis,France,nein,0.6185
2025-12-31,MW,Malawi,16,222,0.0721,0,1074493.97,12696348567,2025,0.000085,THE BANK OF NEW YORK MELLON,Belgium,nein,0.7082
2025-12-31,MX,Mexico,74,222,0.3333,0,159401136334.59,1559687759906,2025,0.102201,"Banco Bilbao Vizcaya Argentaria, S.A.",Spain,nein,0.6320
2025-12-31,MY,Malaysia,55,222,0.2477,0,2170683141.38,401864684065,2025,0.005402,DEUTSCHE BANK AKTIENGESELLSCHAFT,Germany,nein,0.3689
2025-12-31,MZ,Mozambique,22,222,0.0991,0,1188134294.11,19010975766,2025,0.062497,"Banco Comercial Português, SA",Portugal,nein,0.8206
2025-12-31,NA,Namibia,33,222,0.1486,0,13717406.91,12834274717,2025,0.001069,BNP Paribas Personal Finance,France,nein,0.7891
2025-12-31,NC,New Caledonia,17,222,0.0766,0,103700473.48,7275643334,2024,0.014253,ING Groep N.V.,Netherlands,nein,0.4511
2025-12-31,NE,Niger,13,222,0.0586,0,1641753.90,18422207643,2025,0.000089,"Banco Santander, S.A.",Spain,nein,0.6091
2025-12-31,NF,Norfolk Island,5,222,0.0225,0,1789.78,,,,ING Groep N.V.,Netherlands,nein,0.5000
2025-12-31,NG,Nigeria,54,222,0.2432,0,1583097595.94,247483449334,2025,0.006397,COMMERZBANK Aktiengesellschaft,Germany,nein,0.4702
2025-12-31,NI,Nicaragua,22,222,0.0991,0,907825.52,18925163443,2025,0.000048,Crelan,Belgium,nein,0.5681
2025-12-31,NL,Netherlands,177,222,0.7973,4,1402844693516.26,1134265237145,2025,1.236787,Coöperatieve Rabobank U.A.,Netherlands,ja,0.2469
2025-12-31,NO,Norway,184,222,0.8288,7,598404717043.95,451704962586,2025,1.324769,DNB BANK ASA,Norway,ja,0.2815
2025-12-31,NP,Nepal,28,222,0.1261,0,1357289.96,38714557939,2025,0.000035,Raiffeisen Bank International AG,Austria,nein,0.3987
2025-12-31,NR,Nauru,6,222,0.0270,0,66.07,149820640,2025,0.000000,"Banco Comercial Português, SA",Portugal,nein,1.0000
2025-12-31,NU,Niue,5,222,0.0225,0,0.00,,,,Ålandsbanken Abp,Finland,nein,
2025-12-31,NZ,New Zealand,60,222,0.2703,0,12897223933.49,224728702538,2025,0.057390,Coöperatieve Rabobank U.A.,Netherlands,nein,0.8488
2025-12-31,OM,Oman,46,222,0.2072,0,707267692.54,93280244659,2025,0.007582,Natixis,France,nein,0.2904
2025-12-31,PA,Panama,46,222,0.2072,0,5190063938.46,76989100356,2025,0.067413,"CaixaBank, S.A.",Spain,nein,0.1897
2025-12-31,PE,Peru,57,222,0.2568,0,25446688770.15,284981406243,2025,0.089292,"Banco Bilbao Vizcaya Argentaria, S.A.",Spain,nein,0.7755
2025-12-31,PF,French Polynesia,16,222,0.0721,0,7541809.18,5381862041,2024,0.001401,"Banco Santander, S.A.",Spain,nein,0.3978
2025-12-31,PG,Papua New Guinea,9,222,0.0405,0,1047995.33,27658308434,2025,0.000038,ING Groep N.V.,Netherlands,nein,0.4795
2025-12-31,PH,Philippines,65,222,0.2928,0,2923125844.23,414539516453,2025,0.007052,ING Groep N.V.,Netherlands,nein,0.4136
2025-12-31,PK,Pakistan,47,222,0.2117,0,158619777.24,346642877952,2025,0.000458,KfW Beteiligungsholding GmbH,Germany,nein,0.6439
2025-12-31,PL,Poland,164,222,0.7387,7,620996710105.30,881265637859,2025,0.704665,Powszechna Kasa Oszczednosci Bank Polski S.A.,Poland,ja,0.1635
2025-12-31,PM,Saint Pierre and Miquelon,5,222,0.0225,0,0.00,,,,Ålandsbanken Abp,Finland,nein,
2025-12-31,PN,Pitcairn,6,222,0.0270,0,50.00,,,,"CaixaBank, S.A.",Spain,nein,1.0000
2025-12-31,PR,Puerto Rico,24,222,0.1081,0,318074544.03,110100341993,2025,0.002889,ING Groep N.V.,Netherlands,nein,0.3743
2025-12-31,PS,"Palestine, State of",21,222,0.0946,0,254798.65,14610232126,2025,0.000017,Raiffeisen Bank International AG,Austria,nein,0.8503
2025-12-31,PT,Portugal,107,222,0.4820,1,213008021338.19,295011289585,2025,0.722033,"Banco Comercial Português, SA",Portugal,ja,0.2269
2025-12-31,PW,Palau,7,222,0.0315,0,857876.13,293615700,2025,0.002922,ING Groep N.V.,Netherlands,nein,0.4959
2025-12-31,PY,Paraguay,42,222,0.1892,0,503092931.58,41938728342,2025,0.011996,COMMERZBANK Aktiengesellschaft,Germany,nein,0.6095
2025-12-31,QA,Qatar,58,222,0.2613,0,5459368860.53,183454166270,2025,0.029759,DEUTSCHE BANK AKTIENGESELLSCHAFT,Germany,nein,0.2994
2025-12-31,RE,Réunion,20,222,0.0901,0,1047377145.44,,,,Promontoria 19 Coöperatie U.A.,Netherlands,nein,0.5597
2025-12-31,RO,Romania,144,222,0.6486,5,108465412451.92,364830679833,2025,0.297303,Banca Transilvania,Romania,ja,0.1350
2025-12-31,RS,Serbia,72,222,0.3243,0,15495744996.41,85066276326,2025,0.182161,Intesa Sanpaolo S.p.A.,Italy,nein,0.3838
2025-12-31,RU,Russian Federation,88,222,0.3964,1,16204369435.33,2179828632735,2025,0.007434,Raiffeisen Bank International AG,Austria,nein,0.3699
2025-12-31,RW,Rwanda,21,222,0.0946,0,1444338.98,13933667502,2025,0.000104,Nordea Bank Abp,Finland,nein,0.3222
2025-12-31,SA,Saudi Arabia,66,222,0.2973,0,8111310296.22,1086755052842,2025,0.007464,Natixis,France,nein,0.1924
2025-12-31,SB,Solomon Islands,6,222,0.0270,0,2733.40,1488991123,2025,0.000002,ING Groep N.V.,Netherlands,nein,0.4919
2025-12-31,SC,Seychelles,23,222,0.1036,0,53661283.44,2031499669,2025,0.026415,LGT Group Foundation,Liechtenstein,nein,0.7596
2025-12-31,SD,Sudan,17,222,0.0766,0,609491.53,51202011781,2025,0.000012,Nordea Bank Abp,Finland,nein,0.9616
2025-12-31,SE,Sweden,185,222,0.8333,7,825902457297.93,569358003054,2025,1.450585,Swedbank - Grupp,Sweden,ja,0.1882
2025-12-31,SG,Singapore,79,222,0.3559,0,46384582720.32,513929191137,2025,0.090255,DEUTSCHE BANK AKTIENGESELLSCHAFT,Germany,nein,0.1761
2025-12-31,SH,"Saint Helena, Ascension and Tristan da Cunha",5,222,0.0225,0,4.03,,,,Santander Bank Polska S.A.,Poland,nein,1.0000
2025-12-31,SI,Slovenia,115,222,0.5180,4,32687152216.24,67785401329,2025,0.482215,OTP-csoport,Hungary,nein,0.2434
2025-12-31,SJ,Svalbard and Jan Mayen,7,222,0.0315,0,7659.46,,,,ING Groep N.V.,Netherlands,nein,0.3922
2025-12-31,SK,Slovakia,137,222,0.6171,7,107613823614.72,131514358401,2025,0.818267,Intesa Sanpaolo S.p.A.,Italy,nein,0.1719
2025-12-31,SL,Sierra Leone,14,222,0.0631,0,75600.30,6352446226,2025,0.000012,Nordea Bank Abp,Finland,nein,0.9738
2025-12-31,SM,San Marino,20,222,0.0901,0,71899336.85,1725305593,2023,0.041673,Intesa Sanpaolo S.p.A.,Italy,nein,0.5563
2025-12-31,SN,Senegal,35,222,0.1577,0,286962302.72,31494782731,2025,0.009111,KfW Beteiligungsholding GmbH,Germany,nein,0.2480
2025-12-31,SO,Somalia,15,222,0.0676,0,3708392.63,11059694912,2025,0.000335,Natixis,France,nein,0.9892
2025-12-31,SR,Suriname,10,222,0.0450,0,159983964.49,3849904205,2025,0.041555,ING Groep N.V.,Netherlands,nein,0.4972
2025-12-31,SS,South Sudan,8,222,0.0360,0,861575.90,10210848315,2015,0.000084,Nordea Bank Abp,Finland,nein,0.9920
2025-12-31,ST,Sao Tome and Principe,9,222,0.0405,0,1359572.06,835139720,2025,0.001628,"Banco Comercial Português, SA",Portugal,nein,0.8172
2025-12-31,SV,El Salvador,21,222,0.0946,0,78141718.19,31240804097,2025,0.002501,"Banco Santander, S.A.",Spain,nein,0.6911
2025-12-31,SX,Sint Maarten (Dutch part),14,222,0.0631,0,6389649.83,1606570200,2025,0.003977,Coöperatieve Rabobank U.A.,Netherlands,nein,0.6138
2025-12-31,SY,Syrian Arab Republic,22,222,0.0991,0,979460.38,20202151340,2022,0.000048,UniCredit Bulbank AD,Bulgaria,nein,0.2923
2025-12-31,SZ,Eswatini,15,222,0.0676,0,404196.62,4392047991,2025,0.000092,Svenska Handelsbanken - gruppen,Sweden,nein,0.4301
2025-12-31,TC,Turks and Caicos Islands,8,222,0.0360,0,4502516.94,1485421401,2024,0.003031,J.P. Morgan SE,Germany,nein,0.8715
2025-12-31,TD,Chad,14,222,0.0631,0,147911.28,18274671147,2025,0.000008,BNP Paribas Personal Finance,France,nein,0.9290
2025-12-31,TF,French Southern Territories,5,222,0.0225,0,4.78,,,,ING Groep N.V.,Netherlands,nein,0.5000
2025-12-31,TG,Togo,22,222,0.0991,0,18217763.16,10119060053,2025,0.001800,Natixis,France,nein,0.9303
2025-12-31,TH,Thailand,67,222,0.3018,0,8466644054.73,491070114525,2025,0.017241,"Banco Bilbao Vizcaya Argentaria, S.A.",Spain,nein,0.4436
2025-12-31,TJ,Tajikistan,23,222,0.1036,0,106805.34,15030252842,2025,0.000007,Raiffeisen Bank International AG,Austria,nein,0.3990
2025-12-31,TK,Tokelau,5,222,0.0225,0,0.00,,,,Ålandsbanken Abp,Finland,nein,
2025-12-31,TL,Timor-Leste,6,222,0.0270,0,770210.16,1618869530,2025,0.000476,ING Groep N.V.,Netherlands,nein,0.3343
2025-12-31,TM,Turkmenistan,16,222,0.0721,0,263819.50,42407146491,2025,0.000006,BRD-Groupe Société Générale SA,Romania,nein,0.8783
2025-12-31,TN,Tunisia,55,222,0.2477,0,93654440.53,48938364073,2025,0.001914,"UNICREDIT, SOCIETA' PER AZIONI",Italy,nein,0.4485
2025-12-31,TO,Tonga,6,222,0.0270,0,71.96,578055457,2025,0.000000,UniCredit csoport,Hungary,nein,1.0000
2025-12-31,TR,Türkiye,90,222,0.4054,0,78146791994.96,1359392375717,2025,0.057487,"Banco Bilbao Vizcaya Argentaria, S.A.",Spain,nein,0.7691
2025-12-31,TT,Trinidad and Tobago,18,222,0.0811,0,1381847.56,22078836575,2025,0.000063,"Banco Santander, S.A.",Spain,nein,0.7237
2025-12-31,TV,Tuvalu,5,222,0.0225,0,0.00,48804406,2025,0.000000,Ålandsbanken Abp,Finland,nein,
2025-12-31,TW,"Taiwan, Province of China",57,222,0.2568,0,7791508354.19,,,,ING Groep N.V.,Netherlands,nein,0.3527
2025-12-31,TZ,"Tanzania, United Republic of",38,222,0.1712,0,158895152.09,76717523782,2025,0.002071,Coöperatieve Rabobank U.A.,Netherlands,nein,0.5719
2025-12-31,UA,Ukraine,69,222,0.3108,0,3353101640.33,182325403178,2025,0.018391,Raiffeisen Bank International AG,Austria,nein,0.6893
2025-12-31,UG,Uganda,30,222,0.1351,0,3848636.23,52753659874,2025,0.000073,Nordea Bank Abp,Finland,nein,0.4292
2025-12-31,UM,United States Minor Outlying Islands,8,222,0.0360,0,383023.39,,,,Coöperatieve Rabobank U.A.,Netherlands,nein,0.7389
2025-12-31,US,United States,134,222,0.6036,1,853264331965.69,26186860882000,2025,0.032584,DEUTSCHE BANK AKTIENGESELLSCHAFT,Germany,nein,0.2205
2025-12-31,UY,Uruguay,45,222,0.2027,0,8897408111.34,72636010394,2025,0.122493,"Banco Santander, S.A.",Spain,nein,0.5448
2025-12-31,UZ,Uzbekistan,44,222,0.1982,0,1615295782.80,125138229326,2025,0.012908,KfW Beteiligungsholding GmbH,Germany,nein,0.4186
2025-12-31,VA,Holy See (Vatican City State),9,222,0.0405,0,532555.44,,,,BNP Paribas Personal Finance,France,nein,0.9996
2025-12-31,VC,Saint Vincent and the Grenadines,8,222,0.0360,0,17946616.97,1068269424,2025,0.016800,LGT Group Foundation,Liechtenstein,nein,0.9995
2025-12-31,VE,"Venezuela, Bolivarian Republic of",41,222,0.1847,0,455551801.88,84817698451,2025,0.005371,"Banco Bilbao Vizcaya Argentaria, S.A.",Spain,nein,0.8737
2025-12-31,VG,"Virgin Islands, British",46,222,0.2072,0,18066455623.42,,,,DEUTSCHE BANK AKTIENGESELLSCHAFT,Germany,nein,0.3059
2025-12-31,VI,"Virgin Islands, U.S.",6,222,0.0270,0,0.01,3976152320,2022,0.000000,Nordea Bank Abp,Finland,nein,1.0000
2025-12-31,VN,Viet Nam,50,222,0.2252,0,1681710322.40,438038211938,2025,0.003839,DEUTSCHE BANK AKTIENGESELLSCHAFT,Germany,nein,0.3560
2025-12-31,VU,Vanuatu,9,222,0.0405,0,78498.60,1152044893,2025,0.000068,ING Groep N.V.,Netherlands,nein,0.4833
2025-12-31,WF,Wallis and Futuna,6,222,0.0270,0,70280.00,,,,Bpifrance,France,nein,1.0000
2025-12-31,WS,Samoa,7,222,0.0315,0,96043049.42,1096111342,2025,0.087622,LGT Group Foundation,Liechtenstein,nein,0.9959
2025-12-31,XK,Kosovo,14,222,0.0631,0,55210152.57,10601146598,2025,0.005208,HCBG Holding B.V.,Netherlands,nein,0.9025
2025-12-31,YE,Yemen,15,222,0.0676,0,254348.62,18388139094,2018,0.000014,Nordea Bank Abp,Finland,nein,0.6443
2025-12-31,YT,Mayotte,10,222,0.0450,0,749313.51,,,,Promontoria 19 Coöperatie U.A.,Netherlands,nein,0.4207
2025-12-31,ZA,South Africa,72,222,0.3243,1,1995647998.18,363559492483,2025,0.005489,DEUTSCHE BANK AKTIENGESELLSCHAFT,Germany,nein,0.3411
2025-12-31,ZM,Zambia,27,222,0.1216,0,36733871.02,24578447882,2025,0.001495,ING Groep N.V.,Netherlands,nein,0.3407
2025-12-31,ZW,Zimbabwe,31,222,0.1396,0,7581228.66,43587585903,2025,0.000174,J.P. Morgan SE,Germany,nein,0.2983
2026-03-31,DE,Germany,1,1,1.0000,0,54070911.72,4298638464590,2025,0.000013,KOMMUNALBANKEN AS,Norway,nein,1.0000
2026-03-31,DK,Denmark,1,1,1.0000,0,11288855.28,393637939658,2025,0.000029,KOMMUNALBANKEN AS,Norway,nein,1.0000
2026-03-31,FI,Finland,1,1,1.0000,0,24559169.31,269819525228,2025,0.000091,KOMMUNALBANKEN AS,Norway,nein,1.0000
2026-03-31,FR,France,1,1,1.0000,0,30730093.13,2864936833213,2025,0.000011,KOMMUNALBANKEN AS,Norway,nein,1.0000
2026-03-31,NL,Netherlands,1,1,1.0000,0,3583528.55,1134265237145,2025,0.000003,KOMMUNALBANKEN AS,Norway,nein,1.0000
2026-03-31,NO,Norway,1,1,1.0000,0,379171725.46,451704962586,2025,0.000839,KOMMUNALBANKEN AS,Norway,ja,1.0000
2026-03-31,SE,Sweden,1,1,1.0000,0,4760064.39,569358003054,2025,0.000008,KOMMUNALBANKEN AS,Norway,nein,1.0000
