lei,scope,refPeriod,bank_name,country,institution_type,kredite_eur,npe_eur,npl_quote,forborne_performing_eur,vorstufe_quote,forborne_non_performing_eur,npf_quote,vorstufe_verhaeltnis,wb_npe_eur,wb_vorzeichen,deckungsquote,npl_unter_median,fruehwarnung
213800DBQIB6VBNU5C64,CON,2025-06-30,Alpha Bank S.A.,Greece,Large highest EEA,43935841635.00,1531086783.00,0.034848,1245769008.00,0.028354,706800257.00,0.016087,0.8137,-579954966.00,negativ,0.378786,nein,nein
259400LGXW3K0GDAG361,CON,2025-06-30,Santander Bank Polska S.A.,Poland,Large subsidiaries,42160057795.71,1457903171.01,0.034580,535027902.87,0.012690,449077672.37,0.010652,0.3670,-677385780.15,negativ,0.464630,nein,nein
315700K45LRKNGMUIW27,IND,2025-06-30,"Prima banka Slovensko, a.s.",Slovakia,Large highest EEA,5618.00,39.00,0.006942,24.00,0.004272,1.00,0.000178,0.6154,-34.00,negativ,0.871795,nein,nein
529900HEKOENJHPNN480,CON,2025-06-30,Kuntarahoitus Oyj,Finland,Large highest EEA,39898476000.00,328277000.00,0.008228,425672000.00,0.010669,242146000.00,0.006069,1.2967,-560000.00,negativ,0.001706,ja,nein
529900JZXXU699FCKK89,IND,2025-06-30,Bausparkasse Schwäbisch Hall Aktiengesellschaft - Bausparkasse der Volksbanken und Raiffeisenbanken,Germany,Large subsidiaries,70251562487.22,653484428.70,0.009302,408102813.11,0.005809,292910247.89,0.004169,0.6245,-83637521.20,negativ,0.127987,nein,nein
529900K16YGKC8BES892,IND,2025-06-30,Deutsche Kreditbank Aktiengesellschaft,Germany,Large subsidiaries,108989307139.29,656436438.39,0.006023,303872718.18,0.002788,174174808.91,0.001598,0.4629,-200419585.62,negativ,0.305315,ja,nein
549300S2T3FWVVXWJI89,CON,2025-06-30,"Slovenská sporiteľňa, a.s.",Slovakia,Large subsidiaries,20618402.00,410679.00,0.019918,321201.00,0.015578,116291.00,0.005640,0.7821,-220645.00,negativ,0.537269,ja,nein
549300URJH9VSI58CS32,CON,2025-06-30,"Banco Santander Totta, SA",Portugal,Large subsidiaries,42041179747.00,802400114.00,0.019086,0.00,0.000000,8413268.00,0.000200,0.0000,540569430.00,positiv,0.673691,ja,nein
549300X34UUBDEUL1Z91,CON,2025-06-30,HSBC Bank Malta p.l.c.,Malta,Large subsidiaries,3131029000.00,78016000.00,0.024917,32238000.00,0.010296,39261000.00,0.012539,0.4132,-17404000.00,negativ,0.223082,ja,nein
7437003B5WFBOIEFY714,CON,2025-06-30,OP Osuuskunta,Finland,Large highest EEA,101312000000.00,2590000000.00,0.025565,3199000000.00,0.031576,1383000000.00,0.013651,1.2351,-457000000.00,negativ,0.176448,nein,nein
815600DDCE9083CAC598,IND,2025-06-30,MEDIOBANCA PREMIER S.P.A.,Italy,Large subsidiaries,31687589024.00,142263165.00,0.004490,60034707.00,0.001895,24191604.00,0.000763,0.4220,-80629296.00,negativ,0.566762,ja,nein
O2RNE8IBXP4R0TD8PU41,CON,2025-06-30,Société générale S.A.,France,Large highest EEA,506510000000.00,14007000000.00,0.027654,4288000000.00,0.008466,3844000000.00,0.007589,0.3061,-6156411278.14,negativ,0.439524,nein,nein
PSNL19R2RXX5U3QWHI44,CON,2025-06-30,MEDIOBANCA - BANCA DI CREDITO FINANZIARIO S.P.A.,Italy,Large subsidiaries,66423702207.00,1175091708.00,0.017691,413133000.00,0.006220,436718000.00,0.006575,0.3516,-706440075.00,negativ,0.601179,ja,nein
TUKDD90GPC79G1KOE162,CON,2025-06-30,Hamburg Commercial Bank AG,Germany,Large highest EEA,18046785771.89,596780405.92,0.033069,614148952.04,0.034031,490572010.68,0.027183,1.0291,-151899580.66,negativ,0.254532,nein,nein
5493000YPN33HF74SN02,IND,2025-10-31,Bank of Montreal Europe plc,Ireland,Other highest EEA,3773461426.50,12652744.50,0.003353,,,,,,2333388.00,positiv,0.184418,nein,nein
747DLM6L5TO7LXZY5T60,IND,2025-10-31,Scotiabank (Ireland) Designated Activity Company,Ireland,Other highest EEA,4710666714.04,0.00,0.000000,,,,,,,,,ja,nein
RUOKPID0PZ0UWJYU9J61,CON,2025-10-31,John Deere Bank S.A.,Luxembourg,Other highest EEA,3074151191.43,119436940.88,0.038852,2954714250.55,0.961148,119436940.88,0.038852,24.7387,-15169820.64,negativ,0.127011,nein,nein
0W2PZJM8XOY22M4GG883,CON,2025-12-31,DekaBank Deutsche Girozentrale,Germany,Large highest EEA,41146802737.31,1065595381.02,0.025897,915569168.52,0.022251,676134314.01,0.016432,0.8592,-321224457.74,negativ,0.301451,nein,nein
0W5QHUNYV4W7GJO62R27,CON,2025-12-31,HYPO TIROL BANK AG,Austria,Other highest EEA,5383592858.00,229315964.00,0.042595,58151993.00,0.010802,72413308.00,0.013451,0.2536,-65473471.00,negativ,0.285516,nein,nein
1FOLRR5RWTWWI397R131,IND,2025-12-31,Aktiebolaget Svensk Exportkredit,Sweden,Large highest EEA,20814599686.93,554318106.02,0.026631,180007187.03,0.008648,66055372.07,0.003174,0.3247,-33213886.87,negativ,0.059918,nein,nein
2138002PVBMEHILJ1340,IND,2025-12-31,Mitsubishi UFJ Investor Services and Banking (Luxembourg) S.A.,Luxembourg,Other highest EEA,2155491078.55,0.00,0.000000,,,,,,0.00,null,,ja,nein
21380033CFFM2V1ZCK65,CON,2025-12-31,SPARKASSE (HOLDINGS) MALTA LIMITED,Malta,Other highest EEA,9824042.89,150727.70,0.015343,,,,,,-150727.70,negativ,1.000000,ja,nein
21380057HUGFEAF25W84,CON,2025-12-31,NOBA Group,Sweden,Other highest EEA,13303740726.95,1921527771.79,0.144435,38217382.96,0.002873,31653763.76,0.002379,0.0199,-844144862.00,negativ,0.439309,nein,nein
2138005M92IEIQVEL297,CON,2025-12-31,AS Inbank,Estonia,Other highest EEA,1196433598.14,38069182.32,0.031819,4631067.38,0.003871,7946805.78,0.006642,0.1216,-22867072.21,negativ,0.600671,nein,nein
2138007F5HA5FFJROB80,CON,2025-12-31,"Akciju sabiedrība ""Rietumu Banka""",Latvia,Other highest EEA,729893000.00,188791000.00,0.258656,5963000.00,0.008170,121125000.00,0.165949,0.0316,-84637000.00,negativ,0.448311,nein,nein
2138007JGI1M5YF7FJ53,CON,2025-12-31,Frøs Sparekasse,Denmark,Other highest EEA,773095604.33,46547267.71,0.060209,2573430.45,0.003329,5688488.61,0.007358,0.0553,27028789.88,positiv,0.580674,nein,nein
2138007WKF5CM2EUM824,IND,2025-12-31,"Citfin, spořitelní družstvo",Czech,Other highest EEA,12215846276.95,353420302.39,0.028931,135876581.96,0.011123,67662653.22,0.005539,0.3845,-245563915.22,negativ,0.694821,nein,nein
2138009Y59EAR7H1UO97,CON,2025-12-31,"Akciju sabiedrība ""Citadele banka""",Latvia,Large highest EEA,3845508829.86,65107991.95,0.016931,16281168.69,0.004234,23886398.24,0.006212,0.2501,-32057145.11,negativ,0.492369,ja,nein
213800A1O379I6DMCU10,IND,2025-12-31,APS BANK P.L.C.,Malta,Large highest EEA,3577085100.43,49226206.71,0.013762,3201788.58,0.000895,13343997.12,0.003730,0.0650,-17877793.39,negativ,0.363176,ja,nein
213800CBW4NPFP73ZK64,CON,2025-12-31,ANCORIA INVESTMENTS PLC,Cyprus,Other highest EEA,305295154.00,11091832.00,0.036332,458535.95,0.001502,1473535.60,0.004827,0.0413,-770659.00,negativ,0.069480,nein,nein
213800CQ92347ZCS9V73,CON,2025-12-31,"ATLÂNTICO EUROPA, SGPS, SA",Portugal,Other highest EEA,196547485.78,3881920.18,0.019751,0.00,0.000000,2468274.20,0.012558,0.0000,-1465650.45,negativ,0.377558,ja,nein
213800DBQIB6VBNU5C64,CON,2025-12-31,Alpha Bank S.A.,Greece,Large highest EEA,46802462583.00,1725565161.00,0.036869,805343360.00,0.017207,821133410.00,0.017545,0.4667,-540343294.00,negativ,0.313140,nein,nein
213800JF3JFF6MMR2P36,CON,2025-12-31,Fynske Bank A/S,Denmark,Other highest EEA,593108566.06,22299914.93,0.037598,129964.75,0.000219,3400297.22,0.005733,0.0058,-8023759.92,negativ,0.359811,nein,nein
213800KGF4EFNUQKAT69,CON,2025-12-31,EUROBANK S.A.,Greece,Large highest EEA,58329380910.00,1433773743.00,0.024581,719956776.00,0.012343,655942268.00,0.011245,0.5021,-630596562.00,negativ,0.439816,nein,nein
213800KYUPNOQPAQL758,CON,2025-12-31,BANCO DE INVESTIMENTO GLOBAL S.A.,Portugal,Other highest EEA,272225.00,81.00,0.000298,0.00,0.000000,0.00,0.000000,0.0000,-21.00,negativ,0.259259,ja,nein
213800M7T3CYVZ3ZRT12,CON,2025-12-31,Sparebanken Norge,Norway,Large highest EEA,41162559386.24,273033103.20,0.006633,515023741.76,0.012512,75596601.76,0.001837,1.8863,-68645561.16,negativ,0.251418,ja,ja
213800P1P13ABO5R9V78,IND,2025-12-31,Societe Generale Bank - Cyprus Ltd,Cyprus,Other highest EEA,337567.00,24316.00,0.072033,3861.00,0.011438,7505.00,0.022233,0.1588,-14851.00,negativ,0.610750,nein,nein
213800RZWHE5EUX9R444,CON,2025-12-31,Luminor Holding AS,Estonia,Large highest EEA,11612471154.04,231860250.21,0.019966,150436181.46,0.012955,141098585.18,0.012151,0.6488,-63408166.51,negativ,0.273476,ja,nein
213800TC9PZRBHMJW403,CON,2025-12-31,MDB Group Limited,Malta,Large subsidiaries,3336.54,30.43,0.009120,8.66,0.002596,24.62,0.007379,0.2846,-7.45,negativ,0.244824,ja,nein
213800TKOS7J5UA3ZI07,IND,2025-12-31,EUROPE ARAB BANK SA,France,Other highest EEA,791640041.39,14925296.21,0.018854,,,,,,,,,ja,nein
213800UIIZ6YSEQB5S26,CON,2025-12-31,Clearstream Fund Centre Holding S.A.,Luxembourg,Other highest EEA,14988106.98,0.00,0.000000,,,,,,0.00,null,,ja,nein
213800UYAHIRLZ4NSN67,IND,2025-12-31,Lån & Spar Bank A/S,Denmark,Other highest EEA,4683998253.53,18728308.22,0.003998,,,670819.47,0.000143,,-7908858.43,negativ,0.422294,ja,nein
213800ZOI1EW481WPV90,IND,2025-12-31,FCM Bank Ltd,Malta,Other highest EEA,377386810.05,9105870.07,0.024129,24668397.45,0.065366,2765898.79,0.007329,2.7091,-391706.00,negativ,0.043017,nein,nein
22210058UCKT3BJTCN24,CON,2025-12-31,OTP Luxembourg S.à r.l.,Luxembourg,Large subsidiaries,8292672000.00,251172000.00,0.030288,29452000.00,0.003552,115881000.00,0.013974,0.1173,-116898000.00,negativ,0.465410,nein,nein
222100PG81CES7H3HZ28,CON,2025-12-31,Aneto S.à r.l.,Luxembourg,Other highest EEA,2840020000.00,199010000.00,0.070073,77098000.00,0.027147,65383000.00,0.023022,0.3874,-132776000.00,negativ,0.667183,nein,nein
222100V03Y766EM5TZ83,IND,2025-12-31,Brown Brothers Harriman (Luxembourg) S.C.A.,Luxembourg,,26167342.67,4687465.71,0.179134,,,,,,-25194.73,negativ,0.005375,nein,nein
2534005A84927EKSR789,CON,2025-12-31,Signet Bank AS,Latvia,Other highest EEA,339569029.00,7872688.00,0.023184,18289728.00,0.053862,4807358.00,0.014157,2.3232,-1822014.00,negativ,0.231435,ja,ja
254900WR3I1Z9NPC7D84,CON,2025-12-31,Kvika banki hf.,Iceland,Other highest EEA,1426289270.70,53315691.10,0.037381,8717613.10,0.006112,21175837.20,0.014847,0.1635,-12854692.20,negativ,0.241105,nein,nein
2594000ZNGGQZXZKXH36,CON,2025-12-31,VELOBANK SA,Poland,Other highest EEA,4682656757.54,264346430.30,0.056452,25833229.54,0.005517,69909205.69,0.014929,0.0977,-184205826.09,negativ,0.696835,nein,nein
259400BILZFH923Q1N56,IND,2025-12-31,WARMINSKO - MAZURSKI BANK SPOLDZIELCZY,Poland,Other highest EEA,175886436.49,2495602.60,0.014189,,,,,,1490861.60,positiv,0.597395,ja,nein
259400DAAAR5M4A6SI23,IND,2025-12-31,Bank Pocztowy S.A.,Poland,Other highest EEA,1154254906.55,50356377.09,0.043627,4233478.17,0.003668,2792416.47,0.002419,0.0841,36392147.37,positiv,0.722692,nein,nein
259400DZXF7UJKK2AY35,CON,2025-12-31,mBank S.A.,Poland,Large subsidiaries,35535744340.97,1097269151.56,0.030878,270243307.13,0.007605,387736182.92,0.010911,0.2463,-589641838.46,negativ,0.537372,nein,nein
259400L03ZTD1W99FZ91,IND,2025-12-31,BANK SPOLDZIELCZY W BRODNICY,Poland,Other highest EEA,392581530.44,11954256.62,0.030450,241.89,0.000001,2904861.78,0.007399,0.0000,7772951.00,positiv,0.650225,nein,nein
259400LGXW3K0GDAG361,CON,2025-12-31,Santander Bank Polska S.A.,Poland,Large subsidiaries,43402335605.03,1453250725.23,0.033483,522019307.99,0.012027,440444244.53,0.010148,0.3592,-695870347.85,negativ,0.478837,nein,nein
259400QHDOZWMJ103294,CON,2025-12-31,ALIOR BANK S.A.,Poland,Other highest EEA,16691020230.00,911155860.00,0.054590,204927150.00,0.012278,241174380.00,0.014449,0.2249,-459131580.00,negativ,0.503900,nein,nein
259400WNAOMT2E4OIS38,CON,2025-12-31,NEST BANK S.A.,Poland,Other highest EEA,1219802.21,127576.27,0.104588,227.91,0.000187,4411.74,0.003617,0.0018,-79161.11,negativ,0.620500,nein,nein
259400YLRTOBISHBVX41,CON,2025-12-31,ING Bank Slaski S.A.,Poland,Large subsidiaries,48277186111.32,1616128652.99,0.033476,626640025.54,0.012980,813687569.54,0.016854,0.3877,-794346270.08,negativ,0.491512,nein,nein
2G5BKIC2CB69PRJH1W31,IND,2025-12-31,Barclays Bank Ireland plc,Ireland,Large highest EEA,43893539819.89,350953325.39,0.007996,174041999.52,0.003965,295940922.10,0.006742,0.4959,-24295465.09,negativ,0.069227,ja,nein
2W8N8UU78PMDQKZENC08,CON,2025-12-31,Intesa Sanpaolo S.p.A.,Italy,Large highest EEA,458972000000.00,7589000000.00,0.016535,4283000000.00,0.009332,2118000000.00,0.004615,0.5644,-3677000000.00,negativ,0.484517,ja,nein
31570010000000004460,CON,2025-12-31,Raiffeisenbank a.s.,Czech,Large subsidiaries,27319936295.83,271112182.74,0.009924,31151000.62,0.001140,58480883.26,0.002141,0.1149,-137136855.12,negativ,0.505831,ja,nein
31570014BNQ1Q99CNQ35,CON,2025-12-31,PPF Financial Holdings AS,Czech,Large highest EEA,13339972794.82,367478778.33,0.027547,10476285.97,0.000785,7085382.26,0.000531,0.0285,-274501459.24,negativ,0.746986,nein,nein
3157002JBFAI478MD587,CON,2025-12-31,"Tatra banka, a.s.",Slovakia,Large subsidiaries,16745046084.00,275162185.00,0.016432,42790592.00,0.002555,70396895.00,0.004204,0.1555,-160543403.00,negativ,0.583450,ja,nein
3157006K4C7PJT790450,IND,2025-12-31,BANCA CENTRALA COOPERATISTA CREDITCOOP,Romania,Other highest EEA,271678784.71,4464772.33,0.016434,61423.55,0.000226,47115.27,0.000173,0.0138,-3075115.98,negativ,0.688751,ja,nein
315700E9POA724IWFP59,CON,2025-12-31,J&amp;T FINANCE GROUP SE,Czech,Large highest EEA,12215846276.95,353420302.39,0.028931,135876581.96,0.011123,67662653.22,0.005539,0.3845,-245563915.22,negativ,0.694821,nein,nein
315700K45LRKNGMUIW27,IND,2025-12-31,"Prima banka Slovensko, a.s.",Slovakia,Large highest EEA,5955.00,36.00,0.006045,5.00,0.000840,1.00,0.000168,0.1389,-32.00,negativ,0.888889,ja,nein
39120001JPAYYPDRNN92,IND,2025-12-31,Deutsche Bausparkasse Badenia Aktiengesellschaft,Germany,Other highest EEA,5733328274.31,45171799.78,0.007879,539350.79,0.000094,528602.44,0.000092,0.0119,-12256236.47,negativ,0.271325,ja,nein
391200EEGLNXBBCVKC73,CON,2025-12-31,Erwerbsgesellschaft der S-Finanzgruppe mbH & Co. KG,Germany,Large highest EEA,29920507947.60,747906424.24,0.024996,471074616.30,0.015744,400792608.70,0.013395,0.6299,-351174990.28,negativ,0.469544,nein,nein
3DM5DPGI3W6OU6GJ4N92,CON,2025-12-31,BANCO BPI S.A.,Portugal,Large subsidiaries,29946058683.73,459756135.54,0.015353,185235502.10,0.006186,167203054.59,0.005583,0.4029,-235104868.70,negativ,0.511369,ja,nein
3H0Q3U74FVFED2SHZT16,CON,2025-12-31,MBH bankcsoport,Hungary,Large highest EEA,17203459914.54,585872467.96,0.034056,45641256.16,0.002653,71441404.81,0.004153,0.0779,-316664710.26,negativ,0.540501,nein,nein
3TK20IVIUJ8J3ZU0QE75,CON,2025-12-31,ING Bank N.V.,Netherlands,Large subsidiaries,827400000000.00,12767000000.00,0.015430,7854000000.00,0.009492,5771000000.00,0.006975,0.6152,-4404000000.00,negativ,0.344952,ja,nein
485100FX5Y9YLAQLNP12,CON,2025-12-31,Revolut Holdings Europe UAB,Lithuania,Large highest EEA,10505189387.00,68040533.00,0.006477,9035476.00,0.000860,784905.00,0.000075,0.1328,-53411154.00,negativ,0.784990,ja,nein
5299000F1CGJQ8NAXQ58,IND,2025-12-31,MERKANTI BANK LTD,Malta,Other highest EEA,16516930.53,792600.00,0.047987,0.00,0.000000,792600.00,0.047987,0.0000,0.00,null,0.000000,nein,nein
5299000PCY1EP8QJFV48,CON,2025-12-31,United Bulgarian Bank AD,Bulgaria,Large subsidiaries,16036196.41,308435.59,0.019234,123800.05,0.007720,101935.32,0.006357,0.4014,-150166.25,negativ,0.486864,ja,nein
5299000R7WZOVIFHLN21,CON,2025-12-31,BFS SozialFinanz AG,Germany,Other highest EEA,5895672482.26,100901400.27,0.017114,37933146.18,0.006434,7627470.88,0.001294,0.3759,-44964166.91,negativ,0.445625,ja,nein
5299001ADI8FLGT0GU28,IND,2025-12-31,Sparkasse KölnBonn,Germany,Other highest EEA,23131193376.96,506856291.06,0.021912,9226638.98,0.000399,115391363.25,0.004989,0.0182,-177501267.86,negativ,0.350200,nein,nein
5299001PEMDU9N24CH60,CON,2025-12-31,DELAVSKA HRANILNICA d.d. LJUBLJANA,Slovenia,Other highest EEA,1176974000.00,16475000.00,0.013998,4696000.00,0.003990,4418000.00,0.003754,0.2850,-6957000.00,negativ,0.422276,ja,nein
52990026HQOTT4AJP655,IND,2025-12-31,GLS Gemeinschaftsbank e.G.,Germany,Other highest EEA,7655520521.49,175516077.15,0.022927,36171446.10,0.004725,69395936.55,0.009065,0.2061,-92993631.20,negativ,0.529830,nein,nein
5299002GPCR602QYJC04,CON,2025-12-31,KfW Beteiligungsholding GmbH,Germany,Large highest EEA,39484510672.84,1125711717.11,0.028510,416735207.61,0.010554,470061209.89,0.011905,0.3702,-351947910.81,negativ,0.312645,nein,nein
52990033C5FUEN4LMC06,IND,2025-12-31,BANCA POPOLARE DELL'ALTO ADIGE SOCIETA' PER AZIONI (IN TEDESCO SUDTIROLER VOLKSBANK A.G.),Italy,Other highest EEA,7707896126.00,265141399.00,0.034399,126556758.00,0.016419,106733687.00,0.013847,0.4773,-149005457.00,negativ,0.561985,nein,nein
5299005OACOC1C1OFJ11,IND,2025-12-31,Raiffeisen-Landesbank Tirol AG,Austria,Other highest EEA,5933269595.61,76758275.91,0.012937,71391134.46,0.012032,36998773.00,0.006236,0.9301,-29455518.20,negativ,0.383744,ja,nein
5299005UJX6K7BQKV086,CON,2025-12-31,OTP banka d.d.,Croatia,Large subsidiaries,7664054194.49,210061175.63,0.027409,23128179.64,0.003018,41046298.33,0.005356,0.1101,,,,nein,nein
52990061592SQLEJN964,IND,2025-12-31,Volksbank Mittelhessen eG,Germany,Other highest EEA,9665796496.14,400973898.07,0.041484,5509013.82,0.000570,102955066.28,0.010651,0.0137,-113359335.46,negativ,0.282710,nein,nein
5299007S3UH5RKUYDA52,IND,2025-12-31,DEUTSCHE APOTHEKER- UND ÄRZTEBANK EG,Germany,Large highest EEA,36485491753.34,679543745.10,0.018625,80824556.36,0.002215,194261370.21,0.005324,0.1189,-316481763.90,negativ,0.465727,ja,nein
52990089LBIKLBM8YB23,IND,2025-12-31,VR Bank Nord eG,Germany,Other highest EEA,4534362557.63,126989389.55,0.028006,46561002.42,0.010268,24920938.55,0.005496,0.3667,-40451351.66,negativ,0.318541,nein,nein
5299008FEH4GQXGZNP50,CON,2025-12-31,"BANCO CTT, S.A.",Portugal,Other highest EEA,2113718.00,110503.00,0.052279,14832.00,0.007017,21851.00,0.010338,0.1342,-49873.00,negativ,0.451327,nein,nein
5299008I0TO44SUINZ71,IND,2025-12-31,Oldenburgische Landesbank Aktiengesellschaft,Germany,Large highest EEA,26577348810.06,734343509.55,0.027630,534622908.51,0.020116,447727210.08,0.016846,0.7280,-195755437.20,negativ,0.266572,nein,nein
52990093INYLJNWHQ228,IND,2025-12-31,Volksbank eG - Die Gestalterbank,Germany,Other highest EEA,8374478984.17,507993285.66,0.060660,13936667.75,0.001664,72896655.04,0.008705,0.0274,-197957838.21,negativ,0.389686,nein,nein
52990096Q5LMCH1WU462,CON,2025-12-31,"Československá obchodná banka, a.s.",Slovakia,Large subsidiaries,13182.00,203.00,0.015400,65.00,0.004931,47.00,0.003565,0.3202,-95.00,negativ,0.467980,ja,nein
5299009EHB4RBGMI5828,IND,2025-12-31,Raiffeisen Landesbank Kärnten und Revisionsverband eGen,Austria,Other highest EEA,2056.73,117.05,0.056911,33.06,0.016074,55.98,0.027218,0.2824,-32.67,negativ,0.279111,nein,nein
529900B4OR3PD4V3AQ57,CON,2025-12-31,Finanzholding der Sparkasse in Bremen,Germany,Other highest EEA,11115182210.13,394029940.83,0.035450,110679624.98,0.009958,156296151.55,0.014062,0.2809,-166102536.17,negativ,0.421548,nein,nein
529900B91AUH0YTEXN10,IND,2025-12-31,National-Bank Aktiengesellschaft,Germany,Other highest EEA,4011179013.13,142459869.89,0.035516,64995710.26,0.016204,93240532.40,0.023245,0.4562,-56046182.94,negativ,0.393417,nein,nein
529900BHRYZ464GFD289,CON,2025-12-31,GRENKE AG,Germany,Other highest EEA,8216156319.26,888389756.78,0.108127,4773919.82,0.000581,8953340.03,0.001090,0.0054,-522194962.42,negativ,0.587799,nein,nein
529900BI5KIGX6YLX375,CON,2025-12-31,Oberösterreichische Landesbank Aktiengesellschaft,Austria,Other highest EEA,7033130.25,184071.50,0.026172,67680.11,0.009623,122397.34,0.017403,0.3677,-39006.62,negativ,0.211910,nein,nein
529900BIK4WRWS06MR52,IND,2025-12-31,Varengold Bank AG,Germany,Other highest EEA,565224414.84,3383153.50,0.005986,,,,,,-2028195.52,negativ,0.599499,ja,nein
529900C3SHT3Q94H3W82,CON,2025-12-31,Bank11 Holding GmbH,Germany,Other highest EEA,7114779035.13,162374124.24,0.022822,158817686.19,0.022322,54497236.14,0.007660,0.9781,-87704439.63,negativ,0.540138,ja,nein
529900C9OP6Y0DPYSK11,IND,2025-12-31,VR Bank RheinAhrEifel eG,Germany,Other highest EEA,5121281303.26,159140642.05,0.031074,10830454.97,0.002115,13567808.10,0.002649,0.0681,-72101054.81,negativ,0.453065,nein,nein
529900CJAJ0HDPPKUI53,IND,2025-12-31,Nassauische Sparkasse,Germany,Other highest EEA,11048560995.47,211854676.87,0.019175,48345116.89,0.004376,64618523.02,0.005849,0.2282,-62265813.77,negativ,0.293908,nein,nein
529900D5G4V6THXC5P79,IND,2025-12-31,Hrvatska poštanska banka d.d.,Croatia,Large highest EEA,3894752133.34,196407519.57,0.050429,17549674.76,0.004506,50790689.94,0.013041,0.0894,-145352688.52,negativ,0.740057,nein,nein
529900DEAYRUPP22B339,CON,2025-12-31,Mercedes-Benz Bank AG,Germany,Other highest EEA,9808000000.00,299000000.00,0.030485,3000000.00,0.000306,2000000.00,0.000204,0.0100,-76000000.00,negativ,0.254181,nein,nein
529900DPOQPLDSF3R482,CON,2025-12-31,Kaiser Partner Privatbank AG,Liechtenstein,Other highest EEA,517366314.59,8375.94,0.000016,,,,,,-8375.94,negativ,1.000000,ja,nein
529900DSIVJWCUQUMP41,IND,2025-12-31,AKA Ausfuhrkredit-Gesellschaft mit beschränkter Haftung,Germany,Other highest EEA,3599634092.50,292177502.19,0.081169,3599535.18,0.001000,50432243.94,0.014010,0.0123,-35449141.63,negativ,0.121327,nein,nein
529900DXTOU2U9IZDY54,IND,2025-12-31,meine Volksbank Raiffeisenbank eG,Germany,Other highest EEA,9689338446.98,251918768.35,0.026000,39824043.06,0.004110,81035528.58,0.008363,0.1581,-82026824.85,negativ,0.325608,nein,nein
529900E0WY09Z3H21393,IND,2025-12-31,VR Bank Rhein-Neckar eG,Germany,Other highest EEA,3469890623.11,71664200.53,0.020653,19473624.20,0.005612,25590268.78,0.007375,0.2717,-16327413.16,negativ,0.227832,nein,nein
529900EKPN8EYA3AX590,IND,2025-12-31,Texim Bank AD,Bulgaria,Other highest EEA,154802721.90,1287964.70,0.008320,64423.80,0.000416,755701.40,0.004882,0.0500,-487780.20,negativ,0.378722,ja,nein
529900EM0ZU25V87GD50,IND,2025-12-31,ALTE LEIPZIGER Bauspar AG,Germany,Other highest EEA,1791834765.18,6111913.78,0.003411,231741.34,0.000129,,,0.0379,-1876447.36,negativ,0.307015,ja,nein
529900FEID5L4H2T2L70,IND,2025-12-31,Raiffeisen Landesbank Vorarlberg mit Revisionsverband eGen,Austria,Other highest EEA,3857.87,63.80,0.016538,46.39,0.012025,39.14,0.010145,0.7271,-22.56,negativ,0.353605,ja,nein
529900FZWXWNKF3O8394,CON,2025-12-31,Sparekassen Thy,Denmark,Other highest EEA,1039258847.60,49475451.98,0.047606,7055956.73,0.006789,20941337.21,0.020150,0.1426,-17472628.25,negativ,0.353158,nein,nein
529900GGYMNGRQTDOO93,CON,2025-12-31,BNG Bank N.V.,Netherlands,Large highest EEA,102350633458.71,350728305.59,0.003427,161737978.46,0.001580,70509775.71,0.000689,0.4611,-70664025.52,negativ,0.201478,ja,nein
529900GM944JT8YIRL63,IND,2025-12-31,Münchener Hypothekenbank eG,Germany,Large highest EEA,45895810265.70,1069467419.18,0.023302,438172240.76,0.009547,674327423.10,0.014693,0.4097,-241035747.41,negativ,0.225379,nein,nein
529900HC4LDSGK0NCJ85,IND,2025-12-31,LBS Landesbausparkasse NordWest,Germany,Other highest EEA,14201523701.35,88701563.42,0.006246,24616075.53,0.001733,18363130.36,0.001293,0.2775,-14779567.32,negativ,0.166621,ja,nein
529900HEKOENJHPNN480,CON,2025-12-31,Kuntarahoitus Oyj,Finland,Large highest EEA,41379882000.00,454168000.00,0.010976,407492000.00,0.009848,250261000.00,0.006048,0.8972,-655000.00,negativ,0.001442,ja,nein
529900I1UZV70CZRAU55,CON,2025-12-31,Raiffeisenbank Austria d.d.,Croatia,Large subsidiaries,4417567404.06,129034774.79,0.029209,22549454.19,0.005104,28016125.65,0.006342,0.1748,-75198703.51,negativ,0.582779,nein,nein
529900IRBZTADXJB6757,CON,2025-12-31,flatexDEGIRO AG,Germany,Other highest EEA,1422861775.14,16018934.47,0.011258,531203.58,0.000373,2993983.45,0.002104,0.0332,-9160999.07,negativ,0.571886,ja,nein
529900J35NSHS856UA68,CON,2025-12-31,Sparekassen Kronjylland,Denmark,Other highest EEA,3815076995.58,130383594.54,0.034176,3080872.62,0.000808,34408710.45,0.009019,0.0236,-47973849.90,negativ,0.367944,nein,nein
529900JCAE554QUYE140,IND,2025-12-31,Sparkasse Westmünsterland,Germany,Other highest EEA,8808476201.14,135604043.91,0.015395,7861383.73,0.000892,14840648.86,0.001685,0.0580,-41769986.59,negativ,0.308029,ja,nein
529900JG015JC10LED24,CON,2025-12-31,AS LHV Group,Estonia,Large highest EEA,5520625539.06,89361905.60,0.016187,57176136.38,0.010357,56681346.45,0.010267,0.6398,-23164674.27,negativ,0.259223,ja,nein
529900JRKG8AEYL65326,IND,2025-12-31,VR Bank Heilbronn Schwäbisch Hall eG,Germany,Other highest EEA,3745820541.78,60419428.73,0.016130,5155876.08,0.001376,4836983.85,0.001291,0.0853,-15717725.38,negativ,0.260144,ja,nein
529900JZTYE3W7WQH904,CON,2025-12-31,HASPA Finanzholding,Germany,Large highest EEA,39575020956.17,879303296.98,0.022219,308816332.40,0.007803,377726226.70,0.009545,0.3512,-227534986.26,negativ,0.258767,ja,nein
529900JZXXU699FCKK89,IND,2025-12-31,Bausparkasse Schwäbisch Hall Aktiengesellschaft - Bausparkasse der Volksbanken und Raiffeisenbanken,Germany,Large subsidiaries,68935323134.06,691917091.06,0.010037,340266693.95,0.004936,311949180.24,0.004525,0.4918,-83461287.48,negativ,0.120623,ja,nein
529900K16YGKC8BES892,IND,2025-12-31,Deutsche Kreditbank Aktiengesellschaft,Germany,Large subsidiaries,113546445356.77,743696867.01,0.006550,256638307.93,0.002260,152498951.78,0.001343,0.3451,-242831805.15,negativ,0.326520,ja,nein
529900KRVTRP5RWP9K95,CON,2025-12-31,Santander Consumer Holding GmbH,Germany,Large subsidiaries,44612645458.86,1350220000.00,0.030265,221920140.66,0.004974,230650533.33,0.005170,0.1644,-780342251.50,negativ,0.577937,nein,nein
529900L89TGSPV9OU151,CON,2025-12-31,Porsche Bank Aktiengesellschaft,Austria,Other highest EEA,6978548506.48,79541171.23,0.011398,7863700.49,0.001127,3408070.68,0.000488,0.0989,35513969.05,positiv,0.446485,ja,nein
529900LIZVBUANJ20E31,IND,2025-12-31,BBBank eG,Germany,Other highest EEA,13406806343.10,107147699.37,0.007992,5491620.50,0.000410,5635512.55,0.000420,0.0513,-27332394.58,negativ,0.255091,ja,nein
529900LKIMB57HKF3545,CON,2025-12-31,Bank of China (Europe) S.A,Luxembourg,Other highest EEA,7916222725.31,33668810.50,0.004253,,,9990000.00,0.001262,,-25204062.12,negativ,0.748588,ja,nein
529900LU7D396TOO3B50,CON,2025-12-31,Raiffeisenverband Salzburg eGen,Austria,Other highest EEA,6290.68,187.19,0.029757,175.00,0.027819,107.60,0.017105,0.9349,-76.72,negativ,0.409851,nein,nein
529900MQJIQGD8N3YV53,CON,2025-12-31,Hannoversche Volksbank eG,Germany,Other highest EEA,7473705040.00,209677442.89,0.028055,831660.80,0.000111,9171198.90,0.001227,0.0040,-77873605.29,negativ,0.371397,nein,nein
529900NJYUGRO908KV84,CON,2025-12-31,ALLIANZ BULGARIA HOLDING,Bulgaria,Other highest EEA,1478.17,54.20,0.036666,1.02,0.000692,17.90,0.012107,0.0189,-44.48,negativ,0.820755,nein,nein
529900NNQW9IAE32GQ07,CON,2025-12-31,GRAWE-Vermögensverwaltung,Austria,Other highest EEA,5419152189.54,208677757.11,0.038507,89049178.96,0.016432,122705800.11,0.022643,0.4267,-61908754.70,negativ,0.296672,nein,nein
529900ODI3047E2LIV03,CON,2025-12-31,Nordea Bank Abp,Finland,Large highest EEA,355636246018.16,3614010304.97,0.010162,2020959395.24,0.005683,1328790496.75,0.003736,0.5592,-1042537713.25,negativ,0.288471,ja,nein
529900OKPZTTS50FXP26,IND,2025-12-31,Advanzia Bank S.A.,Luxembourg,Other highest EEA,4000804567.71,417907786.62,0.104456,298473.44,0.000075,,,0.0007,-277441215.67,negativ,0.663881,nein,nein
529900OLW8QPFMTBDC23,IND,2025-12-31,Neue Bank AG,Liechtenstein,Other highest EEA,977470711.20,24806764.80,0.025379,440217.00,0.000450,0.00,0.000000,0.0177,11811773.70,positiv,0.476151,nein,nein
529900P8BY9HZTZ82T70,IND,2025-12-31,Volksbank Kraichgau eG,Germany,Other highest EEA,8403338588.68,304335510.26,0.036216,15662674.57,0.001864,22534594.05,0.002682,0.0515,-118300511.77,negativ,0.388717,nein,nein
529900PR2ELW8QI1B775,IND,2025-12-31,DLR Kredit A/S,Denmark,Large highest EEA,27871.08,123.71,0.004439,0.52,0.000019,6.92,0.000248,0.0042,34.14,positiv,0.275974,ja,nein
529900PUK9IU39VCWK54,IND,2025-12-31,Volksbank in Ostwestfalen eG,Germany,Other highest EEA,7852641568.00,226095814.57,0.028792,3295021.55,0.000420,32292049.51,0.004112,0.0146,-106078301.59,negativ,0.469174,nein,nein
529900Q2C3I7VCILLG45,CON,2025-12-31,FIMBank plc,Malta,Other highest EEA,529399594.00,9998150.00,0.018886,1046155.00,0.001976,8281438.00,0.015643,0.1046,-8151586.00,negativ,0.815309,ja,nein
529900QYEJ2GYSWK1F08,CON,2025-12-31,RLB-Stmk Verbund eGen,Austria,Other highest EEA,9872158772.97,527320764.45,0.053415,195859951.93,0.019840,302060583.07,0.030597,0.3714,-183603476.04,negativ,0.348182,nein,nein
529900RCLERIIXF4QM23,IND,2025-12-31,bank99 AG,Austria,Other highest EEA,2199.98,30.61,0.013914,12.51,0.005686,8.47,0.003850,0.4087,-18.44,negativ,0.602418,ja,nein
529900RPGHC6DQEQL615,IND,2025-12-31,International Asset Bank AD,Bulgaria,Other highest EEA,566240.21,9879.85,0.017448,3783.62,0.006682,5118.11,0.009039,0.3830,-5961.76,negativ,0.603426,ja,nein
529900RWC8ZYB066JF16,CON,2025-12-31,Bank of Valletta Plc,Malta,Large highest EEA,8175.15,141.79,0.017344,188.94,0.023112,66.22,0.008100,1.3325,-60.54,negativ,0.426969,ja,nein
529900S1KHKOEQL5CK20,IND,2025-12-31,Wüstenrot Bausparkasse Aktiengesellschaft,Germany,Large highest EEA,31870939823.73,580334422.49,0.018209,22386784.45,0.000702,47600308.48,0.001494,0.0386,-122532995.17,negativ,0.211142,ja,nein
529900SS7ZWCX82U3W60,IND,2025-12-31,DEUTSCHE BANK S.P.A.,Italy,Large subsidiaries,23998984263.00,1037388563.00,0.043226,254198492.00,0.010592,202196321.00,0.008425,0.2450,-507114937.00,negativ,0.488838,nein,nein
529900SSGT49ZZSWYE62,CON,2025-12-31,Volkswagen Financial Services AG,Germany,Large highest EEA,128133677764.43,3598941207.99,0.028087,204375555.28,0.001595,139981008.33,0.001092,0.0568,-1137410732.15,negativ,0.316040,nein,nein
529900SXEWPJ1MRRX537,CON,2025-12-31,Raiffeisen-Holding Niederösterreich-Wien registrierte Genossenschaft mit beschränkter Haftung,Austria,Large highest EEA,17836.61,616.96,0.034590,436.44,0.024469,267.57,0.015001,0.7074,-234.62,negativ,0.380284,nein,nein
529900T7MYZUMMW4O176,CON,2025-12-31,Berliner Volksbank eG,Germany,Other highest EEA,14727200827.14,311611127.36,0.021159,11852497.51,0.000805,63212568.26,0.004292,0.0380,-107127400.40,negativ,0.343786,ja,nein
529900U5XAEYOT68AC40,IND,2025-12-31,EFG Bank (Luxembourg) S.A.,Luxembourg,,1566431694.70,15861352.81,0.010126,,,,,,-751691.37,negativ,0.047391,ja,nein
529900UHDH7QLRMEJQ86,CON,2025-12-31,Sigma Bank AG,Liechtenstein,Other highest EEA,823725358.37,311474774.52,0.378129,2523195.00,0.003063,311474774.52,0.378129,0.0081,-102441280.59,negativ,0.328891,nein,nein
529900UIRB65OY6U4B21,IND,2025-12-31,Lombard Bank Malta plc,Malta,Other highest EEA,978450460.04,46020930.85,0.047035,16494341.40,0.016858,38169778.87,0.039010,0.3584,-5923906.05,negativ,0.128722,nein,nein
529900UKZBMDBDZIXD62,CON,2025-12-31,Addiko Bank AG,Austria,Other highest EEA,3903.60,121.26,0.031064,26.88,0.006886,27.27,0.006986,0.2217,-99.45,negativ,0.820139,nein,nein
529900VS0F7BA91P4I60,IND,2025-12-31,Alpha Bank Cyprus Limited,Cyprus,Large subsidiaries,3736917480.00,17920309.00,0.004795,40003882.00,0.010705,4535369.00,0.001214,2.2323,-3571512.00,negativ,0.199300,ja,ja
529900VVDOKMRRAHZ894,IND,2025-12-31,Bank GPB International S.A.,Luxembourg,Other highest EEA,227971312.88,96047107.34,0.421312,84957561.90,0.372668,40683466.57,0.178459,0.8845,27896515.11,positiv,0.290446,nein,nein
529900W3MOO00A18X956,CON,2025-12-31,OTP-csoport,Hungary,Large highest EEA,76979999574.58,2505338993.50,0.032545,467707915.25,0.006076,790879575.91,0.010274,0.1867,-1567753972.55,negativ,0.625765,nein,nein
529900XB6RQ3XCELQO62,IND,2025-12-31,BENDURA BANK AG,Liechtenstein,Other highest EEA,522945292.52,57470895.51,0.109898,0.00,0.000000,0.00,0.000000,0.0000,-2765914.22,negativ,0.048127,nein,nein
529900XDLJV1P7HBAH18,IND,2025-12-31,Sparkasse Holstein,Germany,Other highest EEA,7949950177.84,100932123.64,0.012696,508896.88,0.000064,13323250.48,0.001676,0.0050,-39124673.41,negativ,0.387634,ja,nein
529900XSTAE561178282,CON,2025-12-31,Raiffeisenbankengruppe OÖ Verbund eGen,Austria,Large highest EEA,27850926208.66,1555027176.82,0.055834,970568113.38,0.034849,1068345686.15,0.038359,0.6241,-465935563.26,negativ,0.299632,nein,nein
529900ZMDTSQYEYCKL45,IND,2025-12-31,VR TeilhaberBank Metropolregion Nürnberg eG,Germany,Other highest EEA,4202540866.13,36407845.92,0.008663,1859146.07,0.000442,6429373.53,0.001530,0.0511,-10632300.11,negativ,0.292033,ja,nein
529900ZVK4VTIS0TOT43,IND,2025-12-31,DenizBank AG,Austria,Other highest EEA,5253784770.23,22745317.02,0.004329,42550012.22,0.008099,22618842.84,0.004305,1.8707,-22716917.69,negativ,0.998751,ja,nein
5493000LKS7B3UTF7H35,CON,2025-12-31,Bank Polska Kasa Opieki S.A.,Poland,Large highest EEA,46544589592.59,2139581250.85,0.045968,232277093.70,0.004990,449867621.94,0.009665,0.1086,-1213784032.78,negativ,0.567300,nein,nein
5493000LM0MZ4JPMGM90,CON,2025-12-31,"Santander Consumer Finance, S.A.",Spain,Large subsidiaries,130555000000.00,3845000000.00,0.029451,411752000.00,0.003154,428506000.00,0.003282,0.1071,-2163000000.00,negativ,0.562549,nein,nein
5493001U1K6M7JOL5W45,CON,2025-12-31,Raiffeisen Bank csoport,Hungary,Large subsidiaries,6274195310.17,80489995.54,0.012829,38740755.87,0.006175,46035942.45,0.007337,0.4813,-33033850.52,negativ,0.410409,ja,nein
5493002DPKDEC2JN1Y86,CON,2025-12-31,Sparekassen Sjælland-Fyn A/S,Denmark,Other highest EEA,2145706182.34,88404641.10,0.041201,,,,,,-34293273.82,negativ,0.387913,nein,nein
5493003RJ3TPV33W0108,IND,2025-12-31,Union Bancaire Privée (Europe) S.A.,Luxembourg,Other highest EEA,2085163271.42,9347700.81,0.004483,,,,,,-1142055.77,negativ,0.122175,ja,nein
5493004D82XDFVPWQJ91,IND,2025-12-31,Ikano Bank AB (publ),Sweden,Other highest EEA,3470832180.14,117770815.58,0.033932,24230641.28,0.006981,17511417.77,0.005045,0.2057,71554264.33,positiv,0.607572,nein,nein
5493004WUGGU2BQI7F14,CON,2025-12-31,Landshypotek AB - gruppen,Sweden,Other highest EEA,10921530730.01,85130765.50,0.007795,36765334.39,0.003366,9916528.10,0.000908,0.4319,-2356757.37,negativ,0.027684,ja,nein
54930060Q00W1SRIUI57,IND,2025-12-31,vdk bank,Belgium,Other highest EEA,4319831225.29,24024615.31,0.005561,21192964.57,0.004906,4798481.80,0.001111,0.8821,-3086094.45,negativ,0.128456,ja,nein
5493006QMFDDMYWIAM13,CON,2025-12-31,"Banco Santander, S.A.",Spain,Large highest EEA,1109009000000.00,36348000000.00,0.032775,10566000000.00,0.009527,14322000000.00,0.012914,0.2907,-14234000000.00,negativ,0.391603,nein,nein
5493007BWYDPQZLZ0Y27,CON,2025-12-31,HYPO NOE Landesbank für Niederösterreich und Wien AG,Austria,Other highest EEA,13499171000.00,418990000.00,0.031038,229428000.00,0.016996,242082000.00,0.017933,0.5476,-91076000.00,negativ,0.217370,nein,nein
5493007QRSX9DS2CM858,IND,2025-12-31,China Construction Bank (Europe) S.A.,Luxembourg,Other highest EEA,2090053145.18,0.00,0.000000,6654623.46,0.003184,0.00,0.000000,,0.00,null,,ja,nein
5493007S4JE930SIUE86,CON,2025-12-31,ING Holding Deutschland GmbH,Germany,Large subsidiaries,158796565068.16,2199581318.38,0.013852,1465543305.91,0.009229,1017711067.29,0.006409,0.6663,-624577193.13,negativ,0.283953,ja,nein
5493007SWCCN9S3J2748,CON,2025-12-31,Bigbank AS,Estonia,Large highest EEA,2787855853.65,116736555.72,0.041873,18253031.16,0.006547,37936919.48,0.013608,0.1564,-37068576.63,negativ,0.317540,nein,nein
5493008QRHH0XCLJ4238,CON,2025-12-31,BRD-Groupe Société Générale SA,Romania,Large subsidiaries,13212677804.82,377485145.97,0.028570,19704871.61,0.001491,55054995.10,0.004167,0.0522,-234713822.79,negativ,0.621783,nein,nein
5493009EIBTCB1X12G89,CON,2025-12-31,LGT Group Foundation,Liechtenstein,Large highest EEA,38026765094.00,47254495.64,0.001243,886876.20,0.000023,99892.57,0.000003,0.0188,-20883473.20,negativ,0.441936,ja,nein
5493009ML6YX83YHC820,CON,2025-12-31,Argenta Bank- en Verzekeringsgroep NV,Belgium,Large subsidiaries,44898555321.53,168652558.90,0.003756,77272724.60,0.001721,42618940.06,0.000949,0.4582,-27031323.93,negativ,0.160278,ja,nein
5493009VJC01E4H6HH77,CON,2025-12-31,Avanza - Grupp,Sweden,Other highest EEA,2545963724.55,4118969.77,0.001618,,,,,,-484142.92,negativ,0.117540,ja,nein
5493009W2E2YDCXY6S81,CON,2025-12-31,"NOVO BANCO, S.A.",Portugal,Large subsidiaries,30207207413.19,809996889.33,0.026815,413731635.73,0.013696,303350334.61,0.010042,0.5108,-471930253.47,negativ,0.582632,nein,nein
549300A2F46GR0UOM390,CON,2025-12-31,Erste&Steiermärkische Bank d.d.,Croatia,Large subsidiaries,11107500596.92,299144579.84,0.026932,53851045.35,0.004848,84580399.68,0.007615,0.1800,-185492176.98,negativ,0.620075,nein,nein
549300C6TUMDXNOVXS82,CON,2025-12-31,Länsförsäkringar Bank AB - gruppen,Sweden,Large highest EEA,39921119315.24,113620136.67,0.002846,203929760.32,0.005108,6919865.31,0.000173,1.7948,-25758085.50,negativ,0.226704,ja,nein
549300CQ9NLEHMRCU505,IND,2025-12-31,"Cecabank, S.A.",Spain,Other highest EEA,5634336000.00,213000.00,0.000038,,,185000.00,0.000033,,-43000.00,negativ,0.201878,ja,nein
549300D7SF4JSQDV7040,IND,2025-12-31,Mirabaud & Cie (Europe) S.A.,Luxembourg,Other highest EEA,117072899.67,670572.58,0.005728,,,,,,-74859.69,negativ,0.111635,ja,nein
549300DVPJYGNF2P7B03,CON,2025-12-31,Steiermärkische Bank und Sparkassen Aktiengesellschaft,Austria,Large subsidiaries,18315701540.21,666422538.99,0.036385,427530461.01,0.023342,371432620.11,0.020279,0.6415,-291551988.87,negativ,0.437488,nein,nein
549300DYPOFMXOR7XM56,CON,2025-12-31,Crelan,Belgium,Large highest EEA,51523855627.48,599133533.80,0.011628,357862080.38,0.006946,160177744.82,0.003109,0.5973,-134628426.97,negativ,0.224705,ja,nein
549300EHNXQVOI120S55,CON,2025-12-31,Coop Pank AS,Estonia,Large highest EEA,2153876670.70,14018610.70,0.006509,18765876.95,0.008713,4222136.93,0.001960,1.3386,-5369995.24,negativ,0.383062,ja,nein
549300F7FBD744MEP844,IND,2025-12-31,Banque Raiffeisen,Luxembourg,Other highest EEA,8662899392.24,372773866.24,0.043031,104241364.79,0.012033,132165369.95,0.015256,0.2796,-85089798.57,negativ,0.228261,nein,nein
549300G3C8M0WXQCWH61,CON,2025-12-31,Caja Laboral Popular Coop. de Crédito,Spain,Other highest EEA,16591021513.00,359652762.00,0.021678,25699478.00,0.001549,131131810.00,0.007904,0.0715,-142681036.00,negativ,0.396719,ja,nein
549300HFEHJOXGE4ZE63,CON,2025-12-31,SFIL S.A.,France,Large highest EEA,58660483334.00,66441423.00,0.001133,486265786.00,0.008289,43898661.00,0.000748,7.3187,-3441889.00,negativ,0.051803,ja,nein
549300HUKIA1IZQHFZ83,IND,2025-12-31,Erste Bank der oesterreichischen Sparkassen AG,Austria,Large subsidiaries,40515.49,772.09,0.019057,379.66,0.009371,370.20,0.009137,0.4917,-251.14,negativ,0.325280,ja,nein
549300IQZVZ949N37S44,CON,2025-12-31,Euroclear Holding,Belgium,Large highest EEA,44649134173.00,23698106.00,0.000531,,,16004785.00,0.000358,,-19306896.00,negativ,0.814702,ja,nein
549300IRGNL8Q3O8Y413,IND,2025-12-31,Eurobank Bulgaria,Bulgaria,Large subsidiaries,18404994000.00,406683000.00,0.022096,290000000.00,0.015757,150972000.00,0.008203,0.7131,-235920000.00,negativ,0.580108,nein,nein
549300J0GSZ83GTKBZ89,CON,2025-12-31,OTP banka d.d.,Slovenia,Large subsidiaries,8292688000.00,251172000.00,0.030288,29452000.00,0.003552,115881000.00,0.013974,0.1173,-116898000.00,negativ,0.465410,nein,nein
549300JB1P61FUTPEZ75,CON,2025-12-31,"Všeobecná úverová banka, a.s.",Slovakia,Large subsidiaries,20816069549.00,442917321.00,0.021278,160120271.00,0.007692,146729540.00,0.007049,0.3615,-233616333.00,negativ,0.527449,ja,nein
549300JECLPX13NZLU57,CON,2025-12-31,Danske Andelskassers Bank A/S,Denmark,Other highest EEA,1240966081.64,58405226.38,0.047064,2943358.91,0.002372,11402412.76,0.009188,0.0504,-27716357.69,negativ,0.474553,nein,nein
549300JSC82O1L4XV837,CON,2025-12-31,Nordnet - Grupp,Sweden,Other highest EEA,2758992960.00,11736070.00,0.004254,0.00,0.000000,0.00,0.000000,0.0000,11780468.48,positiv,1.003783,ja,nein
549300KOORG6SN9LMO68,IND,2025-12-31,IIG Bank (Malta) Ltd,Malta,Other highest EEA,59442502.70,2511698.84,0.042254,,,,,,-719186.38,negativ,0.286335,nein,nein
549300L1IEXJYJ2NUV45,IND,2025-12-31,Sparekassen Danmark,Denmark,Other highest EEA,5772643213.29,706729498.95,0.122427,17788562.25,0.003082,69030487.62,0.011958,0.0252,-136297014.91,negativ,0.192856,nein,nein
549300L7YCATGO57ZE10,CON,2025-12-31,FINECOBANK BANCA FINECO S.P.A. (IN BREVE FINECOBANK S.P.A. OVVERO BANCA FINECO S.P.A. OVVERO FINECO BANCA S.P.A.),Italy,Large highest EEA,6504412383.00,28163449.00,0.004330,2670845.00,0.000411,1629319.00,0.000250,0.0948,-23923926.00,negativ,0.849467,ja,nein
549300LYFYVPUCG6SY25,CON,2025-12-31,"Banco Cooperativo Español, S.A.",Spain,Other highest EEA,3550788496.00,5418212.00,0.001526,6647.00,0.000002,2111979.00,0.000595,0.0012,-1943249.00,negativ,0.358651,ja,nein
549300M2IHOB9P5WE714,IND,2025-12-31,Swissquote Bank Europe S.A,Luxembourg,Other highest EEA,464045148.23,991534.75,0.002137,,,,,,-991534.75,negativ,1.000000,ja,nein
549300MM2G2LFEPR2M50,IND,2025-12-31,Skandiabanken Aktiebolag (publ),Sweden,Other highest EEA,10864066537.71,51873734.12,0.004775,5615335.63,0.000517,28550305.36,0.002628,0.1083,2373057.61,positiv,0.045747,ja,nein
549300ND1MQ8SNNYMJ22,CON,2025-12-31,AS SEB Pank,Estonia,Large subsidiaries,7838498321.72,24939549.41,0.003182,64880912.09,0.008277,14693153.92,0.001874,2.6015,-6569672.86,negativ,0.263424,ja,nein
549300NYKK9MWM7GGW15,CON,2025-12-31,ING Groep N.V.,Netherlands,Large highest EEA,827400000000.00,12767000000.00,0.015430,7854000000.00,0.009492,5771000000.00,0.006975,0.6152,-4404000000.00,negativ,0.344952,ja,nein
549300O2UN9JLME31F08,IND,2025-12-31,UniCredit Banka Slovenija d.d.,Slovenia,Large subsidiaries,2436968.00,126144.00,0.051763,22382.00,0.009184,15927.00,0.006536,0.1774,-51716.00,negativ,0.409976,nein,nein
549300O3HXYXXUHR0897,CON,2025-12-31,Klarna - Grupp,Sweden,Other highest EEA,10404112015.52,253243993.22,0.024341,,,61753822.97,0.005936,,-174198486.46,negativ,0.687868,nein,nein
549300OL514RA0SXJJ44,IND,2025-12-31,Clearstream Banking S.A.,Luxembourg,Large subsidiaries,10344988732.97,574293.67,0.000056,,,,,,-293729.66,negativ,0.511462,ja,nein
549300OLBL49CW8CT155,CON,2025-12-31,"Ibercaja Banco, S.A.",Spain,Large highest EEA,31162480000.00,449719000.00,0.014431,72824000.00,0.002337,183276000.00,0.005881,0.1619,-237366000.00,negativ,0.527810,ja,nein
549300OMTXWX1144LP69,IND,2025-12-31,"Akciju sabiedrība ""Reģionālā investīciju banka""",Latvia,Other highest EEA,209616850.00,10346961.00,0.049361,,,8800000.00,0.041981,,-697597.00,negativ,0.067420,nein,nein
549300PZMFIQR79Q0T97,CON,2025-12-31,Íslandsbanki hf.,Iceland,Large highest EEA,9828945980.00,138699330.00,0.014111,189203350.00,0.019250,56934150.00,0.005792,1.3641,-25116210.00,negativ,0.181084,ja,nein
549300Q3OIWRHQUQM052,CON,2025-12-31,SpareBank 1 Sør-Norge,Norway,Large highest EEA,37550395814.19,265864979.16,0.007080,236880787.29,0.006308,96189328.82,0.002562,0.8910,265864979.16,positiv,1.000000,ja,nein
549300RFKNCOX56F8591,CON,2025-12-31,RAIFFEISEN BANK S.A.,Romania,Large subsidiaries,10266826.59,253246.52,0.024666,47146.08,0.004592,67106.48,0.006536,0.1862,-154103.52,negativ,0.608512,nein,nein
549300RMML7KXP6M1Y98,IND,2025-12-31,BANCO BAI EUROPA S.A.,Portugal,Other highest EEA,493713176.05,6046658.70,0.012247,0.00,0.000000,5518489.19,0.011178,0.0000,-1241382.77,negativ,0.205301,ja,nein
549300S2T3FWVVXWJI89,CON,2025-12-31,"Slovenská sporiteľňa, a.s.",Slovakia,Large subsidiaries,21183818.00,455584.00,0.021506,262642.00,0.012398,144197.00,0.006807,0.5765,-235831.00,negativ,0.517645,ja,nein
549300SBPFE9JX7N8J82,IND,2025-12-31,AB SEB bankas,Lithuania,Large subsidiaries,10986693315.65,40109023.29,0.003651,78407791.70,0.007137,18865654.80,0.001717,1.9549,-14197627.70,negativ,0.353976,ja,nein
549300SXM92LQ05OJQ76,CON,2025-12-31,Sparebank 1 Nord-Norge SPA,Norway,Other highest EEA,1582607591.54,165200745.19,0.104385,184637414.18,0.116667,59467194.76,0.037575,1.1177,-33034521.38,negativ,0.199966,nein,nein
549300TDPXT0OW2AY198,CON,2025-12-31,FinAx,Belgium,Other highest EEA,7223855918.42,51502340.33,0.007129,13112679.74,0.001815,3643532.43,0.000504,0.2546,-20918861.04,negativ,0.406173,ja,nein
549300TEJKOLFN65KR76,IND,2025-12-31,BNF Bank plc,Malta,Other highest EEA,1071898679.49,25412302.87,0.023708,16494341.40,0.015388,38169778.87,0.035610,0.6491,-12089369.36,negativ,0.475729,nein,nein
549300TJREQ7GHIXWR36,IND,2025-12-31,Swedbank Hypotek AB,Sweden,Large subsidiaries,109749073120.00,395145160.00,0.003600,1283112850.00,0.011691,131499430.00,0.001198,3.2472,-52396470.00,negativ,0.132601,ja,ja
549300TK038P6EV4YU51,CON,2025-12-31,AB Artea bankas,Lithuania,Large highest EEA,3780403000.00,105026000.00,0.027782,77168000.00,0.020413,41345000.00,0.010937,0.7348,-21362000.00,negativ,0.203397,nein,nein
549300TL5406IC1XKD09,CON,2025-12-31,Saxo Bank A/S,Denmark,Large highest EEA,4932.69,0.00,0.000000,,,,,,,,,ja,nein
549300TRUWO2CD2G5692,CON,2025-12-31,"UNICREDIT, SOCIETA' PER AZIONI",Italy,Large highest EEA,481682524140.00,12110883560.00,0.025143,5563221921.00,0.011550,4096685775.00,0.008505,0.4594,-5316392252.00,negativ,0.438976,nein,nein
549300TTZTKBUFKWH890,CON,2025-12-31,The Cyprus Development Bank Public Company Ltd,Cyprus,Other highest EEA,192174.95,32091.73,0.166992,18237.08,0.094898,17829.81,0.092779,0.5683,-14154.95,negativ,0.441078,nein,nein
549300U4LIZV0REEQQ46,CON,2025-12-31,"Kutxabank, S.A.",Spain,Large highest EEA,51569916000.00,661048000.00,0.012818,322328000.00,0.006250,280720000.00,0.005443,0.4876,-377721000.00,negativ,0.571397,ja,nein
549300UARE5MHTBUPJ19,CON,2025-12-31,Promontoria 19 Coöperatie U.A.,Netherlands,Large highest EEA,21035085304.00,805966182.66,0.038315,449560875.69,0.021372,258622048.98,0.012295,0.5578,-216238973.12,negativ,0.268298,nein,nein
549300UOX05QGUJJ5707,IND,2025-12-31,Stadshypotek AB,Sweden,Large subsidiaries,145258192316.80,274528501.12,0.001890,105576927.31,0.000727,46302998.13,0.000319,0.3846,-10645520.37,negativ,0.038777,ja,nein
549300URJH9VSI58CS32,CON,2025-12-31,"Banco Santander Totta, SA",Portugal,Large subsidiaries,42041179747.00,802400114.00,0.019086,300697861.00,0.007152,305296620.00,0.007262,0.3747,540569430.00,positiv,0.673691,ja,nein
549300UY81ESCZJ0GR95,CON,2025-12-31,First Investment Bank,Bulgaria,Large highest EEA,5537775257.50,416132242.30,0.075144,424245550.70,0.076609,242727403.80,0.043831,1.0195,-156203683.90,negativ,0.375370,nein,nein
549300V1VN70Q7PQ7234,CON,2025-12-31,CRÉDIT AGRICOLE AUTO BANK S.P.A.,Italy,Large subsidiaries,24984849923.00,827097141.00,0.033104,25075186.00,0.001004,14499752.00,0.000580,0.0303,-314911379.00,negativ,0.380743,nein,nein
549300VRM6G42M8OWN49,CON,2025-12-31,Sparebank 1 Østlandet,Norway,Other highest EEA,20906990302.03,239387344.69,0.011450,116831870.41,0.005588,38860240.50,0.001859,0.4880,-47020454.53,negativ,0.196420,ja,nein
549300X34UUBDEUL1Z91,CON,2025-12-31,HSBC Bank Malta p.l.c.,Malta,Large subsidiaries,2996684000.00,74513000.00,0.024865,12594000.00,0.004203,37169000.00,0.012403,0.1690,-17576000.00,negativ,0.235878,nein,nein
549300XGJX6FOWLOI640,IND,2025-12-31,FIDEURAM - INTESA SANPAOLO PRIVATE BANKING S.P.A.,Italy,Large subsidiaries,21628349949.00,66671860.00,0.003083,70509.00,0.000003,5656225.00,0.000262,0.0011,-31590110.00,negativ,0.473815,ja,nein
549300XWJHRKLHU2PS28,CON,2025-12-31,ERSTE csoport,Hungary,Large subsidiaries,7744232600.00,117517400.00,0.015175,17001400.00,0.002195,36881000.00,0.004762,0.1447,-75868000.00,negativ,0.645590,ja,nein
549300YW95G1VBBGGV07,CON,2025-12-31,"AS ""SEB banka""",Latvia,Large subsidiaries,4828226307.00,59121948.00,0.012245,106470419.00,0.022052,53842023.00,0.011152,1.8009,-12513893.00,negativ,0.211662,ja,ja
549300Z7V2WOFIMUEK50,CON,2025-12-31,UniCredit Bulbank AD,Bulgaria,Large subsidiaries,15382537706.30,394883125.60,0.025671,188346047.10,0.012244,185284894.00,0.012045,0.4770,-250329923.50,negativ,0.633934,nein,nein
549300ZEF3QWM810M319,IND,2025-12-31,Ziklo Bank AB,Sweden,Other highest EEA,3994431.40,34818.52,0.008717,6293.21,0.001575,2346.38,0.000587,0.1807,1200.59,positiv,0.034481,ja,nein
549300ZHFZ4CSK7VS460,CON,2025-12-31,Privredna Banka Zagreb d.d.,Croatia,Large subsidiaries,15753920420.44,319555106.98,0.020284,50765039.17,0.003222,66586705.07,0.004227,0.1589,-189782805.07,negativ,0.593897,ja,nein
549300ZK53CNGEEI6A29,IND,2025-12-31,J.P. Morgan SE,Germany,Large highest EEA,82092272506.00,201344804.17,0.002453,12654806.04,0.000154,115896408.15,0.001412,0.0629,-47704574.00,negativ,0.236930,ja,nein
5967007LIEEXZX51WW28,CON,2025-12-31,SPAREBANKEN ØST,Norway,Other highest EEA,3063424020.56,28273222.78,0.009229,21778082.61,0.007109,7648814.17,0.002497,0.7703,-7228696.88,negativ,0.255673,ja,nein
5967007LIEEXZX76AW36,CON,2025-12-31,OBOS-BANKEN AS,Norway,Other highest EEA,5673317841.93,10632364.60,0.001874,2124727.75,0.000375,1060522.41,0.000187,0.1998,-1002235.33,negativ,0.094263,ja,nein
5UMCZOEYKCVFAW8ZLO05,CON,2025-12-31,"National Bank of Greece, S.A.",Greece,Large highest EEA,42932000000.00,1229000000.00,0.028627,438000000.00,0.010202,381000000.00,0.008874,0.3564,-528000000.00,negativ,0.429618,nein,nein
635400AKJBGNS5WNQL34,CON,2025-12-31,AIB Group plc,Ireland,Large highest EEA,80256549914.33,1596186570.87,0.019889,790244100.48,0.009846,629774968.70,0.007847,0.4951,-478483114.08,negativ,0.299766,ja,nein
635400C8EK6DRI12LJ39,CON,2025-12-31,Bank of Ireland Group plc,Ireland,Large highest EEA,85823416049.93,1858660479.26,0.021657,1500911515.33,0.017488,1060824472.22,0.012361,0.8075,-636653507.39,negativ,0.342534,ja,nein
635400F6HLXKXNJJX605,IND,2025-12-31,EXIM BANCA ROMANEASCA S.A.,Romania,Large highest EEA,3243978.28,127857.69,0.039414,147340.79,0.045420,65426.82,0.020169,1.1524,-56958.54,negativ,0.445484,nein,nein
635400L14KNHZXPUZM19,CON,2025-12-31,Bank of Cyprus Holdings Public Limited Company,Ireland,Large highest EEA,12788727000.00,126768000.00,0.009912,286934137.00,0.022436,68488475.00,0.005355,2.2635,-70623178.00,negativ,0.557106,ja,ja
635400LCCIYHUL6ELA34,CON,2025-12-31,USB European (Holdings) Limited,Ireland,Other highest EEA,624323923.77,19877704.77,0.031839,,,,,,-255629.05,negativ,0.012860,nein,nein
724500973ODKK3IFQ447,CON,2025-12-31,Adyen N.V.,Netherlands,Other highest EEA,800239627.21,23631397.78,0.029530,,,,,,-6334492.12,negativ,0.268054,nein,nein
724500A1FNICHSDF2I11,CON,2025-12-31,ASN Bank N.V.,Netherlands,Large highest EEA,67585232350.00,556118374.00,0.008228,702406120.00,0.010393,232333250.00,0.003438,1.2631,-35986967.00,negativ,0.064711,ja,nein
724500AG21Z9GIJE4735,CON,2025-12-31,WP XII Financial Holdings Coöperatief U.A.,Netherlands,Other highest EEA,963581212.21,124534.15,0.000129,,,,,,-102038.50,negativ,0.819362,ja,nein
724500BICUQ0LF1AH770,CON,2025-12-31,Nationale-Nederlanden Bank N.V.,Netherlands,Other highest EEA,24505144609.00,101689749.00,0.004150,178505510.00,0.007284,52229574.00,0.002131,1.7554,-1443189.00,negativ,0.014192,ja,nein
724500D8WOYCL1BUCB80,CON,2025-12-31,Van Lanschot Kempen N.V.,Netherlands,Other highest EEA,9851502.76,86348.80,0.008765,1403.02,0.000142,13551.60,0.001376,0.0162,-17643.05,negativ,0.204323,ja,nein
724500JIWG886A9RRT57,CON,2025-12-31,RBS Holdings N.V.,Netherlands,Large highest EEA,2223175332.82,0.00,0.000000,,,,,,0.00,null,,ja,nein
724500M4G9AVEMHMV291,CON,2025-12-31,bunq Holding B.V.,Netherlands,Other highest EEA,2939570502.77,49264221.95,0.016759,3407748.64,0.001159,3799390.82,0.001292,0.0692,-23848008.41,negativ,0.484084,ja,nein
724500PMK2A2M1SQQ228,CON,2025-12-31,Triodos Bank N.V.,Netherlands,Other highest EEA,11961064744.98,331652244.34,0.027728,100932031.87,0.008438,145662551.20,0.012178,0.3043,-77038583.26,negativ,0.232287,nein,nein
724500SF1CI8OD5AHI07,CON,2025-12-31,HCBG Holding B.V.,Netherlands,Other highest EEA,1556914654.95,36240331.65,0.023277,2904703.76,0.001866,32684881.87,0.020993,0.0802,-9616525.33,negativ,0.265354,ja,nein
724500ZNT2I60RYZQI38,IND,2025-12-31,Anadolubank Nederland N.V.,Netherlands,Other highest EEA,966140969.08,4100462.58,0.004244,,,,,,-2578844.38,negativ,0.628915,ja,nein
7437003B5WFBOIEFY714,CON,2025-12-31,OP Osuuskunta,Finland,Large highest EEA,101661000000.00,2319000000.00,0.022811,2862000000.00,0.028152,1235000000.00,0.012148,1.2342,-383000000.00,negativ,0.165157,ja,nein
7437005892K69S3MW344,CON,2025-12-31,Säästöpankkiliitto osk,Finland,Other highest EEA,10780788241.17,313632687.09,0.029092,179007898.58,0.016604,118973111.28,0.011036,0.5708,-49266035.12,negativ,0.157082,nein,nein
7437006WYM821IJ3MN73,CON,2025-12-31,Ålandsbanken Abp,Finland,Other highest EEA,3826323363.00,60447365.00,0.015798,35213544.00,0.009203,25122658.00,0.006566,0.5825,-7013406.00,negativ,0.116025,ja,nein
743700FTBNXAUN57RH30,CON,2025-12-31,S-Pankki Oyj,Finland,Other highest EEA,9479900000.00,169500000.00,0.017880,239700000.00,0.025285,66200000.00,0.006983,1.4142,-21400000.00,negativ,0.126254,ja,nein
743700GC62JLHFBUND16,CON,2025-12-31,Aktia Bank Abp,Finland,Other highest EEA,7954459672.69,187355895.88,0.023554,283537127.18,0.035645,93865242.55,0.011800,1.5134,-36829751.97,negativ,0.196576,nein,nein
743700PW2HDTPU3YRJ31,CON,2025-12-31,POP Pankkikeskus osk,Finland,Other highest EEA,4977117644.95,199502729.98,0.040084,135458236.19,0.027216,94392536.35,0.018965,0.6790,-44243326.99,negativ,0.221768,nein,nein
7CUNS533WID6K7DGFI87,CON,2025-12-31,"CaixaBank, S.A.",Spain,Large highest EEA,396520817000.00,8176352000.00,0.020620,1781271000.00,0.004492,3385081000.00,0.008537,0.2179,-4794789000.00,negativ,0.586422,ja,nein
7LTWFZYICNSX8D621K86,CON,2025-12-31,DEUTSCHE BANK AKTIENGESELLSCHAFT,Germany,Large highest EEA,756422292843.88,15637779006.34,0.020673,7345067173.07,0.009710,6790912671.57,0.008978,0.4697,-4894673698.63,negativ,0.313003,ja,nein
7LVZJ6XRIE7VNZ4UBX81,CON,2025-12-31,BANCA MEDIOLANUM S.P.A.,Italy,Large highest EEA,20142948009.00,288803182.00,0.014338,77212885.00,0.003833,60033023.00,0.002980,0.2674,-142917624.00,negativ,0.494862,ja,nein
7V6Z97IO7R1SEAO84Q32,CON,2025-12-31,SpareBank 1 SMN,Norway,Other highest EEA,23418649605.26,222856287.94,0.009516,109499871.92,0.004676,27847672.28,0.001189,0.4913,222856287.94,positiv,1.000000,ja,nein
81560017C4A61A529235,IND,2025-12-31,CASSA DI RISPARMIO DI FERMO S.P.A. (IN FORMA ABBREVIATA CARIFERMO S.P.A.),Italy,Other highest EEA,1355496289.00,36906880.00,0.027228,13318162.00,0.009825,10129543.00,0.007473,0.3609,-24644664.00,negativ,0.667753,nein,nein
81560027D07F9BDB8436,CON,2025-12-31,CASSA DI RISPARMIO DI ASTI S.P.A. (IN FORMA ABBREVIATA BANCA C.R. ASTI S.P.A.),Italy,Other highest EEA,7621913982.00,324041532.00,0.042514,73136871.00,0.009596,87013301.00,0.011416,0.2257,-145261511.00,negativ,0.448281,nein,nein
81560035485BD7DB3590,IND,2025-12-31,BANCO DI CREDITO P.AZZOAGLIO - S.P.A.,Italy,Other highest EEA,1392765082.00,54207424.00,0.038921,,,,,,-22978053.00,negativ,0.423891,nein,nein
8156003A4FB445454553,CON,2025-12-31,CASSA DI RISPARMIO DI BOLZANO S.P.A. - SUDTIROLER SPARKASSE AG,Italy,Other highest EEA,9995939037.00,351554855.00,0.035170,164484191.00,0.016455,201838381.00,0.020192,0.4679,-165229260.00,negativ,0.469996,nein,nein
8156003D79D064FB5360,IND,2025-12-31,CASSA LOMBARDA - S.P.A.,Italy,,485688148.00,5992667.00,0.012339,1642579.00,0.003382,,,0.2741,-2591208.00,negativ,0.432396,ja,nein
8156004BBB6E6B9B6F10,IND,2025-12-31,BANCA POPOLARE DI PUGLIA E BASILICATA - SOCIETA' COOPERATIVA PER AZIONI,Italy,Other highest EEA,2291440478.00,72685370.00,0.031720,16062315.00,0.007010,13791254.00,0.006019,0.2210,41116342.00,positiv,0.565676,nein,nein
8156005420362AE59184,CON,2025-12-31,BANCA IFIS S.P.A. (OVVERO IFIS BANCA S.P.A. O IN FORMA ABBREVIATA IFIS S.P.A.),Italy,Other highest EEA,12717734467.00,2633674768.00,0.207087,234893553.00,0.018470,561068499.00,0.044117,0.0892,-230763197.00,negativ,0.087620,nein,nein
8156005C22D0BF134C40,IND,2025-12-31,BANCA POPOLARE PUGLIESE - SOCIETA' COOPERATIVA PER AZIONI,Italy,Other highest EEA,3460568.00,170654.00,0.049314,27493.00,0.007945,30802.00,0.008901,0.1611,-73374.00,negativ,0.429958,nein,nein
81560064085A02B2B297,CON,2025-12-31,MEDIOCREDITO CENTRALE - BANCA DEL MEZZOGIORNO SPA,Italy,Other highest EEA,9273756364.00,325411829.00,0.035090,77736527.00,0.008382,85555131.00,0.009226,0.2389,-117794419.00,negativ,0.361986,nein,nein
815600722FAEE18D6013,CON,2025-12-31,BANCA DEL FUCINO S.P.A.,Italy,Other highest EEA,2948410334.00,178605604.00,0.060577,37093092.00,0.012581,22086098.00,0.007491,0.2077,-50960668.00,negativ,0.285325,nein,nein
8156007C053DC07AC307,IND,2025-12-31,CREDITO LOMBARDO VENETO S.P.A.,Italy,Other highest EEA,236919353.00,25834602.00,0.109044,3605165.00,0.015217,4403092.00,0.018585,0.1395,-14868869.00,negativ,0.575541,nein,nein
8156007D348794DB1690,CON,2025-12-31,CRÉDIT AGRICOLE ITALIA S.P.A.,Italy,Large subsidiaries,73220959648.00,1913669510.00,0.026136,548755422.00,0.007495,699260670.00,0.009550,0.2868,-1192372712.00,negativ,0.623082,nein,nein
815600848DEFE160E913,CON,2025-12-31,IBL ISTITUTO BANCARIO DEL LAVORO S.P.A. (IN FORMA ABBREVIATA IBL BANCA),Italy,Other highest EEA,5222931227.00,588618648.00,0.112699,4653280.00,0.000891,8816010.00,0.001688,0.0079,-140327111.00,negativ,0.238401,nein,nein
8156008B43CE788F4932,CON,2025-12-31,BANCA AGRICOLA POPOLARE DI SICILIA SOCIETA' COOPERATIVA PER AZIONI,Italy,Other highest EEA,3012425263.00,75706366.00,0.025131,58129561.00,0.019297,22248319.00,0.007386,0.7678,-51841051.00,negativ,0.684765,nein,nein
8156008FC57F3F707049,CON,2025-12-31,ENTE CAMBIANO SOCIETA' COOPERATIVA PER AZIONI,Italy,Other highest EEA,3149168654.00,250745194.00,0.079623,45929722.00,0.014585,67974986.00,0.021585,0.1832,-111948470.00,negativ,0.446463,nein,nein
815600903231FA2E7698,CON,2025-12-31,BANCA GENERALI - SOCIETA' PER AZIONI (IN FORMA ABBREVIATA GENERBANCA),Italy,Other highest EEA,3721333293.00,58416666.00,0.015698,7090619.00,0.001905,1182350.00,0.000318,0.1214,-19969692.00,negativ,0.341849,ja,nein
8156009F9B6BB7745A32,CON,2025-12-31,PRIVATA HOLDING S.R.L.,Italy,Other highest EEA,442936.21,77551.25,0.175084,9254.46,0.020893,11371.57,0.025673,0.1193,-24622.14,negativ,0.317495,nein,nein
815600A32DA05F693F24,CON,2025-12-31,LA CASSA DI RAVENNA S.P.A.,Italy,Other highest EEA,3950710966.00,83052441.00,0.021022,38964314.00,0.009863,31308229.00,0.007925,0.4692,-49359343.00,negativ,0.594315,ja,nein
815600AD83B2B6317788,CON,2025-12-31,CREDITO EMILIANO HOLDING SOCIETA' PER AZIONI,Italy,Large highest EEA,40944898013.00,614723120.00,0.015013,58834764.00,0.001437,180332535.00,0.004404,0.0957,-363717229.00,negativ,0.591677,ja,nein
815600B43BECA3919584,IND,2025-12-31,BANCA PROMOS S.P.A.,Italy,Other highest EEA,5330677.00,1495009.00,0.280454,22153.00,0.004156,31640.00,0.005935,0.0148,-697840.00,negativ,0.466780,nein,nein
815600B6B356EC776E54,IND,2025-12-31,CASSA DI RISPARMIO DI VOLTERRA S.P.A.,Italy,Other highest EEA,1279292448.42,58472075.27,0.045707,38629004.50,0.030196,19294124.46,0.015082,0.6606,-28160475.22,negativ,0.481606,nein,nein
815600BEE9123CD92E12,CON,2025-12-31,BANCA VALSABBINA SOCIETA' COOPERATIVA PER AZIONI (IN BREVE LA VALSABBINA),Italy,Other highest EEA,4318421559.00,160622392.00,0.037195,46257295.00,0.010712,34073565.00,0.007890,0.2880,-85415266.00,negativ,0.531777,nein,nein
815600DDCE9083CAC598,IND,2025-12-31,MEDIOBANCA PREMIER S.P.A.,Italy,Large subsidiaries,31280038768.00,135272408.00,0.004325,39493977.00,0.001263,21521433.00,0.000688,0.2920,-78601589.00,negativ,0.581062,ja,nein
815600E4E6DCD2D25E30,CON,2025-12-31,BANCO BPM SOCIETA' PER AZIONI,Italy,Large highest EEA,105119327000.00,2444127000.00,0.023251,1223534000.00,0.011639,876141000.00,0.008335,0.5006,-1113507000.00,negativ,0.455585,ja,nein
815600F24AE25C9D1B94,CON,2025-12-31,MAURIZIO SELLA - SOCIETA' IN ACCOMANDITA PER AZIONI,Italy,Other highest EEA,13563452985.00,348309729.00,0.025680,65305485.00,0.004815,58589013.00,0.004320,0.1875,-186695848.00,negativ,0.536005,nein,nein
815600FDD3EB3EA03194,CON,2025-12-31,BANCA POPOLARE DEL LAZIO SOCIETA' COOPERATIVA,Italy,Other highest EEA,2008036366.00,80730074.00,0.040203,12709950.00,0.006330,19162850.00,0.009543,0.1574,-38104210.00,negativ,0.471995,nein,nein
851WYGNLUQLFZBSYGB56,CON,2025-12-31,COMMERZBANK Aktiengesellschaft,Germany,Large highest EEA,373821374779.79,5033296064.61,0.013464,1957579916.73,0.005237,2492637716.77,0.006668,0.3889,-2121951046.06,negativ,0.421583,ja,nein
894500N55FUZ70ZQ1784,CON,2025-12-31,Green Opera Finance Invest AB,Sweden,Other highest EEA,5336765.67,374968.66,0.070261,221712.25,0.041544,102920.43,0.019285,0.5913,-68241.42,negativ,0.181992,nein,nein
8IBZUGJ7JPLH368JE346,IND,2025-12-31,Goldman Sachs Bank Europe SE,Germany,Large highest EEA,48775722696.66,96088953.41,0.001970,0.00,0.000000,28851537.04,0.000592,0.0000,-27297473.20,negativ,0.284085,ja,nein
95980020140005012943,CON,2025-12-31,"Caja Rural de Aragón, Sociedad Cooperativa de Crédito",Spain,Other highest EEA,3212955052.00,115281921.00,0.035880,25197470.00,0.007842,31511194.00,0.009808,0.2186,-68000143.00,negativ,0.589860,nein,nein
95980020140005219553,IND,2025-12-31,"Caja Rural de Asturias, Sociedad Cooperativa de Crédito",Spain,Other highest EEA,4265324760.00,79302885.00,0.018592,25961918.00,0.006087,29859802.00,0.007001,0.3274,-28585334.00,negativ,0.360458,ja,nein
95980020140005220135,IND,2025-12-31,"Caja Rural de Granada, Sociedad Cooperativa de Crédito",Spain,Other highest EEA,5337094597.00,92063537.00,0.017250,52194164.00,0.009780,35245824.00,0.006604,0.5669,-51865921.00,negativ,0.563371,ja,nein
95980020140005375335,CON,2025-12-31,"Caja Rural del Sur, S. Coop. de Crédito",Spain,Other highest EEA,8165230804.00,158256849.00,0.019382,80235807.00,0.009827,55579954.00,0.006807,0.5070,-67970186.00,negativ,0.429493,ja,nein
95980020140005439549,IND,2025-12-31,"Caja Rural de Navarra, S. Coop. de Crédito",Spain,Other highest EEA,10438642841.00,230585662.00,0.022090,128472889.00,0.012307,89804186.00,0.008603,0.5572,,,,nein,nein
95980020140005484654,CON,2025-12-31,"Caja Rural de Albacete, Ciudad Real y Cuenca, Sociedad Cooperativa de Crédito",Spain,Other highest EEA,5505381379.00,154365924.00,0.028039,81101631.00,0.014731,69869118.00,0.012691,0.5254,-83811094.00,negativ,0.542938,nein,nein
95980020140005552166,CON,2025-12-31,"Eurocaja Rural, Sociedad Cooperativa de Crédito",Spain,Other highest EEA,6821085880.00,111539584.00,0.016352,13358059.00,0.001958,22177919.00,0.003251,0.1198,-33966445.00,negativ,0.304524,ja,nein
95980020140005658381,IND,2025-12-31,"Aresbank, S.A.",Spain,Other highest EEA,733275239.00,14635733.00,0.019959,,,,,,-955648.00,negativ,0.065296,nein,nein
95980020140005881190,CON,2025-12-31,Banco de Crédito Social Cooperativo,Spain,Large highest EEA,43463815522.00,838820313.00,0.019299,461855568.00,0.010626,282499937.00,0.006500,0.5506,-448164239.00,negativ,0.534279,ja,nein
959800LQ598A5RQASA61,CON,2025-12-31,"Banca March, S.A.",Spain,Other highest EEA,9256850011.00,109648325.00,0.011845,38505469.00,0.004160,45338394.00,0.004898,0.3512,-42551030.00,negativ,0.388068,ja,nein
959800R86KE31EAVRC30,CON,2025-12-31,LIBERTY PARTNERS S.L.U.,Spain,Other highest EEA,677365000.00,20401000.00,0.030118,,,,,,10533000.00,positiv,0.516298,nein,nein
959800VHSP2QBPNRF210,IND,2025-12-31,"Bank of Africa Europe, S.A.",Spain,Other highest EEA,478089198.00,350443.00,0.000733,,,181748.00,0.000380,,-321528.00,negativ,0.917490,ja,nein
96950001WI712W7PQG45,CON,2025-12-31,RCI Banque,France,Large highest EEA,62902982785.00,1365714297.00,0.021711,120018065.00,0.001908,103388114.00,0.001644,0.0879,-747891807.00,negativ,0.547620,ja,nein
9695000CG7B84NLR5984,CON,2025-12-31,Confédération Nationale du Crédit Mutuel,France,Large highest EEA,762659703076.98,20876095155.22,0.027373,3331079061.09,0.004368,6460429508.50,0.008471,0.1596,-9496165081.79,negativ,0.454882,nein,nein
9695002JOWSRCLLLNY11,CON,2025-12-31,Edmond de Rothschild (France),France,Other highest EEA,2221580223.64,10675213.00,0.004805,0.00,0.000000,0.00,0.000000,0.0000,-563880.25,negativ,0.052821,ja,nein
9695002K2HDLD20JU790,CON,2025-12-31,AGENCE FRANCE LOCALE - SOCIETE TERRITORIALE,France,Other highest EEA,9546186853.65,191000.00,0.000020,71954884.27,0.007538,30000.00,0.000003,376.7271,-2.28,negativ,0.000012,ja,nein
96950041VJ1QP0B69503,CON,2025-12-31,Crédit mutuel Arkéa,France,Large subsidiaries,109309487000.00,2093055000.00,0.019148,488152000.00,0.004466,670580000.00,0.006135,0.2332,-946324000.00,negativ,0.452126,ja,nein
9695007EQZDL89LUW373,CON,2025-12-31,Banque Banorient France,France,Other highest EEA,1270550887.64,44776931.02,0.035242,402324.00,0.000317,,,0.0090,-39541626.93,negativ,0.883080,nein,nein
969500A9SZ8YP1810S21,CON,2025-12-31,Caisse d'épargne et de prévoyance Aquitaine Poitou-Charentes,France,Large subsidiaries,35832064875.04,676625035.04,0.018883,71769352.88,0.002003,165108819.38,0.004608,0.1061,-266974334.99,negativ,0.394568,ja,nein
969500CJCTMI93QJKK89,CON,2025-12-31,Axa banque,France,Other highest EEA,9429360186.34,275579728.64,0.029226,,,,,,-87140302.98,negativ,0.316207,nein,nein
969500EVOBAGHKZEXA33,CON,2025-12-31,Banque populaire Alsace Lorraine Champagne,France,Large subsidiaries,32096383000.01,880188072.39,0.027423,96919866.06,0.003020,260355492.87,0.008112,0.1101,-413494030.07,negativ,0.469779,nein,nein
969500EYG6U339D3TI84,CON,2025-12-31,Crédit Foncier de France,France,Large subsidiaries,60688295999.81,1451592279.64,0.023919,718171717.33,0.011834,1085435736.76,0.017885,0.4947,-246294001.03,negativ,0.169672,nein,nein
969500F3KYDJBFS4XM73,IND,2025-12-31,Bank Audi France,France,Other highest EEA,578452898.15,21380086.79,0.036961,3071101.72,0.005309,342116.58,0.000591,0.1436,-20348127.06,negativ,0.951733,nein,nein
969500JJWO4PQG0R1C58,CON,2025-12-31,CAISSE D'EPARGNE ET DE PREVOYANCE GRAND EST EUROPE,France,Large subsidiaries,35518389000.00,615908000.00,0.017341,55787084.04,0.001571,170237570.02,0.004793,0.0906,-210329000.00,negativ,0.341494,ja,nein
969500JM7VIGQIPZOL49,CON,2025-12-31,BANQUE POPULAIRE AUVERGNE RHONE ALPES,France,Large subsidiaries,47364000000.00,1047000000.00,0.022105,94000000.00,0.001985,275000000.00,0.005806,0.0898,-458000000.00,negativ,0.437440,ja,nein
969500LFTDNMONT2EP08,CON,2025-12-31,Caisse fédérale de crédit mutuel,France,Large subsidiaries,623707228246.00,18259347154.00,0.029276,2760787061.00,0.004426,5628850509.00,0.009025,0.1512,-8309737081.00,negativ,0.455095,nein,nein
969500SJXM8MW32ZVG75,CON,2025-12-31,Caisse d'épargne et de prévoyance Bretagne-Pays de Loire,France,Large subsidiaries,40354244874.44,595875155.25,0.014766,67483997.81,0.001672,161767307.13,0.004009,0.1133,-215295127.76,negativ,0.361309,ja,nein
969500STN7T9MRUMJ267,CON,2025-12-31,Bpifrance,France,Large highest EEA,59692551000.00,4028929993.44,0.067495,351305589.73,0.005885,1314805253.78,0.022026,0.0872,-959973085.46,negativ,0.238270,nein,nein
969500TU5ZMYBIWP0R51,CON,2025-12-31,Caisse d'Epargne CEPAC,France,Large subsidiaries,45009145000.00,826631861.24,0.018366,133833199.85,0.002973,241462951.73,0.005365,0.1619,-314129584.68,negativ,0.380011,ja,nein
969500VHT1ZNPVWOYF63,CON,2025-12-31,BNP Paribas Personal Finance,France,Large subsidiaries,88295617460.00,3945127752.00,0.044681,901225282.00,0.010207,1883624165.00,0.021333,0.2284,-1980622343.00,negativ,0.502043,nein,nein
969500VR2NA6ANMTXH21,CON,2025-12-31,Caisse d'épargne et de prévoyance de Rhône Alpes,France,Large subsidiaries,48174581374.89,821028286.04,0.017043,171320164.86,0.003556,195919200.04,0.004067,0.2087,-292012649.51,negativ,0.355667,ja,nein
969500W34S6NCZWYBV47,CON,2025-12-31,Caisse d'épargne et de prévoyance Ile-de-France,France,Large subsidiaries,100751936145.92,2187536695.97,0.021712,251912712.32,0.002500,652983618.33,0.006481,0.1152,-706300407.44,negativ,0.322875,ja,nein
969500W8SBCXNX1DG443,CON,2025-12-31,Banque populaire Rives de Paris,France,Large subsidiaries,30823545846.11,896763960.42,0.029093,83835138.60,0.002720,179650921.63,0.005828,0.0935,-387926072.96,negativ,0.432584,nein,nein
969500WFZ7C2IBN9TB80,CON,2025-12-31,Banque populaire Grand Ouest,France,Large subsidiaries,36042972000.00,911889175.51,0.025300,47985000.00,0.001331,156999000.00,0.004356,0.0526,-423259000.00,negativ,0.464156,nein,nein
984500ADEE3DE4F14F51,IND,2025-12-31,Kompasbank A/S,Denmark,Other highest EEA,173936313.43,21038331.58,0.120954,0.00,0.000000,15460137.58,0.088884,0.0000,5947847.42,positiv,0.282715,nein,nein
984500E4D07499C10435,CON,2025-12-31,TBI FINANCIAL SERVICES B.V.,Netherlands,Other highest EEA,1655.76,112.92,0.068201,2.51,0.001515,3.97,0.002396,0.0222,-53.14,negativ,0.470581,nein,nein
9CZ7TVMR36CYD5TZBS50,CON,2025-12-31,Banque Internationale à Luxembourg,Luxembourg,Large highest EEA,18240982748.00,711333277.00,0.038996,249825952.00,0.013696,280266773.00,0.015365,0.3512,-197291077.00,negativ,0.277354,nein,nein
9KOGW2C2FCIOJQ7FF485,CON,2025-12-31,"Česká spořitelna, a.s.",Czech,Large subsidiaries,63098736745.48,773514992.63,0.012259,156164027.50,0.002475,184442421.67,0.002923,0.2019,-480508911.26,negativ,0.621202,ja,nein
9ZHRYM6F437SQJ6OUG95,CON,2025-12-31,Raiffeisen Bank International AG,Austria,Large highest EEA,120409750883.01,3287587854.06,0.027303,578877660.79,0.004808,1220783429.31,0.010139,0.1761,-1503692973.44,negativ,0.457385,nein,nein
A5GWLFH3KM7YV2SFQL84,CON,2025-12-31,Belfius Bank,Belgium,Large highest EEA,124768293195.00,2706016711.00,0.021688,987559568.00,0.007915,615727029.00,0.004935,0.3649,-1279714830.00,negativ,0.472915,ja,nein
AT0000000000043000VB,CON,2025-12-31,VOLKSBANK WIEN AG VB,Austria,Large highest EEA,24305271000.00,1502623000.00,0.061823,621853000.00,0.025585,714147000.00,0.029382,0.4138,-454451000.00,negativ,0.302438,nein,nein
B64D6Y3LBJS4ANNPCU93,CON,2025-12-31,NIBC Bank N.V.,Netherlands,Other highest EEA,18323300205.00,251836592.00,0.013744,255706229.00,0.013955,177617491.00,0.009694,1.0154,-64528601.00,negativ,0.256232,ja,nein
BB3BGO3LCED63R8R9R41,CON,2025-12-31,BANK POLSKIEJ SPOLDZIELCZOSCI S.A.,Poland,Large highest EEA,1667904890.24,172528040.36,0.103440,9718865.07,0.005827,61412897.14,0.036820,0.0563,-99505419.37,negativ,0.576749,nein,nein
BFXS5XCH7N0Y05NIXW11,CON,2025-12-31,ABN AMRO Bank N.V.,Netherlands,Large highest EEA,307854011189.00,5533977696.00,0.017976,2612452747.00,0.008486,2150611137.00,0.006986,0.4721,-937911659.00,negativ,0.169482,ja,nein
CXUHEGU3MADZ2CEV7C11,CON,2025-12-31,Eurobank Limited,Cyprus,Large subsidiaries,11100024915.00,187883603.00,0.016926,113372736.00,0.010214,67006095.00,0.006037,0.6034,-94985892.00,negativ,0.505557,ja,nein
D1HEB8VEU6D9M8ZUXG17,CON,2025-12-31,UniCredit Bank Austria AG,Austria,Large subsidiaries,71537308000.00,2069880000.00,0.028934,630574000.00,0.008815,839554000.00,0.011736,0.3046,-684478000.00,negativ,0.330685,nein,nein
DIZES5CFO5K3I5R58746,CON,2025-12-31,Landesbank Hessen-Thüringen Girozentrale,Germany,Large highest EEA,126359349945.28,3718367627.43,0.029427,1421589609.25,0.011250,2447922315.86,0.019373,0.3823,-1073903157.12,negativ,0.288810,nein,nein
DSNHHQ2B9X5N6OUJ1236,CON,2025-12-31,Norddeutsche Landesbank - Girozentrale -,Germany,Large highest EEA,88644636823.66,1921039773.44,0.021671,2219704389.12,0.025040,1156183218.48,0.013043,1.1555,-443894088.68,negativ,0.231070,ja,nein
DZZ47B9A52ZJ6LT6VV95,CON,2025-12-31,Deutsche Pfandbriefbank AG,Germany,Large highest EEA,31870079835.00,2405214429.00,0.075469,2202240544.00,0.069101,2210764783.00,0.069368,0.9156,-814299045.00,negativ,0.338556,nein,nein
EQYXK86SF381Q21S3020,IND,2025-12-31,Bank of America Europe Designated Activity Company,Ireland,Large highest EEA,56269874271.68,444368263.13,0.007897,170880807.43,0.003037,399701470.97,0.007103,0.3845,-70486649.49,negativ,0.158622,ja,nein
F0HUI1NY1AZMJMD8LP67,CON,2025-12-31,HSBC Continental Europe,France,Large highest EEA,76187000000.00,1361000000.00,0.017864,899000000.00,0.011800,771000000.00,0.010120,0.6605,-454000000.00,negativ,0.333578,ja,nein
F3JS33DEI6XQ4ZBPTN86,CON,2025-12-31,Skandinaviska Enskilda Banken - gruppen,Sweden,Large highest EEA,194566803695.65,971381910.82,0.004993,1026902485.79,0.005278,446257658.03,0.002294,1.0572,-327626962.77,negativ,0.337279,ja,nein
FR9695005MSX1OYEMGDF,CON,2025-12-31,Groupe BPCE,France,Large highest EEA,1012638000000.00,27400000000.00,0.027058,3696000000.00,0.003650,8395000000.00,0.008290,0.1349,,,,nein,nein
G8ZTNESVNKW4NN761W05,CON,2025-12-31,ABN AMRO Clearing Bank N.V.,Netherlands,Large subsidiaries,29025456968.00,1363782.00,0.000047,,,,,,-1362008.00,negativ,0.998699,ja,nein
GDI8P8WHFH4PS5YTU851,CON,2025-12-31,"HAITONG BANK, S.A.",Portugal,Other highest EEA,917248114.11,36408853.59,0.039694,7420524.54,0.008090,27522849.23,0.030006,0.2038,-20634938.42,negativ,0.566756,nein,nein
GTQYZJON3I7SXRNJTT73,IND,2025-12-31,BSK 1818 AG,Germany,Large subsidiaries,29920507947.60,747906424.24,0.024996,471074616.30,0.015744,400792608.70,0.013395,0.6299,,,,nein,nein
H0YX5LBGKDVOWCXBZ594,CON,2025-12-31,SBAB Bank AB - Grupp,Sweden,Large highest EEA,51155058997.58,75557096.54,0.001477,3593421.81,0.000070,3937452.69,0.000077,0.0476,-12912907.14,negativ,0.170903,ja,nein
H8MIG1MMPR6JXUQVBM04,IND,2025-12-31,Bank BPH S.A.,Poland,Other highest EEA,232228.42,20613.07,0.088762,114.96,0.000495,2658.63,0.011448,0.0056,17104.34,positiv,0.829781,nein,nein
I6SS27Q1Q3385V753S50,IND,2025-12-31,Raiffeisenlandesbank Oberösterreich Aktiengesellschaft,Austria,Large subsidiaries,31812092735.68,1378409184.07,0.043330,847012508.30,0.026625,946798557.94,0.029762,0.6145,-430073913.96,negativ,0.312007,nein,nein
I6USJ58BDV2BO5KP3C31,CON,2025-12-31,"MONETA Money Bank, a.s.",Czech,Other highest EEA,14628146559.50,124498695.72,0.008511,,,,,,-53319672.10,negativ,0.428275,ja,nein
J4CP7MHCXR8DAQMKIL78,CON,2025-12-31,Banca Monte dei Paschi di Siena S.p.A.,Italy,Large highest EEA,152661968014.00,3592305461.00,0.023531,1156636039.00,0.007576,1278719357.00,0.008376,0.3220,-1753726442.00,negativ,0.488190,ja,nein
JU1U6S0DG9YLT7N8ZV32,CON,2025-12-31,"Banco Comercial Português, SA",Portugal,Large highest EEA,59654326349.06,1466966652.48,0.024591,640843858.86,0.010743,439582316.58,0.007369,0.4368,-768086396.40,negativ,0.523588,nein,nein
K8MS7FD7N5Z2WQ51AZ71,CON,2025-12-31,"Banco Bilbao Vizcaya Argentaria, S.A.",Spain,Large highest EEA,508738000000.00,14354000000.00,0.028215,5381000000.00,0.010577,6055000000.00,0.011902,0.3749,-7992000000.00,negativ,0.556779,nein,nein
KFUXYFTU2LHQFQZDQG45,CON,2025-12-31,Kereskedelmi és Hitelbank csoport,Hungary,Large subsidiaries,9494399582.77,71769551.91,0.007559,79372820.49,0.008360,25059768.69,0.002639,1.1059,-29745547.41,negativ,0.414459,ja,nein
KGCEPHLVVKVRZYO1T647,CON,2025-12-31,BNP Paribas Fortis,Belgium,Large subsidiaries,249163558564.00,6159896524.00,0.024722,1677283185.00,0.006732,1413144682.00,0.005672,0.2723,-2722022679.00,negativ,0.441894,nein,nein
KR6LSKV3BTSJRD41IF75,CON,2025-12-31,"UniCredit Bank Czech Republic and Slovakia, a.s.",Czech,Large subsidiaries,33483052904.91,354820796.95,0.010597,315439525.51,0.009421,156733876.77,0.004681,0.8890,-241580451.76,negativ,0.680852,ja,nein
KX1WK48MPD4Y2NCUIZ63,CON,2025-12-31,Natixis,France,Large subsidiaries,198155241697.08,2198846383.75,0.011097,237360768.96,0.001198,1449550015.30,0.007315,0.1079,-1018227144.72,negativ,0.463073,ja,nein
LIU16F6VZJSD6UKHD557,CON,2025-12-31,Nykredit Realkredit A/S,Denmark,Large highest EEA,234538531493.97,2604597397.87,0.011105,25808356.10,0.000110,255236081.32,0.001088,0.0099,-546498418.47,negativ,0.209821,ja,nein
LOO0AWXR8GF142JCO404,CON,2025-12-31,CASSA CENTRALE BANCA - CREDITO COOPERATIVO ITALIANOSOCIETA' PER AZIONI (IN SIGLA CASSA CENTRALE BANCA),Italy,Large highest EEA,52980962836.00,1484619812.00,0.028022,603025884.00,0.011382,602298863.00,0.011368,0.4062,-1202092727.00,negativ,0.809697,nein,nein
M312WZV08Y7LYUC71685,CON,2025-12-31,Swedbank - Grupp,Sweden,Large highest EEA,177702304570.00,1059573060.00,0.005963,1480870250.00,0.008333,360953460.00,0.002031,1.3976,-189070860.00,negativ,0.178441,ja,nein
MAES062Z21O4RZ2U7M96,CON,2025-12-31,Danske Bank A/S,Denmark,Large highest EEA,294291566482.82,3723869865.95,0.012654,892082032.33,0.003031,1054228407.73,0.003582,0.2396,-1057463220.00,negativ,0.283969,ja,nein
MKP1B7E76TN04CD85Z79,CON,2025-12-31,BANK OCHRONY ŚRODOWISKA SA,Poland,Other highest EEA,2256151761.63,356551274.23,0.158035,7158956.57,0.003173,221145932.55,0.098019,0.0201,-162265607.10,negativ,0.455098,nein,nein
N4JDFKKH2FTD8RKFXO39,CON,2025-12-31,Crédit industriel et commercial - CIC,France,Large subsidiaries,305862834695.00,8297015033.00,0.027127,1460984876.00,0.004777,2515707804.00,0.008225,0.1761,-3169603944.00,negativ,0.382017,nein,nein
N747OI7JINV7RUUH6190,CON,2025-12-31,BPER Banca S.p.A.,Italy,Large highest EEA,132297233414.00,2767644886.00,0.020920,1154390581.00,0.008726,639614647.00,0.004835,0.4171,-1461475301.00,negativ,0.528057,ja,nein
NHBDILHZTYCNBV5UYZ31,CON,2025-12-31,Svenska Handelsbanken - gruppen,Sweden,Large highest EEA,213822049792.35,603923920.89,0.002824,491597249.82,0.002299,166364365.96,0.000778,0.8140,-54587437.26,negativ,0.090388,ja,nein
NICH5Q04ADUV9SN3Q390,CON,2025-12-31,BRED - Banque populaire,France,Large subsidiaries,57445298052.83,2164391427.79,0.037677,219294934.44,0.003817,413692089.64,0.007201,0.1013,-852860694.42,negativ,0.394042,nein,nein
NMH2KF074RKAGTH4CM63,CON,2025-12-31,BNP PARIBAS BANK POLSKA S.A,Poland,Large subsidiaries,22272728010.45,619172515.49,0.027800,65386315.42,0.002936,261316345.72,0.011733,0.1056,-333298453.25,negativ,0.538297,nein,nein
NNVPP80YIZGEY2314M97,CON,2025-12-31,ICCREA BANCA S.P.A. - ISTITUTO CENTRALE DEL CREDITO COOPERATIVO (IN FORMA ABBREVIATA: ICCREA BANCA S.P.A.),Italy,Large highest EEA,101296383183.00,2540460777.00,0.025079,882919659.00,0.008716,747568111.00,0.007380,0.3475,-1925336087.00,negativ,0.757869,nein,nein
O2RNE8IBXP4R0TD8PU41,CON,2025-12-31,Société générale S.A.,France,Large highest EEA,507664667290.00,14261056370.00,0.028091,4690756740.00,0.009240,3665541300.00,0.007220,0.3289,-6333162160.00,negativ,0.444088,nein,nein
P4GTT6GF1W40CVIMFR43,CON,2025-12-31,Powszechna Kasa Oszczednosci Bank Polski S.A.,Poland,Large highest EEA,72990598311.48,2591364926.48,0.035503,164685424.56,0.002256,788818591.43,0.010807,0.0636,-1192932961.80,negativ,0.460349,nein,nein
PRNXTNXHBI0TSY1V8P17,CON,2025-12-31,Zagrebačka banka d.d.,Croatia,Large subsidiaries,19668.00,390.00,0.019829,257.00,0.013067,104.00,0.005288,0.6590,268.00,positiv,0.687179,ja,nein
PSNL19R2RXX5U3QWHI44,IND,2025-12-31,MEDIOBANCA - BANCA DI CREDITO FINANZIARIO S.P.A.,Italy,Large subsidiaries,58286554000.00,7343000.00,0.000126,49736000.00,0.000853,6881000.00,0.000118,6.7733,-5831000.00,negativ,0.794090,ja,nein
PWEFG14QWWESISQ84C69,CON,2025-12-31,IKB Deutsche Industriebank Aktiengesellschaft,Germany,Other highest EEA,8549000000.00,188000000.00,0.021991,398000000.00,0.046555,185000000.00,0.021640,2.1170,-60000000.00,negativ,0.319149,ja,ja
Q5BP2UEQ48R75BOTCB92,CON,2025-12-31,"Československá obchodní banka, a.s.",Czech,Large subsidiaries,75572380448.39,596332536.19,0.007891,114397298.99,0.001514,180784896.25,0.002392,0.1918,-265123248.01,negativ,0.444590,ja,nein
QS3ZEAHRBZY9228Z0111,IND,2025-12-31,Bank Julius Baer Europe S.A.,Luxembourg,Other highest EEA,2503054213.29,1405934.35,0.000562,,,,,,-1399295.88,negativ,0.995278,ja,nein
R0MUWSFPU8MPRO8K5P83,CON,2025-12-31,BNP Paribas,France,Large highest EEA,942137783202.00,27161968646.00,0.028830,7598183275.00,0.008065,8959934756.00,0.009510,0.2797,-12836702805.00,negativ,0.472598,nein,nein
R7CQUF1DQM73HUTV1078,IND,2025-12-31,"Banque et Caisse d´Epargne de l´Etat, Luxembourg",Luxembourg,Large highest EEA,33442710722.83,883412442.74,0.026416,329124238.94,0.009841,426193003.24,0.012744,0.3726,-240250032.93,negativ,0.271957,nein,nein
RG3IZJKPYQ4H6IQPIC08,IND,2025-12-31,Addiko Bank d.d.,Croatia,Large subsidiaries,1266348365.30,32396933.94,0.025583,6785746.84,0.005359,11958922.64,0.009444,0.2095,-27775580.09,negativ,0.857352,nein,nein
RRUN0TCQ1K2JDV7MXO75,CON,2025-12-31,Oberbank AG,Austria,Other highest EEA,21927.27,624.93,0.028500,559.83,0.025531,307.91,0.014042,0.8958,-155.70,negativ,0.249148,nein,nein
RY3KI4Q2655O2GIL8D68,CON,2025-12-31,BANCA INVESTIS S.P.A.,Italy,Other highest EEA,220856363.00,25784687.00,0.116749,79435.00,0.000360,5384528.00,0.024380,0.0031,-11722265.00,negativ,0.454621,nein,nein
SI5RG2M0WQQLZCXKRM20,CON,2025-12-31,"Banco de Sabadell, S.A.",Spain,Large highest EEA,135189139000.00,3505084000.00,0.025927,1092513000.00,0.008081,1502156000.00,0.011112,0.3117,-1821038000.00,negativ,0.519542,nein,nein
SX0CI4F7GVW5530ZMN03,IND,2025-12-31,Wells Fargo Bank International Unlimited Company,Ireland,Other highest EEA,9244279522.34,86280577.70,0.009333,39473.50,0.000004,78981536.31,0.008544,0.0005,-21031248.10,negativ,0.243754,ja,nein
TO822O0VT80V06K0FH57,CON,2025-12-31,"Caixa Geral de Depósitos, S.A.",Portugal,Large highest EEA,56668941061.00,1008776765.00,0.017801,493005278.00,0.008700,384793436.00,0.006790,0.4887,-682012224.00,negativ,0.676078,ja,nein
TPS0Q8GFSZF45ZZFL873,CON,2025-12-31,Société Générale Luxembourg,Luxembourg,Large subsidiaries,27915856.00,181403.00,0.006498,271059.40,0.009710,16486.56,0.000591,1.4942,-27196.00,negativ,0.149920,ja,nein
TUKDD90GPC79G1KOE162,CON,2025-12-31,Hamburg Commercial Bank AG,Germany,Large highest EEA,16142261103.06,539609661.68,0.033428,587280668.17,0.036382,450404575.98,0.027902,1.0883,-140302816.92,negativ,0.260008,nein,nein
UAIAINAJ28P30E5GWE37,CON,2025-12-31,BGL BNP Paribas,Luxembourg,Large subsidiaries,43743218294.00,1620046601.00,0.037035,184914598.00,0.004227,131685146.00,0.003010,0.1141,-694239831.00,negativ,0.428531,nein,nein
UI802FYJ52XDB7N4KN18,CON,2025-12-31,BANCA NAZIONALE DEL LAVORO S.P.A. (IN FORMA CONTRATTA BNL S.P.A.),Italy,Large subsidiaries,74846194000.00,1746237000.00,0.023331,555328000.00,0.007420,566812000.00,0.007573,0.3180,-997720000.00,negativ,0.571354,ja,nein
VDYMYTQGZZ6DU0912C88,CON,2025-12-31,Bayerische Landesbank,Germany,Large highest EEA,213216716795.73,3064472130.00,0.014373,1406619198.28,0.006597,1673403016.02,0.007848,0.4590,-1118756026.83,negativ,0.365073,ja,nein
VWMYAEQSTOPNV0SUGU82,CON,2025-12-31,"Bankinter, S.A.",Spain,Large highest EEA,93968222986.00,2108420101.00,0.022438,376193845.00,0.004003,476294782.00,0.005069,0.1784,-1024609470.00,negativ,0.485961,ja,nein
XLEZHWWOI4HFQDGL4793,CON,2025-12-31,BANK HANDLOWY W WARSZAWIE SA,Poland,Large subsidiaries,6090049123.23,68060064.62,0.011176,159141009.88,0.026131,23518878.96,0.003862,2.3382,-38527173.19,negativ,0.566076,ja,ja
XTC5E2QFTEF0435JWL77,CON,2025-12-31,Nederlandse Financierings-Maatschappij voor Ontwikkelingslanden N.V.,Netherlands,Other highest EEA,6621302387.44,362678302.05,0.054774,133423102.32,0.020151,230803162.24,0.034858,0.3679,-161619150.67,negativ,0.445627,nein,nein
Y28RT6GGYJ696PMW8T44,CON,2025-12-31,UniCredit csoport,Hungary,Large subsidiaries,7344669951.85,180345547.44,0.024555,6618490.50,0.000901,40347669.99,0.005493,0.0367,-81177563.95,negativ,0.450122,nein,nein
