institution_type,template_id,template_title,n_institute,frequenz,muster_modal,anteil_modal,eindeutig,n_vierteljaehrlich,n_halbjaehrlich,n_jaehrlich,n_nie,n_uneinheitlich
Large highest EEA,00.02,Accompanying narrative CONDIS,58,uneinheitlich,1111,0.397,nein,23,6,2,16,11
Large highest EEA,00.05,Accompanying narrative MREL/TLACDIS,9,uneinheitlich,0000,0.556,nein,2,1,0,5,1
Large highest EEA,01.00,Template EU CAE1 – Exposures to crypto-assets,58,nie,0000,0.69,ja,0,3,13,40,2
Large highest EEA,02.00,EU CCR1 – Analysis of CCR exposure by approach,58,halbjaehrlich,1010,0.914,ja,1,53,0,1,3
Large highest EEA,03.00,EU CCR3 – Standardised approach – CCR exposures by regulatory exposure class and risk weights,58,halbjaehrlich,1010,0.897,ja,0,52,0,3,3
Large highest EEA,04.00,EU CCR4 – IRB approach – CCR exposures by exposure class and PD scale (II),58,halbjaehrlich,1010,0.603,ja,0,35,0,22,1
Large highest EEA,05.00,EU CCR5 – Composition of collateral for CCR exposures (II),58,halbjaehrlich,1010,0.879,ja,0,51,0,5,2
Large highest EEA,06.00,EU CCR6 – Credit derivatives exposures,58,uneinheitlich,1010,0.517,nein,0,30,1,24,3
Large highest EEA,07.00,EU CCR7 – RWEA flow statements of CCR exposures under the IMM,58,nie,0000,0.69,ja,12,1,0,40,5
Large highest EEA,08.00,EU CCR8 – Exposures to CCPs,58,halbjaehrlich,1010,0.879,ja,0,51,0,5,2
Large highest EEA,09.01,EU-SEC1 - Securitisation exposures in the non-trading book,58,halbjaehrlich,1010,0.638,ja,0,37,1,18,2
Large highest EEA,09.02,EU-SEC2 - Securitisation exposures in the trading book,58,nie,0000,0.724,ja,0,14,0,42,2
Large highest EEA,09.03,EU-SEC3 - Securitisation exposures in the non-trading book and associated regulatory capital requirements - institution acting as originator or as sponsor,58,uneinheitlich,1010,0.5,nein,0,29,2,25,2
Large highest EEA,09.04,EU-SEC4 - Securitisation exposures in the non-trading book and associated regulatory capital requirements - institution acting as investor,58,uneinheitlich,1010,0.569,nein,0,33,0,23,2
Large highest EEA,09.05,EU-SEC5 - Exposures securitised by the institution - Exposures in default and specific credit risk adjustments,58,uneinheitlich,1010,0.483,nein,0,28,1,27,2
Large highest EEA,10.00,EU MR1 - Market risk under the standardised approach,58,halbjaehrlich,1010,0.759,ja,0,44,1,11,2
Large highest EEA,11.00,EU MR2-A - Market risk under the internal Model Approach (IMA) - RWEA,58,uneinheitlich,0000,0.552,nein,0,24,0,32,2
Large highest EEA,12.00,EU MR2-B - RWA flow statements of market risk exposures under the IMA,58,uneinheitlich,0000,0.552,nein,18,4,0,32,4
Large highest EEA,13.00,EU MR3 - IMA values for trading portfolios,58,uneinheitlich,0000,0.552,nein,0,24,0,32,2
Large highest EEA,18.01,EU CVA 1 – Credit valuation adjustment risk under the Reduced Basic Approach - OFRs,58,jaehrlich,0010,0.672,ja,0,1,39,16,2
Large highest EEA,18.02,EU CVA 2 – Credit valuation adjustment risk under the Full Basic Approach - OFRs,58,uneinheitlich,0000,0.569,nein,0,1,22,33,2
Large highest EEA,18.03,EU CVA3 – Credit valuation adjustment risk under the Standardised Approach,58,nie,0000,0.69,ja,0,1,15,40,2
Large highest EEA,18.04,EU CVA4 – RWEA flow statements of credit valuation adjustment risk under the Standardised Approach,58,nie,0000,0.655,ja,10,2,0,38,8
Large highest EEA,19.01,EU OR1 -Operational risk losses,58,jaehrlich,0010,0.793,ja,0,1,46,9,2
Large highest EEA,19.02,"EU OR2 - Business indicator, components and subcomponents",58,jaehrlich,0010,0.897,ja,0,1,52,3,2
Large highest EEA,19.03,EU OR3 - Operational risk own funds requirements and risk exposure amounts,58,jaehrlich,0010,0.931,ja,0,1,54,1,2
Large highest EEA,24.00,EU CR4 – standardised approach – Credit risk exposure and CRM effects,58,halbjaehrlich,1010,0.948,ja,0,55,1,0,2
Large highest EEA,25.00,EU CR5 – standardised approach,58,halbjaehrlich,1010,0.966,ja,0,56,0,0,2
Large highest EEA,26.00,EU CR6 – IRB approach – Credit risk exposures by exposure class and PD range (II),58,halbjaehrlich,1010,0.638,ja,0,37,3,17,1
Large highest EEA,26.01,EU CR6-A – Scope of the use of IRB and SA approaches,58,jaehrlich,0010,0.621,ja,0,2,36,19,1
Large highest EEA,27.01,EU CR7 – IRB approach – Effect on the RWEAs of credit derivatives used as CRM techniques,58,uneinheitlich,0000,0.517,nein,0,27,0,30,1
Large highest EEA,27.02,EU CR7-A – IRB approach – Disclosure of the extent of the use of CRM techniques,58,halbjaehrlich,1010,0.655,ja,0,38,1,18,1
Large highest EEA,28.00,EU CR8 –  RWEA flow statements of credit risk exposures under the IRB approach,58,uneinheitlich,1111,0.586,nein,34,1,0,17,6
Large highest EEA,29.00,EU CR9 –IRB approach – Back-testing of PD per exposure class (fixed PD scale),58,jaehrlich,0010,0.621,ja,0,1,36,20,1
Large highest EEA,29.01,EU CR9.1 –IRB approach – Back-testing of PD per exposure class (only for PD estimates according to point (f) of Article 180(1) CRR) (II),58,nie,0000,0.741,ja,0,1,13,43,1
Large highest EEA,29.02,EU CR10 –  Specialised lending and equity exposures under the simple riskweighted approach,58,uneinheitlich,1010,0.569,nein,0,33,3,20,2
Large highest EEA,60.00,EU OV1 – Overview of total risk exposure amounts (III),58,vierteljaehrlich,1111,0.983,ja,57,0,0,0,1
Large highest EEA,61.00,EU KM1 - Key metrics template,58,vierteljaehrlich,1111,0.983,ja,57,0,0,0,1
Large highest EEA,62.01,EU INS1 - Insurance participations,58,uneinheitlich,0000,0.517,nein,0,2,24,30,2
Large highest EEA,62.02,EU INS2 - Financial conglomerates information on own funds and capital adequacy ratio,58,uneinheitlich,0000,0.586,nein,1,1,20,34,2
Large highest EEA,63.01,EU CMS1 – Comparison of modelled and standardised risk weighted exposure amounts at risk level,58,vierteljaehrlich,1111,0.638,ja,37,1,0,16,4
Large highest EEA,63.02,EU CMS2 – Comparison of modelled and standardised risk weighted exposure amounts for credit risk at asset class level,58,vierteljaehrlich,1111,0.621,ja,36,1,0,18,3
Large highest EEA,64.01,EU LI1 - Differences between the accounting scope and the scope of prudential consolidation and mapping of financial statement categories with regulatory risk categories,58,jaehrlich,0010,0.862,ja,0,1,50,5,2
Large highest EEA,64.02,EU LI3 - Outline of the differences in the scopes of consolidation (entity by entity),58,jaehrlich,0010,0.828,ja,0,1,48,8,1
Large highest EEA,64.03,EU LI2 - Main sources of differences between regulatory exposure amounts and carrying values in financial statements,58,jaehrlich,0010,0.879,ja,0,2,51,3,2
Large highest EEA,65.00,EU PV1: Prudent valuation adjustments (PVA),58,jaehrlich,0010,0.69,ja,0,1,40,15,2
Large highest EEA,66.01,EU CC1 - Composition of regulatory own funds,58,halbjaehrlich,1010,0.862,ja,1,50,3,0,4
Large highest EEA,66.02,EU CC2 - reconciliation of regulatory own funds to balance sheet in the audited financial statements,58,halbjaehrlich,1010,0.897,ja,0,52,3,0,3
Large highest EEA,67.01,EU CCyB1 - Geographical distribution of credit exposures relevant for the calculation of the countercyclical buffer,58,halbjaehrlich,1010,0.966,ja,0,56,0,0,2
Large highest EEA,67.02,EU CCyB2 - Amount of institution-specific countercyclical capital buffer,58,halbjaehrlich,1010,0.931,ja,0,54,1,0,3
Large highest EEA,70.00,EU LR1 - LRSum: Summary reconciliation of accounting assets and leverage ratio exposures,58,halbjaehrlich,1010,0.948,ja,1,55,0,0,2
Large highest EEA,71.00,EU LR2 - LRCom: Leverage ratio common disclosure,58,halbjaehrlich,1010,0.914,ja,1,53,2,0,2
Large highest EEA,72.00,"EU LR3 - LRSpl: Split-up of on balance sheet exposures (excluding derivatives, SFTs and exempted exposures)",58,halbjaehrlich,1010,0.966,ja,1,56,0,0,1
Large highest EEA,73.00,EU LIQ1 - Quantitative information of LCR,58,vierteljaehrlich,1111,0.948,ja,55,0,0,0,3
Large highest EEA,74.00,EU LIQ2: Net Stable Funding Ratio,58,halbjaehrlich,1010,0.931,ja,0,54,1,0,3
Large highest EEA,90.01,"EU KM2 - Key metrics - MREL and, where applicable, G-SII requirement for own funds and eligible liabilities",9,vierteljaehrlich,1111,0.778,ja,7,1,0,1,0
Large highest EEA,91.00,"EU TLAC1 - Composition - MREL and, where applicable, G-SII requirement for own funds and eligible liabilities",9,halbjaehrlich,1010,0.778,ja,0,7,1,1,0
Large highest EEA,93.00,"EU ILAC - Internal loss absorbing capacity: internal MREL and, where applicable, requirement for own funds and eligible liabilities for non-EU G-SIIs",9,nie,0000,0.778,ja,1,1,0,7,0
Large highest EEA,95.00,EU TLAC2a - Creditor ranking - Entity that is not a resolution entity,9,nie,0000,0.667,ja,0,2,0,6,1
Large highest EEA,96.00,EU TLAC2b: Creditor ranking - Entity that is not a resolution entity,9,nie,0000,0.889,ja,0,1,0,8,0
Large highest EEA,97.00,EU TLAC3a - creditor ranking - resolution entity,9,uneinheitlich,1010,0.556,nein,0,5,0,4,0
Large highest EEA,98.00,EU TLAC3b: creditor ranking - resolution entity,9,uneinheitlich,0000,0.556,nein,0,2,2,5,0
Large subsidiaries,00.01,Accompanying narrative FINDIS,1,uneinheitlich,0000,1.0,nein,0,0,0,1,0
Large subsidiaries,00.02,Accompanying narrative CONDIS,21,uneinheitlich,0000,0.476,nein,5,2,1,10,3
Large subsidiaries,00.03,Accompanying narrative ESGDIS,1,uneinheitlich,0000,1.0,nein,0,0,0,1,0
Large subsidiaries,00.04,Accompanying narrative IRRBBDIS,1,uneinheitlich,0000,1.0,nein,0,0,0,1,0
Large subsidiaries,00.05,Accompanying narrative MREL/TLACDIS,1,uneinheitlich,1111,1.0,nein,1,0,0,0,0
Large subsidiaries,00.06,Accompanying narrative G-SIIs,1,uneinheitlich,0000,1.0,nein,0,0,0,1,0
Large subsidiaries,01.00,Template EU CAE1 – Exposures to crypto-assets,21,nie,0000,0.905,ja,0,0,2,19,0
Large subsidiaries,02.00,EU CCR1 – Analysis of CCR exposure by approach,21,uneinheitlich,1010,0.476,nein,0,10,1,9,1
Large subsidiaries,03.00,EU CCR3 – Standardised approach – CCR exposures by regulatory exposure class and risk weights,21,uneinheitlich,0000,0.524,nein,0,8,1,11,1
Large subsidiaries,04.00,EU CCR4 – IRB approach – CCR exposures by exposure class and PD scale (II),21,nie,0000,0.667,ja,0,7,0,14,0
Large subsidiaries,05.00,EU CCR5 – Composition of collateral for CCR exposures (II),21,uneinheitlich,0000,0.571,nein,0,9,0,12,0
Large subsidiaries,06.00,EU CCR6 – Credit derivatives exposures,21,nie,0000,0.762,ja,0,5,0,16,0
Large subsidiaries,07.00,EU CCR7 – RWEA flow statements of CCR exposures under the IMM,21,uneinheitlich,0000,0.571,nein,7,0,0,12,2
Large subsidiaries,08.00,EU CCR8 – Exposures to CCPs,21,uneinheitlich,0000,0.524,nein,0,8,1,11,1
Large subsidiaries,09.01,EU-SEC1 - Securitisation exposures in the non-trading book,21,nie,0000,0.619,ja,0,8,0,13,0
Large subsidiaries,09.02,EU-SEC2 - Securitisation exposures in the trading book,21,nie,0000,0.857,ja,0,3,0,18,0
Large subsidiaries,09.03,EU-SEC3 - Securitisation exposures in the non-trading book and associated regulatory capital requirements - institution acting as originator or as sponsor,21,nie,0000,0.714,ja,0,6,0,15,0
Large subsidiaries,09.04,EU-SEC4 - Securitisation exposures in the non-trading book and associated regulatory capital requirements - institution acting as investor,21,nie,0000,0.762,ja,0,5,0,16,0
Large subsidiaries,09.05,EU-SEC5 - Exposures securitised by the institution - Exposures in default and specific credit risk adjustments,21,nie,0000,0.667,ja,0,7,0,14,0
Large subsidiaries,10.00,EU MR1 - Market risk under the standardised approach,21,uneinheitlich,0000,0.571,nein,0,7,1,12,1
Large subsidiaries,100.00,Section 1 - General Information,1,uneinheitlich,0000,1.0,nein,0,0,0,1,0
Large subsidiaries,101.00,Section 2- total exposures,1,uneinheitlich,0000,1.0,nein,0,0,0,1,0
Large subsidiaries,102.00,Section 3 - Intra-Financial System Assets,1,uneinheitlich,0000,1.0,nein,0,0,0,1,0
Large subsidiaries,103.00,Section 4 - Intra-Financial System Liabilities,1,uneinheitlich,0000,1.0,nein,0,0,0,1,0
Large subsidiaries,104.00,Section 5 - Securities Outstanding,1,uneinheitlich,0000,1.0,nein,0,0,0,1,0
Large subsidiaries,105.00,Section 6 - Payments made in the reporting year excluding intragroup payments,1,uneinheitlich,0000,1.0,nein,0,0,0,1,0
Large subsidiaries,106.00,Section 7 - Assets Under Custody,1,uneinheitlich,0000,1.0,nein,0,0,0,1,0
Large subsidiaries,107.00,Section 8 - Underwritten Transactions in Debt and Equity Markets,1,uneinheitlich,0000,1.0,nein,0,0,0,1,0
Large subsidiaries,108.00,Section 9 - Trading Volume,1,uneinheitlich,0000,1.0,nein,0,0,0,1,0
Large subsidiaries,109.00,Section 10 - Notional Amount of Over-the-Counter OTC Derivatives,1,uneinheitlich,0000,1.0,nein,0,0,0,1,0
Large subsidiaries,11.00,EU MR2-A - Market risk under the internal Model Approach (IMA) - RWEA,21,nie,0000,0.762,ja,0,4,1,16,0
Large subsidiaries,110.00,Section 11 - Trading and Available-for-Sale Securities,1,uneinheitlich,0000,1.0,nein,0,0,0,1,0
Large subsidiaries,111.00,Section 12 - Level 3 Assets,1,uneinheitlich,0000,1.0,nein,0,0,0,1,0
Large subsidiaries,112.00,Section 13 - Cross-Jurisdictional Claims,1,uneinheitlich,0000,1.0,nein,0,0,0,1,0
Large subsidiaries,113.00,Section 14 - Cross-Jurisdictional Liabilities,1,uneinheitlich,0000,1.0,nein,0,0,0,1,0
Large subsidiaries,12.00,EU MR2-B - RWA flow statements of market risk exposures under the IMA,21,uneinheitlich,0000,0.524,nein,8,0,1,11,1
Large subsidiaries,13.00,EU MR3 - IMA values for trading portfolios,21,nie,0000,0.762,ja,0,4,1,16,0
Large subsidiaries,18.01,EU CVA 1 – Credit valuation adjustment risk under the Reduced Basic Approach - OFRs,21,nie,0000,0.667,ja,0,1,6,14,0
Large subsidiaries,18.02,EU CVA 2 – Credit valuation adjustment risk under the Full Basic Approach - OFRs,21,nie,0000,0.905,ja,0,0,2,19,0
Large subsidiaries,18.03,EU CVA3 – Credit valuation adjustment risk under the Standardised Approach,21,nie,0000,0.905,ja,0,0,2,19,0
Large subsidiaries,18.04,EU CVA4 – RWEA flow statements of credit valuation adjustment risk under the Standardised Approach,21,uneinheitlich,0000,0.571,nein,8,0,0,12,1
Large subsidiaries,19.01,EU OR1 -Operational risk losses,21,nie,0000,0.762,ja,0,0,5,16,0
Large subsidiaries,19.02,"EU OR2 - Business indicator, components and subcomponents",21,nie,0000,0.714,ja,0,0,6,15,0
Large subsidiaries,19.03,EU OR3 - Operational risk own funds requirements and risk exposure amounts,21,nie,0000,0.667,ja,0,0,7,14,0
Large subsidiaries,20.01,EU AE1 - Encumbered and unencumbered assets,1,uneinheitlich,0000,1.0,nein,0,0,0,1,0
Large subsidiaries,20.02,EU AE2 - Collateral received and own debt securities issued,1,uneinheitlich,0000,1.0,nein,0,0,0,1,0
Large subsidiaries,20.03,EU AE3 - Sources   of  encumbrance,1,uneinheitlich,0000,1.0,nein,0,0,0,1,0
Large subsidiaries,21.01,EU CR1: Performing and non-performing exposures and related provisions,1,uneinheitlich,1010,1.0,nein,0,1,0,0,0
Large subsidiaries,21.02,EU CR1-A: Maturity of exposures,1,uneinheitlich,1010,1.0,nein,0,1,0,0,0
Large subsidiaries,22.01,EU CR2: Changes in the stock of non-performing loans and advances,1,uneinheitlich,0000,1.0,nein,0,0,0,1,0
Large subsidiaries,22.02,EU CR2a: Changes in the stock of non-performing loans and advances and related net accumulated recoveries,1,uneinheitlich,0000,1.0,nein,0,0,0,1,0
Large subsidiaries,23.00,EU CR3 –  CRM techniques overview:  Disclosure of the use of credit risk mitigation techniques,2,uneinheitlich,1010,1.0,nein,0,2,0,0,0
Large subsidiaries,24.00,EU CR4 – standardised approach – Credit risk exposure and CRM effects,21,halbjaehrlich,1010,0.952,ja,0,20,0,0,1
Large subsidiaries,25.00,EU CR5 – standardised approach,21,uneinheitlich,1010,0.524,nein,0,11,1,8,1
Large subsidiaries,26.00,EU CR6 – IRB approach – Credit risk exposures by exposure class and PD range (II),21,nie,0000,0.619,ja,0,8,0,13,0
Large subsidiaries,26.01,EU CR6-A – Scope of the use of IRB and SA approaches,21,nie,0000,0.667,ja,0,0,7,14,0
Large subsidiaries,27.01,EU CR7 – IRB approach – Effect on the RWEAs of credit derivatives used as CRM techniques,21,halbjaehrlich,1010,0.667,ja,0,14,0,7,0
Large subsidiaries,27.02,EU CR7-A – IRB approach – Disclosure of the extent of the use of CRM techniques,21,halbjaehrlich,1010,0.81,ja,0,17,0,4,0
Large subsidiaries,28.00,EU CR8 –  RWEA flow statements of credit risk exposures under the IRB approach,21,vierteljaehrlich,1111,0.762,ja,16,1,0,4,0
Large subsidiaries,29.00,EU CR9 –IRB approach – Back-testing of PD per exposure class (fixed PD scale),21,nie,0000,0.714,ja,0,0,6,15,0
Large subsidiaries,29.01,EU CR9.1 –IRB approach – Back-testing of PD per exposure class (only for PD estimates according to point (f) of Article 180(1) CRR) (II),21,nie,0000,0.857,ja,0,0,3,18,0
Large subsidiaries,29.02,EU CR10 –  Specialised lending and equity exposures under the simple riskweighted approach,21,halbjaehrlich,1010,0.762,ja,0,16,0,5,0
Large subsidiaries,30.01,EU REM1 - Remuneration awarded for the financial year,1,uneinheitlich,0010,1.0,nein,0,0,1,0,0
Large subsidiaries,30.02,EU REM2 - Special payments  to staff whose professional activities have a material impact on institutions’ risk profile (identified staff),1,uneinheitlich,0000,1.0,nein,0,0,0,1,0
Large subsidiaries,30.03,EU REM3 - Deferred remuneration,1,uneinheitlich,0010,1.0,nein,0,0,1,0,0
Large subsidiaries,30.04,EU REM4 - Remuneration of 1 million EUR or more per year,1,uneinheitlich,0010,1.0,nein,0,0,1,0,0
Large subsidiaries,30.05,EU REM5 - Information on remuneration of staff whose professional activities have a material impact on institutions’ risk profile (identified staff) (II),1,uneinheitlich,0010,1.0,nein,0,0,1,0,0
Large subsidiaries,41.00,"Template 1 - Banking book- Indicators of potential climate Change transition risk: Credit quality of exposures by sector, emissions and residual maturity",1,uneinheitlich,0000,1.0,nein,0,0,0,1,0
Large subsidiaries,42.00,Template 2 - Banking book - Indicators of potential climate change transition risk: Loans collateralised by immovable property - Energy efficiency of the collateral (II),1,uneinheitlich,0000,1.0,nein,0,0,0,1,0
Large subsidiaries,43.00,Template 3 - Banking book - Indicators of potential climate change transition risk: Alignment metrics (IAE/NACE codes),1,uneinheitlich,0000,1.0,nein,0,0,0,1,0
Large subsidiaries,44.00,Template 4 - Banking book - Indicators of potential climate change transition risk: Exposures to top 20 carbon-intensive firms,1,uneinheitlich,0000,1.0,nein,0,0,0,1,0
Large subsidiaries,45.00,Template 5 - Banking book - Indicators of potential climate change physical risk: Exposures subject to physical risk (II),1,uneinheitlich,0000,1.0,nein,0,0,0,1,0
Large subsidiaries,46.00,Template 6 - Summary of GAR KPIs (II),1,uneinheitlich,0000,1.0,nein,0,0,0,1,0
Large subsidiaries,47.00,Template 7 - Mitigating actions: Assets for the calculation of GAR (II),1,uneinheitlich,0000,1.0,nein,0,0,0,1,0
Large subsidiaries,48.00,Template 8 - GAR (%) (V),1,uneinheitlich,0000,1.0,nein,0,0,0,1,0
Large subsidiaries,49.01,Template 9.1 - Mitigating actions: Assets for the calculation of BTAR,1,uneinheitlich,0000,1.0,nein,0,0,0,1,0
Large subsidiaries,49.02,Template 9.2 - BTAR % (IV),1,uneinheitlich,0000,1.0,nein,0,0,0,1,0
Large subsidiaries,49.03,Template 9.3 - Summary table - BTAR % (II),1,uneinheitlich,0000,1.0,nein,0,0,0,1,0
Large subsidiaries,50.00,Template 10 - Other climate change mitigating actions that are not covered in the EU Taxonomy,1,uneinheitlich,0000,1.0,nein,0,0,0,1,0
Large subsidiaries,60.00,EU OV1 – Overview of total risk exposure amounts (III),21,vierteljaehrlich,1111,1.0,ja,21,0,0,0,0
Large subsidiaries,61.00,EU KM1 - Key metrics template,21,vierteljaehrlich,1111,0.81,ja,17,1,1,1,1
Large subsidiaries,62.01,EU INS1 - Insurance participations,21,nie,0000,0.714,ja,0,0,5,15,1
Large subsidiaries,62.02,EU INS2 - Financial conglomerates information on own funds and capital adequacy ratio,21,nie,0000,0.714,ja,0,0,6,15,0
Large subsidiaries,63.01,EU CMS1 – Comparison of modelled and standardised risk weighted exposure amounts at risk level,21,vierteljaehrlich,1111,0.619,ja,13,0,0,7,1
Large subsidiaries,63.02,EU CMS2 – Comparison of modelled and standardised risk weighted exposure amounts for credit risk at asset class level,21,vierteljaehrlich,1111,0.619,ja,13,0,0,7,1
Large subsidiaries,64.01,EU LI1 - Differences between the accounting scope and the scope of prudential consolidation and mapping of financial statement categories with regulatory risk categories,21,uneinheitlich,0000,0.571,nein,0,0,8,12,1
Large subsidiaries,64.02,EU LI3 - Outline of the differences in the scopes of consolidation (entity by entity),21,nie,0000,0.667,ja,0,0,7,14,0
Large subsidiaries,64.03,EU LI2 - Main sources of differences between regulatory exposure amounts and carrying values in financial statements,21,nie,0000,0.667,ja,0,0,7,14,0
Large subsidiaries,65.00,EU PV1: Prudent valuation adjustments (PVA),21,nie,0000,0.714,ja,0,0,6,15,0
Large subsidiaries,66.01,EU CC1 - Composition of regulatory own funds,21,halbjaehrlich,1010,0.952,ja,1,20,0,0,0
Large subsidiaries,66.02,EU CC2 - reconciliation of regulatory own funds to balance sheet in the audited financial statements,21,halbjaehrlich,1010,0.952,ja,0,20,0,0,1
Large subsidiaries,67.01,EU CCyB1 - Geographical distribution of credit exposures relevant for the calculation of the countercyclical buffer,21,halbjaehrlich,1010,1.0,ja,0,21,0,0,0
Large subsidiaries,67.02,EU CCyB2 - Amount of institution-specific countercyclical capital buffer,21,halbjaehrlich,1010,0.952,ja,1,20,0,0,0
Large subsidiaries,68.00,EU IRRBB1 - Interest rate risks of non-trading book activities,1,uneinheitlich,0000,1.0,nein,0,0,0,1,0
Large subsidiaries,70.00,EU LR1 - LRSum: Summary reconciliation of accounting assets and leverage ratio exposures,21,halbjaehrlich,1010,1.0,ja,0,21,0,0,0
Large subsidiaries,71.00,EU LR2 - LRCom: Leverage ratio common disclosure,21,halbjaehrlich,1010,0.952,ja,0,20,1,0,0
Large subsidiaries,72.00,"EU LR3 - LRSpl: Split-up of on balance sheet exposures (excluding derivatives, SFTs and exempted exposures)",21,halbjaehrlich,1010,1.0,ja,0,21,0,0,0
Large subsidiaries,73.00,EU LIQ1 - Quantitative information of LCR,21,vierteljaehrlich,1111,1.0,ja,21,0,0,0,0
Large subsidiaries,74.00,EU LIQ2: Net Stable Funding Ratio,21,halbjaehrlich,1010,0.952,ja,0,20,0,0,1
Large subsidiaries,80.00,EU CQ1: Credit quality of forborne exposures,1,uneinheitlich,1010,1.0,nein,0,1,0,0,0
Large subsidiaries,81.00,EU CQ2: Quality of forbearance,1,uneinheitlich,0000,1.0,nein,0,0,0,1,0
Large subsidiaries,82.00,EU CQ3: Credit quality of performing and non-performing exposures by past due days,1,uneinheitlich,0010,1.0,nein,0,0,1,0,0
Large subsidiaries,83.01,EU CQ4: Quality of non-performing exposures by geography,1,uneinheitlich,1010,1.0,nein,0,1,0,0,0
Large subsidiaries,84.01,EU CQ5: Credit quality of loans and advances by industry,1,uneinheitlich,1010,1.0,nein,0,1,0,0,0
Large subsidiaries,85.00,EU CQ6: Collateral valuation - loans and advances,1,uneinheitlich,0000,1.0,nein,0,0,0,1,0
Large subsidiaries,86.00,EU CQ7: Collateral obtained by taking possession and execution processes,1,uneinheitlich,1010,1.0,nein,0,1,0,0,0
Large subsidiaries,87.00,EU CQ8: Collateral obtained by taking possession and execution processes – vintage breakdown,1,uneinheitlich,0000,1.0,nein,0,0,0,1,0
Large subsidiaries,90.01,"EU KM2 - Key metrics - MREL and, where applicable, G-SII requirement for own funds and eligible liabilities",1,uneinheitlich,1111,1.0,nein,1,0,0,0,0
Large subsidiaries,91.00,"EU TLAC1 - Composition - MREL and, where applicable, G-SII requirement for own funds and eligible liabilities",1,uneinheitlich,1010,1.0,nein,0,1,0,0,0
Large subsidiaries,93.00,"EU ILAC - Internal loss absorbing capacity: internal MREL and, where applicable, requirement for own funds and eligible liabilities for non-EU G-SIIs",1,uneinheitlich,0000,1.0,nein,0,0,0,1,0
Large subsidiaries,95.00,EU TLAC2a - Creditor ranking - Entity that is not a resolution entity,1,uneinheitlich,0000,1.0,nein,0,0,0,1,0
Large subsidiaries,96.00,EU TLAC2b: Creditor ranking - Entity that is not a resolution entity,1,uneinheitlich,0000,1.0,nein,0,0,0,1,0
Large subsidiaries,97.00,EU TLAC3a - creditor ranking - resolution entity,1,uneinheitlich,1010,1.0,nein,0,1,0,0,0
Large subsidiaries,98.00,EU TLAC3b: creditor ranking - resolution entity,1,uneinheitlich,0000,1.0,nein,0,0,0,1,0
Other highest EEA,00.05,Accompanying narrative MREL/TLACDIS,1,uneinheitlich,1111,1.0,nein,1,0,0,0,0
Other highest EEA,90.01,"EU KM2 - Key metrics - MREL and, where applicable, G-SII requirement for own funds and eligible liabilities",1,uneinheitlich,1111,1.0,nein,1,0,0,0,0
Other highest EEA,91.00,"EU TLAC1 - Composition - MREL and, where applicable, G-SII requirement for own funds and eligible liabilities",1,uneinheitlich,1010,1.0,nein,0,1,0,0,0
Other highest EEA,93.00,"EU ILAC - Internal loss absorbing capacity: internal MREL and, where applicable, requirement for own funds and eligible liabilities for non-EU G-SIIs",1,uneinheitlich,0000,1.0,nein,0,0,0,1,0
Other highest EEA,95.00,EU TLAC2a - Creditor ranking - Entity that is not a resolution entity,1,uneinheitlich,0000,1.0,nein,0,0,0,1,0
Other highest EEA,96.00,EU TLAC2b: Creditor ranking - Entity that is not a resolution entity,1,uneinheitlich,0000,1.0,nein,0,0,0,1,0
Other highest EEA,97.00,EU TLAC3a - creditor ranking - resolution entity,1,uneinheitlich,0000,1.0,nein,0,0,0,1,0
Other highest EEA,98.00,EU TLAC3b: creditor ranking - resolution entity,1,uneinheitlich,0000,1.0,nein,0,0,0,1,0
