kri,kri_name,refPeriod,country_iso,country,eba_wert,unser_wert,differenz_pp,n_institute,n_ausgeschlossen_gruppe,n_ausgeschlossen_skala
SVC_1,Tier 1 capital ratio,2025-06-30,AT,Austria,0.195385,0.194072,-0.131,8,1,0
SVC_1,Tier 1 capital ratio,2025-06-30,BE,Belgium,0.187884,0.247931,6.005,4,3,0
SVC_1,Tier 1 capital ratio,2025-06-30,CY,Cyprus,0.277744,0.167306,-11.044,1,0,0
SVC_1,Tier 1 capital ratio,2025-06-30,DE,Germany,0.188265,0.187151,-0.111,13,2,1
SVC_1,Tier 1 capital ratio,2025-06-30,DK,Denmark,0.189576,0.190724,0.115,2,0,0
SVC_1,Tier 1 capital ratio,2025-06-30,EE,Estonia,0.225518,0.155642,-6.988,2,1,0
SVC_1,Tier 1 capital ratio,2025-06-30,ES,Spain,0.14797,0.148137,0.017,10,0,0
SVC_1,Tier 1 capital ratio,2025-06-30,FI,Finland,0.1878,0.189133,0.133,5,0,0
SVC_1,Tier 1 capital ratio,2025-06-30,FR,France,0.172312,0.164373,-0.794,15,3,0
SVC_1,Tier 1 capital ratio,2025-06-30,GR,Greece,0.174932,0.176039,0.111,2,0,1
SVC_1,Tier 1 capital ratio,2025-06-30,HR,Croatia,0.200575,0.194615,-0.596,2,2,0
SVC_1,Tier 1 capital ratio,2025-06-30,HU,Hungary,0.18026,0.18026,0.0,3,1,0
SVC_1,Tier 1 capital ratio,2025-06-30,IE,Ireland,0.198929,0.187661,-1.127,4,0,0
SVC_1,Tier 1 capital ratio,2025-06-30,IT,Italy,0.177882,0.178471,0.059,15,3,0
SVC_1,Tier 1 capital ratio,2025-06-30,LI,Liechtenstein,0.192474,0.184771,-0.77,2,0,0
SVC_1,Tier 1 capital ratio,2025-06-30,LU,Luxembourg,0.237859,0.208067,-2.979,3,0,0
SVC_1,Tier 1 capital ratio,2025-06-30,LV,Latvia,0.23712,0.202756,-3.436,1,2,0
SVC_1,Tier 1 capital ratio,2025-06-30,MT,Malta,0.21559,0.224604,0.901,3,0,0
SVC_1,Tier 1 capital ratio,2025-06-30,NL,Netherlands,0.186552,0.162339,-2.421,5,1,0
SVC_1,Tier 1 capital ratio,2025-06-30,NO,Norway,0.20265,0.201106,-0.154,4,0,0
SVC_1,Tier 1 capital ratio,2025-06-30,PL,Poland,0.163532,0.16123,-0.23,4,4,0
SVC_1,Tier 1 capital ratio,2025-06-30,PT,Portugal,0.18606,0.175524,-1.054,3,0,0
SVC_1,Tier 1 capital ratio,2025-06-30,SE,Sweden,0.202648,0.190421,-1.223,8,0,0
SVC_1,Tier 1 capital ratio,2025-06-30,SK,Slovakia,0.188398,0.179979,-0.842,1,2,0
SVC_1,Tier 1 capital ratio,2025-09-30,AT,Austria,0.192171,0.191401,-0.077,3,1,0
SVC_1,Tier 1 capital ratio,2025-09-30,BE,Belgium,0.190237,0.2501,5.986,3,2,0
SVC_1,Tier 1 capital ratio,2025-09-30,CY,Cyprus,0.276118,0.164514,-11.16,1,0,0
SVC_1,Tier 1 capital ratio,2025-09-30,DE,Germany,0.188506,0.184444,-0.406,8,2,1
SVC_1,Tier 1 capital ratio,2025-09-30,DK,Denmark,0.190032,0.19139,0.136,2,0,0
SVC_1,Tier 1 capital ratio,2025-09-30,EE,Estonia,0.220024,0.166913,-5.311,1,0,0
SVC_1,Tier 1 capital ratio,2025-09-30,ES,Spain,0.149785,0.149215,-0.057,8,0,0
SVC_1,Tier 1 capital ratio,2025-09-30,FI,Finland,0.197666,0.192337,-0.533,2,0,0
SVC_1,Tier 1 capital ratio,2025-09-30,FR,France,0.172153,0.152797,-1.936,6,2,0
SVC_1,Tier 1 capital ratio,2025-09-30,GR,Greece,0.174783,0.176687,0.19,2,0,0
SVC_1,Tier 1 capital ratio,2025-09-30,HR,Croatia,0.201885,0.177655,-2.423,1,2,0
SVC_1,Tier 1 capital ratio,2025-09-30,HU,Hungary,0.185065,0.18501,-0.005,3,0,0
SVC_1,Tier 1 capital ratio,2025-09-30,IE,Ireland,0.193229,0.184722,-0.851,5,0,0
SVC_1,Tier 1 capital ratio,2025-09-30,IT,Italy,0.17469,0.173891,-0.08,13,1,0
SVC_1,Tier 1 capital ratio,2025-09-30,LU,Luxembourg,0.234859,0.212859,-2.2,2,0,0
SVC_1,Tier 1 capital ratio,2025-09-30,LV,Latvia,0.229176,0.20193,-2.725,1,0,0
SVC_1,Tier 1 capital ratio,2025-09-30,MT,Malta,0.218128,0.217045,-0.108,2,0,0
SVC_1,Tier 1 capital ratio,2025-09-30,NL,Netherlands,0.187116,0.160558,-2.656,3,0,0
SVC_1,Tier 1 capital ratio,2025-09-30,NO,Norway,0.197754,0.190279,-0.748,1,0,0
SVC_1,Tier 1 capital ratio,2025-09-30,PL,Poland,0.163535,0.160148,-0.339,2,4,0
SVC_1,Tier 1 capital ratio,2025-09-30,PT,Portugal,0.188044,0.168648,-1.94,2,0,0
SVC_1,Tier 1 capital ratio,2025-09-30,RO,Romania,0.202087,0.177514,-2.457,1,1,0
SVC_1,Tier 1 capital ratio,2025-09-30,SE,Sweden,0.204955,0.20406,-0.089,6,0,0
SVC_1,Tier 1 capital ratio,2025-09-30,SI,Slovenia,0.163423,0.150953,-1.247,1,0,0
SVC_1,Tier 1 capital ratio,2025-09-30,SK,Slovakia,0.188766,0.18207,-0.67,1,2,0
SVC_1,Tier 1 capital ratio,2025-12-31,AT,Austria,0.205788,0.194145,-1.164,14,1,0
SVC_1,Tier 1 capital ratio,2025-12-31,BE,Belgium,0.190588,0.242666,5.208,4,2,0
SVC_1,Tier 1 capital ratio,2025-12-31,BG,Bulgaria,0.210701,0.211978,0.128,3,1,0
SVC_1,Tier 1 capital ratio,2025-12-31,CY,Cyprus,0.280104,0.333872,5.377,2,1,0
SVC_1,Tier 1 capital ratio,2025-12-31,DE,Germany,0.190305,0.178723,-1.158,23,3,0
SVC_1,Tier 1 capital ratio,2025-12-31,DK,Denmark,0.181593,0.186149,0.456,12,0,0
SVC_1,Tier 1 capital ratio,2025-12-31,EE,Estonia,0.226109,0.190363,-3.575,5,1,0
SVC_1,Tier 1 capital ratio,2025-12-31,ES,Spain,0.149145,0.150963,0.182,16,1,0
SVC_1,Tier 1 capital ratio,2025-12-31,FI,Finland,0.19903,0.19966,0.063,8,0,0
SVC_1,Tier 1 capital ratio,2025-12-31,FR,France,0.174162,0.165418,-0.874,15,3,1
SVC_1,Tier 1 capital ratio,2025-12-31,GR,Greece,0.172705,0.176686,0.398,3,0,0
SVC_1,Tier 1 capital ratio,2025-12-31,HR,Croatia,0.198135,0.192196,-0.594,2,3,0
SVC_1,Tier 1 capital ratio,2025-12-31,HU,Hungary,0.185157,0.185107,-0.005,3,3,0
SVC_1,Tier 1 capital ratio,2025-12-31,IE,Ireland,0.19883,0.19232,-0.651,4,0,0
SVC_1,Tier 1 capital ratio,2025-12-31,IS,Iceland,0.213286,0.220782,0.75,3,0,0
SVC_1,Tier 1 capital ratio,2025-12-31,IT,Italy,0.17532,0.173245,-0.208,30,1,0
SVC_1,Tier 1 capital ratio,2025-12-31,LI,Liechtenstein,0.199499,0.192279,-0.722,4,0,0
SVC_1,Tier 1 capital ratio,2025-12-31,LT,Lithuania,0.237419,0.297492,6.007,1,0,1
SVC_1,Tier 1 capital ratio,2025-12-31,LU,Luxembourg,0.239913,0.172994,-6.692,6,1,0
SVC_1,Tier 1 capital ratio,2025-12-31,LV,Latvia,0.221477,0.202053,-1.942,3,1,0
SVC_1,Tier 1 capital ratio,2025-12-31,MT,Malta,0.215895,0.232085,1.619,5,0,0
SVC_1,Tier 1 capital ratio,2025-12-31,NL,Netherlands,0.1875,0.189879,0.238,18,3,0
SVC_1,Tier 1 capital ratio,2025-12-31,NO,Norway,0.195917,0.197685,0.177,6,0,0
SVC_1,Tier 1 capital ratio,2025-12-31,PL,Poland,0.162918,0.156089,-0.683,7,5,0
SVC_1,Tier 1 capital ratio,2025-12-31,PT,Portugal,0.191057,0.188798,-0.226,7,1,0
SVC_1,Tier 1 capital ratio,2025-12-31,RO,Romania,0.226738,0.208574,-1.816,1,3,0
SVC_1,Tier 1 capital ratio,2025-12-31,SE,Sweden,0.195013,0.192953,-0.206,12,0,0
SVC_1,Tier 1 capital ratio,2025-12-31,SI,Slovenia,0.177613,0.21418,3.657,1,1,0
SVC_1,Tier 1 capital ratio,2025-12-31,SK,Slovakia,0.189626,0.201401,1.177,2,2,0
SVC_1,Tier 1 capital ratio,2026-03-31,AT,Austria,0.181129,0.189486,0.836,1,0,0
SVC_1,Tier 1 capital ratio,2026-03-31,BE,Belgium,0.190521,0.16525,-2.527,2,2,0
SVC_1,Tier 1 capital ratio,2026-03-31,BG,Bulgaria,0.210629,0.212258,0.163,1,0,0
SVC_1,Tier 1 capital ratio,2026-03-31,DE,Germany,0.183621,0.176073,-0.755,11,1,0
SVC_1,Tier 1 capital ratio,2026-03-31,DK,Denmark,0.185611,0.185606,-0.0,4,0,0
SVC_1,Tier 1 capital ratio,2026-03-31,EE,Estonia,0.23296,0.160862,-7.21,1,0,0
SVC_1,Tier 1 capital ratio,2026-03-31,ES,Spain,0.152518,0.152389,-0.013,9,0,0
SVC_1,Tier 1 capital ratio,2026-03-31,FI,Finland,0.193068,0.187695,-0.537,2,0,0
SVC_1,Tier 1 capital ratio,2026-03-31,FR,France,0.171815,0.157971,-1.384,10,2,0
SVC_1,Tier 1 capital ratio,2026-03-31,GR,Greece,0.171716,0.193747,2.203,1,0,0
SVC_1,Tier 1 capital ratio,2026-03-31,HU,Hungary,0.177289,0.176774,-0.051,2,0,0
SVC_1,Tier 1 capital ratio,2026-03-31,IE,Ireland,0.196546,0.18427,-1.228,4,0,0
SVC_1,Tier 1 capital ratio,2026-03-31,IS,Iceland,0.206942,0.198865,-0.808,2,0,0
SVC_1,Tier 1 capital ratio,2026-03-31,IT,Italy,0.174497,0.169075,-0.542,7,0,0
SVC_1,Tier 1 capital ratio,2026-03-31,LT,Lithuania,0.24526,0.200494,-4.477,1,0,0
SVC_1,Tier 1 capital ratio,2026-03-31,LU,Luxembourg,0.249988,0.168914,-8.107,1,0,0
SVC_1,Tier 1 capital ratio,2026-03-31,LV,Latvia,0.213725,0.198432,-1.529,1,0,0
SVC_1,Tier 1 capital ratio,2026-03-31,NL,Netherlands,0.18646,0.179528,-0.693,3,0,0
SVC_1,Tier 1 capital ratio,2026-03-31,NO,Norway,0.197742,0.199053,0.131,2,0,0
SVC_1,Tier 1 capital ratio,2026-03-31,PL,Poland,0.160559,0.150597,-0.996,2,4,0
SVC_1,Tier 1 capital ratio,2026-03-31,PT,Portugal,0.193041,0.158251,-3.479,1,0,0
SVC_1,Tier 1 capital ratio,2026-03-31,SE,Sweden,0.191778,0.190516,-0.126,6,0,0
SVC_1,Tier 1 capital ratio,2026-03-31,SI,Slovenia,0.173032,0.167345,-0.569,1,0,0
SVC_1,Tier 1 capital ratio,2026-03-31,SK,Slovakia,0.188315,0.196431,0.812,1,2,0
SVC_13,Leverage ratio,2025-06-30,AT,Austria,0.078859,0.090329,1.147,8,1,0
SVC_13,Leverage ratio,2025-06-30,BE,Belgium,0.068106,0.081304,1.32,4,3,0
SVC_13,Leverage ratio,2025-06-30,CY,Cyprus,0.094326,0.109999,1.567,1,0,0
SVC_13,Leverage ratio,2025-06-30,DE,Germany,0.058615,0.053722,-0.489,13,2,1
SVC_13,Leverage ratio,2025-06-30,DK,Denmark,0.04817,0.047742,-0.043,2,0,0
SVC_13,Leverage ratio,2025-06-30,EE,Estonia,0.088424,0.087624,-0.08,2,1,0
SVC_13,Leverage ratio,2025-06-30,ES,Spain,0.055883,0.056049,0.017,12,0,0
SVC_13,Leverage ratio,2025-06-30,FI,Finland,0.061318,0.062002,0.068,5,0,0
SVC_13,Leverage ratio,2025-06-30,FR,France,0.054573,0.052837,-0.174,15,3,0
SVC_13,Leverage ratio,2025-06-30,GR,Greece,0.079195,0.074112,-0.508,2,0,1
SVC_13,Leverage ratio,2025-06-30,HR,Croatia,0.092037,0.086488,-0.555,2,2,0
SVC_13,Leverage ratio,2025-06-30,HU,Hungary,0.095413,0.095413,-0.0,3,1,0
SVC_13,Leverage ratio,2025-06-30,IE,Ireland,0.07612,0.070717,-0.54,4,0,0
SVC_13,Leverage ratio,2025-06-30,IT,Italy,0.062441,0.063296,0.086,15,3,0
SVC_13,Leverage ratio,2025-06-30,LI,Liechtenstein,0.076406,0.074335,-0.207,2,0,0
SVC_13,Leverage ratio,2025-06-30,LU,Luxembourg,0.094486,0.07059,-2.39,3,0,0
SVC_13,Leverage ratio,2025-06-30,LV,Latvia,0.090541,0.102531,1.199,1,2,0
SVC_13,Leverage ratio,2025-06-30,MT,Malta,0.068572,0.065678,-0.289,3,0,0
SVC_13,Leverage ratio,2025-06-30,NL,Netherlands,0.056072,0.046465,-0.961,5,1,0
SVC_13,Leverage ratio,2025-06-30,NO,Norway,0.064171,0.064445,0.027,5,0,0
SVC_13,Leverage ratio,2025-06-30,PL,Poland,0.073582,0.074157,0.058,4,4,0
SVC_13,Leverage ratio,2025-06-30,PT,Portugal,0.070873,0.064063,-0.681,2,0,0
SVC_13,Leverage ratio,2025-06-30,SE,Sweden,0.05321,0.059139,0.593,8,0,0
SVC_13,Leverage ratio,2025-06-30,SK,Slovakia,0.073438,0.075382,0.194,1,2,0
SVC_13,Leverage ratio,2025-09-30,AT,Austria,0.076778,0.087139,1.036,3,1,0
SVC_13,Leverage ratio,2025-09-30,BE,Belgium,0.068752,0.088465,1.971,3,2,0
SVC_13,Leverage ratio,2025-09-30,CY,Cyprus,0.09342,0.110367,1.695,1,0,0
SVC_13,Leverage ratio,2025-09-30,DE,Germany,0.058358,0.051603,-0.676,8,2,1
SVC_13,Leverage ratio,2025-09-30,DK,Denmark,0.048402,0.047365,-0.104,2,0,0
SVC_13,Leverage ratio,2025-09-30,EE,Estonia,0.087865,0.080843,-0.702,1,0,0
SVC_13,Leverage ratio,2025-09-30,ES,Spain,0.055932,0.05604,0.011,8,0,0
SVC_13,Leverage ratio,2025-09-30,FI,Finland,0.063928,0.063041,-0.089,2,0,0
SVC_13,Leverage ratio,2025-09-30,FR,France,0.053924,0.045764,-0.816,6,2,0
SVC_13,Leverage ratio,2025-09-30,GR,Greece,0.078694,0.073877,-0.482,2,0,0
SVC_13,Leverage ratio,2025-09-30,HR,Croatia,0.082486,0.07366,-0.883,1,2,0
SVC_13,Leverage ratio,2025-09-30,HU,Hungary,0.096187,0.096146,-0.004,3,0,0
SVC_13,Leverage ratio,2025-09-30,IE,Ireland,0.074085,0.068957,-0.513,5,0,0
SVC_13,Leverage ratio,2025-09-30,IT,Italy,0.060298,0.061277,0.098,13,1,0
SVC_13,Leverage ratio,2025-09-30,LU,Luxembourg,0.093254,0.066105,-2.715,2,0,0
SVC_13,Leverage ratio,2025-09-30,LV,Latvia,0.089255,0.099597,1.034,1,0,0
SVC_13,Leverage ratio,2025-09-30,MT,Malta,0.068416,0.070012,0.16,2,0,0
SVC_13,Leverage ratio,2025-09-30,NL,Netherlands,0.055862,0.046076,-0.979,3,0,0
SVC_13,Leverage ratio,2025-09-30,NO,Norway,0.065172,0.062619,-0.255,2,0,0
SVC_13,Leverage ratio,2025-09-30,PL,Poland,0.07468,0.073705,-0.098,2,4,0
SVC_13,Leverage ratio,2025-09-30,PT,Portugal,0.071154,0.061691,-0.946,2,0,0
SVC_13,Leverage ratio,2025-09-30,RO,Romania,0.083905,0.077137,-0.677,1,1,0
SVC_13,Leverage ratio,2025-09-30,SE,Sweden,0.053233,0.05241,-0.082,6,0,0
SVC_13,Leverage ratio,2025-09-30,SI,Slovenia,0.094484,0.090333,-0.415,1,0,0
SVC_13,Leverage ratio,2025-09-30,SK,Slovakia,0.070872,0.074007,0.314,1,2,0
SVC_13,Leverage ratio,2025-12-31,AT,Austria,0.083357,0.09633,1.297,14,1,0
SVC_13,Leverage ratio,2025-12-31,BE,Belgium,0.069509,0.091447,2.194,4,2,0
SVC_13,Leverage ratio,2025-12-31,BG,Bulgaria,0.092986,0.103587,1.06,2,1,0
SVC_13,Leverage ratio,2025-12-31,CY,Cyprus,0.092736,0.072735,-2.0,2,1,0
SVC_13,Leverage ratio,2025-12-31,DE,Germany,0.05997,0.05946,-0.051,23,3,0
SVC_13,Leverage ratio,2025-12-31,DK,Denmark,0.046319,0.047726,0.141,12,0,0
SVC_13,Leverage ratio,2025-12-31,EE,Estonia,0.090675,0.088564,-0.211,5,1,0
SVC_13,Leverage ratio,2025-12-31,ES,Spain,0.054909,0.055289,0.038,15,1,0
SVC_13,Leverage ratio,2025-12-31,FI,Finland,0.064941,0.065679,0.074,8,0,0
SVC_13,Leverage ratio,2025-12-31,FR,France,0.055524,0.053207,-0.232,15,3,1
SVC_13,Leverage ratio,2025-12-31,GR,Greece,0.076632,0.081088,0.446,3,0,0
SVC_13,Leverage ratio,2025-12-31,HR,Croatia,0.084327,0.083422,-0.09,2,3,0
SVC_13,Leverage ratio,2025-12-31,HU,Hungary,0.099797,0.099783,-0.001,3,3,0
SVC_13,Leverage ratio,2025-12-31,IE,Ireland,0.079012,0.071591,-0.742,4,0,0
SVC_13,Leverage ratio,2025-12-31,IS,Iceland,0.126218,0.127246,0.103,3,0,0
SVC_13,Leverage ratio,2025-12-31,IT,Italy,0.06176,0.062698,0.094,30,1,0
SVC_13,Leverage ratio,2025-12-31,LI,Liechtenstein,0.075802,0.074743,-0.106,4,0,0
SVC_13,Leverage ratio,2025-12-31,LT,Lithuania,0.063745,0.052235,-1.151,1,0,1
SVC_13,Leverage ratio,2025-12-31,LU,Luxembourg,0.093156,0.074266,-1.889,6,1,0
SVC_13,Leverage ratio,2025-12-31,LV,Latvia,0.085469,0.115056,2.959,3,1,0
SVC_13,Leverage ratio,2025-12-31,MT,Malta,0.069282,0.0783,0.902,5,0,0
SVC_13,Leverage ratio,2025-12-31,NL,Netherlands,0.058291,0.059565,0.127,18,3,0
SVC_13,Leverage ratio,2025-12-31,NO,Norway,0.06763,0.068779,0.115,10,0,0
SVC_13,Leverage ratio,2025-12-31,PL,Poland,0.0729,0.070837,-0.206,7,5,0
SVC_13,Leverage ratio,2025-12-31,PT,Portugal,0.070729,0.076736,0.601,7,1,0
SVC_13,Leverage ratio,2025-12-31,SE,Sweden,0.056005,0.056224,0.022,12,0,0
SVC_13,Leverage ratio,2025-12-31,SI,Slovenia,0.101446,0.057899,-4.355,1,1,0
SVC_13,Leverage ratio,2025-12-31,SK,Slovakia,0.068303,0.07415,0.585,2,2,0
SVC_13,Leverage ratio,2026-03-31,AT,Austria,0.073785,0.140465,6.668,1,0,0
SVC_13,Leverage ratio,2026-03-31,BE,Belgium,0.070206,0.057873,-1.233,2,2,0
SVC_13,Leverage ratio,2026-03-31,BG,Bulgaria,0.092869,0.097733,0.486,1,0,0
SVC_13,Leverage ratio,2026-03-31,DE,Germany,0.057376,0.055526,-0.185,11,1,0
SVC_13,Leverage ratio,2026-03-31,DK,Denmark,0.047721,0.047721,0.0,4,0,0
SVC_13,Leverage ratio,2026-03-31,EE,Estonia,0.094662,0.080828,-1.383,1,0,0
SVC_13,Leverage ratio,2026-03-31,ES,Spain,0.055434,0.05512,-0.031,9,0,0
SVC_13,Leverage ratio,2026-03-31,FI,Finland,0.061564,0.060484,-0.108,2,0,0
SVC_13,Leverage ratio,2026-03-31,FR,France,0.05408,0.047356,-0.672,10,2,0
SVC_13,Leverage ratio,2026-03-31,GR,Greece,0.077117,0.092606,1.549,1,0,0
SVC_13,Leverage ratio,2026-03-31,HU,Hungary,0.094499,0.095142,0.064,2,0,0
SVC_13,Leverage ratio,2026-03-31,IE,Ireland,0.07511,0.069045,-0.607,4,0,0
SVC_13,Leverage ratio,2026-03-31,IS,Iceland,0.122084,0.112872,-0.921,2,0,0
SVC_13,Leverage ratio,2026-03-31,IT,Italy,0.060448,0.058156,-0.229,7,0,0
SVC_13,Leverage ratio,2026-03-31,LT,Lithuania,0.06556,0.092643,2.708,1,0,0
SVC_13,Leverage ratio,2026-03-31,LU,Luxembourg,0.096484,0.060555,-3.593,1,0,0
SVC_13,Leverage ratio,2026-03-31,LV,Latvia,0.088557,0.10002,1.146,1,0,0
SVC_13,Leverage ratio,2026-03-31,NL,Netherlands,0.054703,0.053245,-0.146,3,0,0
SVC_13,Leverage ratio,2026-03-31,NO,Norway,0.067409,0.067216,-0.019,3,0,0
SVC_13,Leverage ratio,2026-03-31,PL,Poland,0.073049,0.069915,-0.313,2,4,0
SVC_13,Leverage ratio,2026-03-31,PT,Portugal,0.071085,0.066905,-0.418,1,0,0
SVC_13,Leverage ratio,2026-03-31,SE,Sweden,0.051363,0.050497,-0.087,6,0,0
SVC_13,Leverage ratio,2026-03-31,SI,Slovenia,0.100574,0.100102,-0.047,1,0,0
SVC_13,Leverage ratio,2026-03-31,SK,Slovakia,0.069112,0.074773,0.566,1,2,0
SVC_2,Total capital ratio,2025-06-30,AT,Austria,0.222601,0.21479,-0.781,8,1,0
SVC_2,Total capital ratio,2025-06-30,BE,Belgium,0.210685,0.268609,5.792,4,3,0
SVC_2,Total capital ratio,2025-06-30,CY,Cyprus,0.304876,0.175217,-12.966,1,0,0
SVC_2,Total capital ratio,2025-06-30,DE,Germany,0.224005,0.213779,-1.023,13,2,1
SVC_2,Total capital ratio,2025-06-30,DK,Denmark,0.219546,0.220341,0.08,2,0,0
SVC_2,Total capital ratio,2025-06-30,EE,Estonia,0.243775,0.181229,-6.255,2,1,0
SVC_2,Total capital ratio,2025-06-30,ES,Spain,0.174497,0.173398,-0.11,10,0,0
SVC_2,Total capital ratio,2025-06-30,FI,Finland,0.207032,0.208007,0.098,5,0,0
SVC_2,Total capital ratio,2025-06-30,FR,France,0.195997,0.187302,-0.87,15,3,0
SVC_2,Total capital ratio,2025-06-30,GR,Greece,0.206491,0.208865,0.237,2,0,1
SVC_2,Total capital ratio,2025-06-30,HR,Croatia,0.21159,0.198912,-1.268,2,2,0
SVC_2,Total capital ratio,2025-06-30,HU,Hungary,0.19866,0.19866,0.0,3,1,0
SVC_2,Total capital ratio,2025-06-30,IE,Ireland,0.220992,0.206254,-1.474,4,0,0
SVC_2,Total capital ratio,2025-06-30,IT,Italy,0.202825,0.203068,0.024,15,3,0
SVC_2,Total capital ratio,2025-06-30,LI,Liechtenstein,0.192474,0.184771,-0.77,2,0,0
SVC_2,Total capital ratio,2025-06-30,LU,Luxembourg,0.241027,0.240009,-0.102,3,0,0
SVC_2,Total capital ratio,2025-06-30,LV,Latvia,0.255394,0.225762,-2.963,1,2,0
SVC_2,Total capital ratio,2025-06-30,MT,Malta,0.27219,0.253986,-1.82,3,0,0
SVC_2,Total capital ratio,2025-06-30,NL,Netherlands,0.2143,0.193965,-2.033,5,1,0
SVC_2,Total capital ratio,2025-06-30,NO,Norway,0.229182,0.227206,-0.198,4,0,0
SVC_2,Total capital ratio,2025-06-30,PL,Poland,0.174657,0.172018,-0.264,4,4,0
SVC_2,Total capital ratio,2025-06-30,PT,Portugal,0.202968,0.204423,0.145,3,0,0
SVC_2,Total capital ratio,2025-06-30,SE,Sweden,0.226898,0.213538,-1.336,8,0,0
SVC_2,Total capital ratio,2025-06-30,SK,Slovakia,0.200836,0.196934,-0.39,1,2,0
SVC_2,Total capital ratio,2025-09-30,AT,Austria,0.220517,0.213252,-0.726,3,1,0
SVC_2,Total capital ratio,2025-09-30,BE,Belgium,0.214306,0.267946,5.364,3,2,0
SVC_2,Total capital ratio,2025-09-30,CY,Cyprus,0.302064,0.172821,-12.924,1,0,0
SVC_2,Total capital ratio,2025-09-30,DE,Germany,0.224319,0.212059,-1.226,8,2,1
SVC_2,Total capital ratio,2025-09-30,DK,Denmark,0.222532,0.221215,-0.132,2,0,0
SVC_2,Total capital ratio,2025-09-30,EE,Estonia,0.240194,0.1934,-4.679,1,0,0
SVC_2,Total capital ratio,2025-09-30,ES,Spain,0.176067,0.175503,-0.056,8,0,0
SVC_2,Total capital ratio,2025-09-30,FI,Finland,0.218157,0.21298,-0.518,2,0,0
SVC_2,Total capital ratio,2025-09-30,FR,France,0.19607,0.177239,-1.883,6,2,0
SVC_2,Total capital ratio,2025-09-30,GR,Greece,0.203008,0.208658,0.565,2,0,0
SVC_2,Total capital ratio,2025-09-30,HR,Croatia,0.212977,0.197604,-1.537,1,2,0
SVC_2,Total capital ratio,2025-09-30,HU,Hungary,0.202918,0.202858,-0.006,3,0,0
SVC_2,Total capital ratio,2025-09-30,IE,Ireland,0.213505,0.203912,-0.959,5,0,0
SVC_2,Total capital ratio,2025-09-30,IT,Italy,0.199217,0.198562,-0.065,13,1,0
SVC_2,Total capital ratio,2025-09-30,LU,Luxembourg,0.23798,0.250244,1.226,2,0,0
SVC_2,Total capital ratio,2025-09-30,LV,Latvia,0.246855,0.224644,-2.221,1,0,0
SVC_2,Total capital ratio,2025-09-30,MT,Malta,0.274326,0.281204,0.688,2,0,0
SVC_2,Total capital ratio,2025-09-30,NL,Netherlands,0.215331,0.193279,-2.205,3,0,0
SVC_2,Total capital ratio,2025-09-30,NO,Norway,0.224005,0.215779,-0.823,1,0,0
SVC_2,Total capital ratio,2025-09-30,PL,Poland,0.177189,0.176057,-0.113,2,4,0
SVC_2,Total capital ratio,2025-09-30,PT,Portugal,0.204934,0.198317,-0.662,2,0,0
SVC_2,Total capital ratio,2025-09-30,RO,Romania,0.227402,0.198172,-2.923,1,1,0
SVC_2,Total capital ratio,2025-09-30,SE,Sweden,0.230767,0.230734,-0.003,6,0,0
SVC_2,Total capital ratio,2025-09-30,SI,Slovenia,0.182172,0.178581,-0.359,1,0,0
SVC_2,Total capital ratio,2025-09-30,SK,Slovakia,0.200566,0.197753,-0.281,1,2,0
SVC_2,Total capital ratio,2025-12-31,AT,Austria,0.232805,0.216102,-1.67,14,1,0
SVC_2,Total capital ratio,2025-12-31,BE,Belgium,0.214183,0.263651,4.947,4,2,0
SVC_2,Total capital ratio,2025-12-31,BG,Bulgaria,0.230271,0.214059,-1.621,3,1,0
SVC_2,Total capital ratio,2025-12-31,CY,Cyprus,0.306359,0.333901,2.754,2,1,0
SVC_2,Total capital ratio,2025-12-31,DE,Germany,0.226463,0.203421,-2.304,23,3,0
SVC_2,Total capital ratio,2025-12-31,DK,Denmark,0.21157,0.214471,0.29,12,0,0
SVC_2,Total capital ratio,2025-12-31,EE,Estonia,0.245212,0.219543,-2.567,5,1,0
SVC_2,Total capital ratio,2025-12-31,ES,Spain,0.176858,0.178147,0.129,16,1,0
SVC_2,Total capital ratio,2025-12-31,FI,Finland,0.221374,0.221317,-0.006,8,0,0
SVC_2,Total capital ratio,2025-12-31,FR,France,0.197739,0.188988,-0.875,15,3,1
SVC_2,Total capital ratio,2025-12-31,GR,Greece,0.200324,0.202882,0.256,3,0,0
SVC_2,Total capital ratio,2025-12-31,HR,Croatia,0.210481,0.199984,-1.05,2,3,0
SVC_2,Total capital ratio,2025-12-31,HU,Hungary,0.201717,0.201662,-0.005,3,3,0
SVC_2,Total capital ratio,2025-12-31,IE,Ireland,0.218966,0.222242,0.328,4,0,0
SVC_2,Total capital ratio,2025-12-31,IS,Iceland,0.238944,0.244164,0.522,3,0,0
SVC_2,Total capital ratio,2025-12-31,IT,Italy,0.199297,0.196841,-0.246,30,1,0
SVC_2,Total capital ratio,2025-12-31,LI,Liechtenstein,0.199499,0.192854,-0.664,4,0,0
SVC_2,Total capital ratio,2025-12-31,LT,Lithuania,0.248628,0.297492,4.886,1,0,1
SVC_2,Total capital ratio,2025-12-31,LU,Luxembourg,0.243783,0.190556,-5.323,6,1,0
SVC_2,Total capital ratio,2025-12-31,LV,Latvia,0.238606,0.219952,-1.865,3,1,0
SVC_2,Total capital ratio,2025-12-31,MT,Malta,0.280992,0.256844,-2.415,5,0,0
SVC_2,Total capital ratio,2025-12-31,NL,Netherlands,0.213909,0.214821,0.091,18,3,0
SVC_2,Total capital ratio,2025-12-31,NO,Norway,0.221656,0.22376,0.21,6,0,0
SVC_2,Total capital ratio,2025-12-31,PL,Poland,0.175555,0.170121,-0.543,7,5,0
SVC_2,Total capital ratio,2025-12-31,PT,Portugal,0.207736,0.203854,-0.388,7,1,0
SVC_2,Total capital ratio,2025-12-31,RO,Romania,0.251177,0.227897,-2.328,1,3,0
SVC_2,Total capital ratio,2025-12-31,SE,Sweden,0.220409,0.218221,-0.219,12,0,0
SVC_2,Total capital ratio,2025-12-31,SI,Slovenia,0.197578,0.22979,3.221,1,1,0
SVC_2,Total capital ratio,2025-12-31,SK,Slovakia,0.206694,0.219202,1.251,2,2,0
SVC_2,Total capital ratio,2026-03-31,AT,Austria,0.207825,0.20538,-0.244,1,0,0
SVC_2,Total capital ratio,2026-03-31,BE,Belgium,0.215314,0.191176,-2.414,2,2,0
SVC_2,Total capital ratio,2026-03-31,BG,Bulgaria,0.229763,0.214437,-1.533,1,0,0
SVC_2,Total capital ratio,2026-03-31,DE,Germany,0.218136,0.201192,-1.694,11,1,0
SVC_2,Total capital ratio,2026-03-31,DK,Denmark,0.214985,0.21498,-0.001,4,0,0
SVC_2,Total capital ratio,2026-03-31,EE,Estonia,0.251706,0.18808,-6.363,1,0,0
SVC_2,Total capital ratio,2026-03-31,ES,Spain,0.180144,0.180027,-0.012,9,0,0
SVC_2,Total capital ratio,2026-03-31,FI,Finland,0.215061,0.209862,-0.52,2,0,0
SVC_2,Total capital ratio,2026-03-31,FR,France,0.195547,0.18157,-1.398,10,2,0
SVC_2,Total capital ratio,2026-03-31,GR,Greece,0.200558,0.218808,1.825,1,0,0
SVC_2,Total capital ratio,2026-03-31,HU,Hungary,0.193384,0.194188,0.08,2,0,0
SVC_2,Total capital ratio,2026-03-31,IE,Ireland,0.216745,0.214281,-0.246,4,0,0
SVC_2,Total capital ratio,2026-03-31,IS,Iceland,0.23231,0.221528,-1.078,2,0,0
SVC_2,Total capital ratio,2026-03-31,IT,Italy,0.198044,0.194392,-0.365,7,0,0
SVC_2,Total capital ratio,2026-03-31,LT,Lithuania,0.255761,0.228289,-2.747,1,0,0
SVC_2,Total capital ratio,2026-03-31,LU,Luxembourg,0.253598,0.200141,-5.346,1,0,0
SVC_2,Total capital ratio,2026-03-31,LV,Latvia,0.231294,0.220303,-1.099,1,0,0
SVC_2,Total capital ratio,2026-03-31,NL,Netherlands,0.209421,0.202971,-0.645,3,0,0
SVC_2,Total capital ratio,2026-03-31,NO,Norway,0.22266,0.224058,0.14,2,0,0
SVC_2,Total capital ratio,2026-03-31,PL,Poland,0.175507,0.168994,-0.651,2,4,0
SVC_2,Total capital ratio,2026-03-31,PT,Portugal,0.209518,0.188088,-2.143,1,0,0
SVC_2,Total capital ratio,2026-03-31,SE,Sweden,0.216445,0.216,-0.044,6,0,0
SVC_2,Total capital ratio,2026-03-31,SI,Slovenia,0.192253,0.193577,0.132,1,0,0
SVC_2,Total capital ratio,2026-03-31,SK,Slovakia,0.204251,0.210886,0.664,1,2,0
SVC_3,CET 1 capital ratio,2025-06-30,AT,Austria,0.177225,0.182859,0.563,8,1,0
SVC_3,CET 1 capital ratio,2025-06-30,BE,Belgium,0.170701,0.241005,7.03,4,3,0
SVC_3,CET 1 capital ratio,2025-06-30,CY,Cyprus,0.265711,0.167306,-9.841,1,0,0
SVC_3,CET 1 capital ratio,2025-06-30,DE,Germany,0.173047,0.164671,-0.838,13,2,1
SVC_3,CET 1 capital ratio,2025-06-30,DK,Denmark,0.178699,0.181603,0.29,2,0,0
SVC_3,CET 1 capital ratio,2025-06-30,EE,Estonia,0.214807,0.135309,-7.95,2,1,0
SVC_3,CET 1 capital ratio,2025-06-30,ES,Spain,0.131818,0.131512,-0.031,10,0,0
SVC_3,CET 1 capital ratio,2025-06-30,FI,Finland,0.175312,0.177125,0.181,5,0,0
SVC_3,CET 1 capital ratio,2025-06-30,FR,France,0.160079,0.152885,-0.719,15,3,0
SVC_3,CET 1 capital ratio,2025-06-30,GR,Greece,0.160908,0.15056,-1.035,2,0,1
SVC_3,CET 1 capital ratio,2025-06-30,HR,Croatia,0.195784,0.19198,-0.38,2,2,0
SVC_3,CET 1 capital ratio,2025-06-30,HU,Hungary,0.18026,0.18026,0.0,3,1,0
SVC_3,CET 1 capital ratio,2025-06-30,IE,Ireland,0.184926,0.172258,-1.267,4,0,0
SVC_3,CET 1 capital ratio,2025-06-30,IT,Italy,0.161772,0.161112,-0.066,15,3,0
SVC_3,CET 1 capital ratio,2025-06-30,LI,Liechtenstein,0.192474,0.184771,-0.77,2,0,0
SVC_3,CET 1 capital ratio,2025-06-30,LU,Luxembourg,0.235489,0.185876,-4.961,3,0,0
SVC_3,CET 1 capital ratio,2025-06-30,LV,Latvia,0.23712,0.202756,-3.436,1,2,0
SVC_3,CET 1 capital ratio,2025-06-30,MT,Malta,0.21559,0.224604,0.901,3,0,0
SVC_3,CET 1 capital ratio,2025-06-30,NL,Netherlands,0.163956,0.140543,-2.341,5,1,0
SVC_3,CET 1 capital ratio,2025-06-30,NO,Norway,0.184221,0.182721,-0.15,4,0,0
SVC_3,CET 1 capital ratio,2025-06-30,PL,Poland,0.163532,0.161231,-0.23,4,4,0
SVC_3,CET 1 capital ratio,2025-06-30,PT,Portugal,0.175874,0.163877,-1.2,3,0,0
SVC_3,CET 1 capital ratio,2025-06-30,SE,Sweden,0.187108,0.172796,-1.431,8,0,0
SVC_3,CET 1 capital ratio,2025-06-30,SK,Slovakia,0.16901,0.179979,1.097,1,2,0
SVC_3,CET 1 capital ratio,2025-09-30,AT,Austria,0.175017,0.178303,0.329,3,1,0
SVC_3,CET 1 capital ratio,2025-09-30,BE,Belgium,0.173909,0.24491,7.1,3,2,0
SVC_3,CET 1 capital ratio,2025-09-30,CY,Cyprus,0.264213,0.164514,-9.97,1,0,0
SVC_3,CET 1 capital ratio,2025-09-30,DE,Germany,0.174025,0.162537,-1.149,8,2,1
SVC_3,CET 1 capital ratio,2025-09-30,DK,Denmark,0.179184,0.182262,0.308,2,0,0
SVC_3,CET 1 capital ratio,2025-09-30,EE,Estonia,0.209529,0.145732,-6.38,1,0,0
SVC_3,CET 1 capital ratio,2025-09-30,ES,Spain,0.132813,0.132324,-0.049,8,0,0
SVC_3,CET 1 capital ratio,2025-09-30,FI,Finland,0.180024,0.174562,-0.546,2,0,0
SVC_3,CET 1 capital ratio,2025-09-30,FR,France,0.159813,0.138835,-2.098,6,2,0
SVC_3,CET 1 capital ratio,2025-09-30,GR,Greece,0.16085,0.151535,-0.932,2,0,0
SVC_3,CET 1 capital ratio,2025-09-30,HR,Croatia,0.197054,0.165259,-3.18,1,2,0
SVC_3,CET 1 capital ratio,2025-09-30,HU,Hungary,0.185065,0.18501,-0.005,3,0,0
SVC_3,CET 1 capital ratio,2025-09-30,IE,Ireland,0.1805,0.169754,-1.075,5,0,0
SVC_3,CET 1 capital ratio,2025-09-30,IT,Italy,0.158368,0.157343,-0.103,13,1,0
SVC_3,CET 1 capital ratio,2025-09-30,LU,Luxembourg,0.23252,0.183845,-4.868,2,0,0
SVC_3,CET 1 capital ratio,2025-09-30,LV,Latvia,0.229176,0.20193,-2.725,1,0,0
SVC_3,CET 1 capital ratio,2025-09-30,MT,Malta,0.218128,0.217045,-0.108,2,0,0
SVC_3,CET 1 capital ratio,2025-09-30,NL,Netherlands,0.164024,0.137668,-2.636,3,0,0
SVC_3,CET 1 capital ratio,2025-09-30,NO,Norway,0.180037,0.170373,-0.966,1,0,0
SVC_3,CET 1 capital ratio,2025-09-30,PL,Poland,0.163535,0.160148,-0.339,2,4,0
SVC_3,CET 1 capital ratio,2025-09-30,PT,Portugal,0.173981,0.158766,-1.522,2,0,0
SVC_3,CET 1 capital ratio,2025-09-30,RO,Romania,0.191444,0.177514,-1.393,1,1,0
SVC_3,CET 1 capital ratio,2025-09-30,SE,Sweden,0.188591,0.187149,-0.144,6,0,0
SVC_3,CET 1 capital ratio,2025-09-30,SI,Slovenia,0.160929,0.146531,-1.44,1,0,0
SVC_3,CET 1 capital ratio,2025-09-30,SK,Slovakia,0.169184,0.18207,1.289,1,2,0
SVC_3,CET 1 capital ratio,2025-12-31,AT,Austria,0.188664,0.184807,-0.386,14,1,0
SVC_3,CET 1 capital ratio,2025-12-31,BE,Belgium,0.174515,0.235489,6.097,4,2,0
SVC_3,CET 1 capital ratio,2025-12-31,BG,Bulgaria,0.210701,0.188159,-2.254,3,1,0
SVC_3,CET 1 capital ratio,2025-12-31,CY,Cyprus,0.268278,0.3088,4.052,2,1,0
SVC_3,CET 1 capital ratio,2025-12-31,DE,Germany,0.175158,0.161552,-1.361,23,3,0
SVC_3,CET 1 capital ratio,2025-12-31,DK,Denmark,0.171044,0.177554,0.651,12,0,0
SVC_3,CET 1 capital ratio,2025-12-31,EE,Estonia,0.21604,0.172054,-4.399,5,1,0
SVC_3,CET 1 capital ratio,2025-12-31,ES,Spain,0.132855,0.135204,0.235,16,1,0
SVC_3,CET 1 capital ratio,2025-12-31,FI,Finland,0.181329,0.182726,0.14,8,0,0
SVC_3,CET 1 capital ratio,2025-12-31,FR,France,0.161711,0.152941,-0.877,15,3,1
SVC_3,CET 1 capital ratio,2025-12-31,GR,Greece,0.155475,0.162469,0.699,3,0,0
SVC_3,CET 1 capital ratio,2025-12-31,HR,Croatia,0.19347,0.189583,-0.389,2,3,0
SVC_3,CET 1 capital ratio,2025-12-31,HU,Hungary,0.185157,0.185107,-0.005,3,3,0
SVC_3,CET 1 capital ratio,2025-12-31,IE,Ireland,0.186262,0.16995,-1.631,4,0,0
SVC_3,CET 1 capital ratio,2025-12-31,IS,Iceland,0.20039,0.206676,0.629,3,0,0
SVC_3,CET 1 capital ratio,2025-12-31,IT,Italy,0.158512,0.156711,-0.18,30,1,0
SVC_3,CET 1 capital ratio,2025-12-31,LI,Liechtenstein,0.199499,0.192279,-0.722,4,0,0
SVC_3,CET 1 capital ratio,2025-12-31,LT,Lithuania,0.216602,0.231589,1.499,1,0,1
SVC_3,CET 1 capital ratio,2025-12-31,LU,Luxembourg,0.237569,0.152187,-8.538,6,1,0
SVC_3,CET 1 capital ratio,2025-12-31,LV,Latvia,0.219455,0.188426,-3.103,3,1,0
SVC_3,CET 1 capital ratio,2025-12-31,MT,Malta,0.215895,0.232085,1.619,5,0,0
SVC_3,CET 1 capital ratio,2025-12-31,NL,Netherlands,0.166023,0.170094,0.407,18,3,0
SVC_3,CET 1 capital ratio,2025-12-31,NO,Norway,0.177513,0.179012,0.15,6,0,0
SVC_3,CET 1 capital ratio,2025-12-31,PL,Poland,0.162918,0.155302,-0.762,7,5,0
SVC_3,CET 1 capital ratio,2025-12-31,PT,Portugal,0.176969,0.181016,0.405,7,1,0
SVC_3,CET 1 capital ratio,2025-12-31,RO,Romania,0.205404,0.182876,-2.253,1,3,0
SVC_3,CET 1 capital ratio,2025-12-31,SE,Sweden,0.179362,0.176265,-0.31,12,0,0
SVC_3,CET 1 capital ratio,2025-12-31,SI,Slovenia,0.166434,0.21418,4.775,1,1,0
SVC_3,CET 1 capital ratio,2025-12-31,SK,Slovakia,0.175022,0.201401,2.638,2,2,0
SVC_3,CET 1 capital ratio,2026-03-31,AT,Austria,0.164722,0.189486,2.476,1,0,0
SVC_3,CET 1 capital ratio,2026-03-31,BE,Belgium,0.174694,0.150511,-2.418,2,2,0
SVC_3,CET 1 capital ratio,2026-03-31,BG,Bulgaria,0.210629,0.186495,-2.413,1,0,0
SVC_3,CET 1 capital ratio,2026-03-31,DE,Germany,0.16942,0.159661,-0.976,11,1,0
SVC_3,CET 1 capital ratio,2026-03-31,DK,Denmark,0.173094,0.17309,-0.0,4,0,0
SVC_3,CET 1 capital ratio,2026-03-31,EE,Estonia,0.223106,0.141816,-8.129,1,0,0
SVC_3,CET 1 capital ratio,2026-03-31,ES,Spain,0.136669,0.136632,-0.004,9,0,0
SVC_3,CET 1 capital ratio,2026-03-31,FI,Finland,0.179839,0.174361,-0.548,2,0,0
SVC_3,CET 1 capital ratio,2026-03-31,FR,France,0.158793,0.142644,-1.615,10,2,0
SVC_3,CET 1 capital ratio,2026-03-31,GR,Greece,0.152246,0.181582,2.934,1,0,0
SVC_3,CET 1 capital ratio,2026-03-31,HU,Hungary,0.177289,0.176774,-0.051,2,0,0
SVC_3,CET 1 capital ratio,2026-03-31,IE,Ireland,0.183066,0.161638,-2.143,4,0,0
SVC_3,CET 1 capital ratio,2026-03-31,IS,Iceland,0.190083,0.182907,-0.718,2,0,0
SVC_3,CET 1 capital ratio,2026-03-31,IT,Italy,0.155599,0.149459,-0.614,7,0,0
SVC_3,CET 1 capital ratio,2026-03-31,LT,Lithuania,0.220261,0.182521,-3.774,1,0,0
SVC_3,CET 1 capital ratio,2026-03-31,LU,Luxembourg,0.247679,0.143263,-10.442,1,0,0
SVC_3,CET 1 capital ratio,2026-03-31,LV,Latvia,0.211685,0.180206,-3.148,1,0,0
SVC_3,CET 1 capital ratio,2026-03-31,NL,Netherlands,0.163812,0.15721,-0.66,3,0,0
SVC_3,CET 1 capital ratio,2026-03-31,NO,Norway,0.179087,0.180317,0.123,2,0,0
SVC_3,CET 1 capital ratio,2026-03-31,PL,Poland,0.160559,0.150597,-0.996,2,4,0
SVC_3,CET 1 capital ratio,2026-03-31,PT,Portugal,0.178211,0.158251,-1.996,1,0,0
SVC_3,CET 1 capital ratio,2026-03-31,SE,Sweden,0.17693,0.175177,-0.175,6,0,0
SVC_3,CET 1 capital ratio,2026-03-31,SI,Slovenia,0.162179,0.148236,-1.394,1,0,0
SVC_3,CET 1 capital ratio,2026-03-31,SK,Slovakia,0.173888,0.196431,2.254,1,2,0
