lei,name,wikidata_id,isin,isin_land,boerse,boerse_land,ticker,sicherheit
213800DBQIB6VBNU5C64,Alpha Bank,Q747394,US02071M7056,US,OTC Markets Group,US,ALBKY,mehrere im ISIN-Land
213800JF3JFF6MMR2P36,Fynske Bank,Q16323595,,,,,,keine isin
213800M7T3CYVZ3ZRT12,Sparebanken Vest,Q7573582,NO0006000900,NO,Osloer Börse,NO,SVEG,eindeutig
213800RENLNKMWZV8767,Lollands Bank,Q12324823,DK0060000107,DK,Börse Kopenhagen,DK,LOLB,eindeutig
213800UYAHIRLZ4NSN67,Lån og Spar Bank,Q12325311,DK0010201532,DK,Börse Kopenhagen,DK,LASP,eindeutig
213800X3Q9LSAKRUWY91,KBC Group,Q29560723,BE0003565737,BE,Euronext Brüssel,BE,KBC,eindeutig
259400DZXF7UJKK2AY35,mBank,Q1160928,PLBRE0000012,PL,Warschauer Wertpapierbörse,PL,MBK,eindeutig
259400LGXW3K0GDAG361,Erste Bank Polska,Q806653,PLBZ00000044,PL,Warschauer Wertpapierbörse,PL,SPL,eindeutig
259400OFDZ9KPZEO8K78,Bank Millennium,Q4855947,,,,,,keine isin
259400QHDOZWMJ103294,Alior Bank,Q9148395,PLALIOR00045,PL,Warschauer Wertpapierbörse,PL,ALR,eindeutig
259400YLRTOBISHBVX41,ING Bank Śląski,Q1410383,PLBSK0000017,PL,Warschauer Wertpapierbörse,PL,INGBSK,eindeutig
2W8N8UU78PMDQKZENC08,Intesa Sanpaolo,Q1343118,IT0000072618,IT,Borsa Italiana,IT,ISP,eindeutig
3DM5DPGI3W6OU6GJ4N92,Banco Português de Investimento,Q537886,PTBPI0AM0004,PT,Euronext Lisboa,PT,BPI,eindeutig
3M5E1GQGKL17HI6CPN30,Jyske Bank,Q136672,DK0010307958,DK,Börse Kopenhagen,DK,JYSK,eindeutig
529900AVGYYBVL1VNQ03,Kreditbanken,Q57695431,DK0010253764,DK,Börse Kopenhagen,DK,KRE,eindeutig
529900BIK4WRWS06MR52,Varengold Bank,Q481206,DE0005479307,DE,Börse Frankfurt,DE,VGB,eindeutig
529900IRBZTADXJB6757,flatexDEGIRO,Q1427303,DE000FTG1111,DE,Börse Frankfurt,DE,FTK,eindeutig
529900ODI3047E2LIV03,Nordea,Q1123823,FI4000297767,FI,Börse Helsinki,FI,NDA FI,eindeutig
529900W3MOO00A18X956,OTP Bank,Q912778,HU0000061726,HU,Budapester Börse,HU,,ohne ticker
5493000LKS7B3UTF7H35,Bank Polska Kasa Opieki,Q806642,PLPEKAO00016,PL,Warschauer Wertpapierbörse,PL,PEO,eindeutig
5493002DPKDEC2JN1Y86,Sparekassen Sjælland-Fyn,Q42143219,DK0060670776,DK,Börse Kopenhagen,DK,SPKSJF,eindeutig
5493006QMFDDMYWIAM13,Grupo Santander,Q806215,ES0113900J37,ES,Madrider Börse,ES,SAN,eindeutig
5493007SJLLCTM6J6M37,Unicaja Banco,Q20908850,ES0180907000,ES,Madrider Börse,ES,UNI,mehrere im ISIN-Land
549300GKFG0RYRRQ1414,DNB Bank,Q80788,NO0010161896,NO,Osloer Börse,NO,DNB,eindeutig
549300JECLPX13NZLU57,Danske Andelskassers Bank,Q28031941,DK0060299063,DK,Börse Kopenhagen,DK,DAB,eindeutig
549300NYKK9MWM7GGW15,ING-Gruppe,Q645708,NL0011821202,NL,Amsterdamer Börse,NL,INGA,eindeutig
549300Q3OIWRHQUQM052,SpareBank 1 SR-Bank,Q7573553,,,,,,keine isin
549300RG3H390KEL8896,Banca Transilvania,Q806161,ROTLVAACNOR1,RO,Bukarester Börse,RO,TLV,eindeutig
549300SXM92LQ05OJQ76,SpareBank 1 Nord-Norge,Q7573578,NO0006000801,NO,Osloer Börse,NO,NONG,eindeutig
549300TRUWO2CD2G5692,UniCredit,Q45568,IT0005239360,IT,Borsa Italiana,IT,UCG,eindeutig
549300ZHFZ4CSK7VS460,Privredna banka Zagreb,Q7246343,,,,,,keine isin
5967007LIEEXZX51WW28,Sparebanken Øst,Q17082672,,,,,,keine isin
5967007LIEEXZX5PU005,Sparebanken Møre,Q857336,,,,,,keine isin
5UMCZOEYKCVFAW8ZLO05,National Bank of Greece,Q1816028,GRS003003019,GR,Athener Börse,GR,ETE,eindeutig
724500973ODKK3IFQ447,Adyen,Q4686934,US00783V1044,US,,,,keine Notierung im ISIN-Land
743700GC62JLHFBUND16,Aktia Bank,Q4353753,,,,,,keine isin
7CUNS533WID6K7DGFI87,Caixabank,Q847225,ES0140609019,ES,Madrider Börse,ES,,ohne ticker
7LTWFZYICNSX8D621K86,Deutsche Bank,Q66048,DE0005140008,DE,Börse Frankfurt,DE,DBK,eindeutig
7V6Z97IO7R1SEAO84Q32,Sparebank 1 SMN,Q7573579,NO0006390301,NO,Osloer Börse,NO,,ohne ticker
815600E4E6DCD2D25E30,Banco BPM,Q27331643,IT0005218380,IT,Borsa Italiana,IT,BAMI,eindeutig
851WYGNLUQLFZBSYGB56,Commerzbank,Q1113764,DE0005428007,DE,Börse Frankfurt,DE,COM,eindeutig
969500B5DNR7Q1ACGD23,Q3006170,Q3006170,,,,,,keine isin
969500PI25OKPKTD9364,Crédit agricole d'Île-de-France,Q17176822,,,,,,keine isin
9KOGW2C2FCIOJQ7FF485,Česká spořitelna,Q341100,CZ0008023801,CZ,RM-SYSTÉM,CZ,,ohne ticker
9ZHRYM6F437SQJ6OUG95,Raiffeisen Bank International,Q2127528,AT0000606306,AT,Wiener Börse,AT,,ohne ticker
BFXS5XCH7N0Y05NIXW11,ABN AMRO,Q287471,NL0011540547,NL,Amsterdamer Börse,NL,ABN,eindeutig
F3JS33DEI6XQ4ZBPTN86,Skandinaviska Enskilda Banken,Q975655,SE0000148884,SE,OMX,SE,SEB A,eindeutig
GP5DT10VX1QRQUKVBK64,Q825159,Q138865494,,,,,,keine isin
H8MIG1MMPR6JXUQVBM04,Bank BPH,Q674093,US0606132050,US,,,,keine Notierung im ISIN-Land
I6USJ58BDV2BO5KP3C31,MONETA Bank,Q24282966,CZ0008040318,CZ,Prager Börse,CZ,,ohne ticker
J4CP7MHCXR8DAQMKIL78,Banca Monte dei Paschi di Siena,Q46730,IT0005218752,IT,Borsa Italiana,IT,,ohne ticker
JU1U6S0DG9YLT7N8ZV32,Banco Comercial Português,Q118581,PTBCP0AM0007,PT,Euronext Lisboa,PT,BCP,eindeutig
K8MS7FD7N5Z2WQ51AZ71,Banco Bilbao Vizcaya Argentaria,Q806189,ES0113211835,ES,Madrider Börse,ES,BBVA,eindeutig
KX1WK48MPD4Y2NCUIZ63,Natixis,Q571156,FR0000120685,FR,Euronext,FR,KN,eindeutig
M312WZV08Y7LYUC71685,Swedbank,Q1145493,SE0000242455,SE,,,,keine Notierung im ISIN-Land
MAES062Z21O4RZ2U7M96,Danske Bank,Q1636974,DK0010274414,DK,Börse Kopenhagen,DK,DANSKE,eindeutig
MKP1B7E76TN04CD85Z79,Bank Ochrony Środowiska,Q4855958,,,,,,keine isin
N747OI7JINV7RUUH6190,BPER Banca,Q806167,IT0000066123,IT,,,,keine Notierung im ISIN-Land
NHBDILHZTYCNBV5UYZ31,Svenska Handelsbanken,Q1421630,SE0000193120,SE,OMX,SE,SHB A,eindeutig
NMH2KF074RKAGTH4CM63,Bank Gospodarki Żywnościowej,Q20744004,,,,,,keine isin
O2RNE8IBXP4R0TD8PU41,Société Générale,Q270363,FR0000130809,FR,Euronext Paris,FR,GLE,eindeutig
P4GTT6GF1W40CVIMFR43,Powszechna Kasa Oszczędności Bank Polski,Q578832,PLPKO0000016,PL,Warschauer Wertpapierbörse,PL,PKO,eindeutig
PQOH26KWDF7CG10L6792,Erste Group,Q1310001,AT0000652011,AT,Wiener Börse,AT,,ohne ticker
PSNL19R2RXX5U3QWHI44,Mediobanca,Q749034,IT0000062957,IT,,,,keine Notierung im ISIN-Land
R0MUWSFPU8MPRO8K5P83,BNP Paribas,Q499707,FR0000131104,FR,Euronext Paris,FR,BNP,eindeutig
RRUN0TCQ1K2JDV7MXO75,Oberbank,Q2009139,AT0000625108,AT,Wiener Börse,AT,OBS,eindeutig
SI5RG2M0WQQLZCXKRM20,Banco Sabadell,Q762330,ES0113860A34,ES,Börse von Barcelona,ES,SAB,mehrere im ISIN-Land
VWMYAEQSTOPNV0SUGU82,Bankinter,Q806808,ES0113679I37,ES,Madrider Börse,ES,,ohne ticker
XLEZHWWOI4HFQDGL4793,Bank Handlowy,Q4034832,,,,,,keine isin
