lei,scope,refPeriod,bank_name,home_country,largest_country,n_countries,total_exposure_eur,domestic_share,country_hhi,x28_share,reliable
0W2PZJM8XOY22M4GG883,CON,2025-06-30,DekaBank Deutsche Girozentrale,Germany,Germany,30,543657661147.92,0.3873,0.6833,0.5299,false
0W2PZJM8XOY22M4GG883,CON,2025-12-31,DekaBank Deutsche Girozentrale,Germany,Germany,33,256164061678.83,0.3801,0.6614,0.5310,false
0W5QHUNYV4W7GJO62R27,CON,2025-12-31,HYPO TIROL BANK AG,Austria,Austria,34,5435903710.87,0.8628,0.7469,0.0000,true
1FOLRR5RWTWWI397R131,IND,2025-06-30,Aktiebolaget Svensk Exportkredit,Sweden,Sweden,44,37765023643.93,0.7680,0.5941,0.0000,true
2138004FIUXU3B2MR537,CON,2025-06-30,"Caixa Económica Montepio Geral, Caixa Económica Bancária, S.A.",Portugal,Portugal,3,15237110813.73,0.9906,0.9813,0.0000,true
21380057HUGFEAF25W84,CON,2025-12-31,NOBA Group,Sweden,Sweden,8,13115389103.47,0.4353,0.3058,0.0000,true
2138005M92IEIQVEL297,CON,2025-12-31,AS Inbank,Estonia,Poland,5,1263202497.05,0.2993,0.2685,0.0000,true
2138009Y59EAR7H1UO97,CON,2025-06-30,"Akciju sabiedrība ""Citadele banka""",Latvia,Latvia,59,3606521331.97,0.4305,0.3493,0.0000,true
2138009Y59EAR7H1UO97,CON,2025-12-31,"Akciju sabiedrība ""Citadele banka""",Latvia,Latvia,54,2299887171.22,0.6944,0.5650,0.0000,true
213800A1O379I6DMCU10,IND,2025-06-30,APS BANK P.L.C.,Malta,France,23,4428066577.53,0.0000,0.1396,0.9075,false
213800A1O379I6DMCU10,IND,2025-12-31,APS BANK P.L.C.,Malta,France,24,4762095995.62,0.0000,0.1219,0.9110,false
213800DBQIB6VBNU5C64,CON,2025-06-30,Alpha Bank S.A.,Greece,United Kingdom,7,116525484215.62,0.0000,0.2348,0.9599,false
213800DBQIB6VBNU5C64,CON,2025-12-31,Alpha Bank S.A.,Greece,Greece,7,117358175761.17,0.9222,0.8985,0.0267,true
213800HDJ876ACJXXD05,CON,2025-06-30,AIKGROUP (CY) LIMITED,Cyprus,Serbia,73,7745572000.00,0.0001,0.4473,0.0000,true
213800KGF4EFNUQKAT69,CON,2025-12-31,EUROBANK S.A.,Greece,Greece,7,3110670622.18,0.6323,0.5028,0.0670,true
213800M7T3CYVZ3ZRT12,CON,2025-06-30,Sparebanken Norge,Norway,Norway,1,53227100973.99,1.0000,1.0000,0.0000,true
213800M7T3CYVZ3ZRT12,CON,2025-12-31,Sparebanken Norge,Norway,Norway,1,52926345984.85,1.0000,1.0000,0.0000,true
213800RZWHE5EUX9R444,CON,2025-12-31,Luminor Holding AS,Estonia,Lithuania,63,13809701316.37,0.1983,0.3666,0.0000,true
213800TC9PZRBHMJW403,CON,2025-06-30,MDB Group Limited,Malta,Norway,26,4058.64,0.0139,0.3377,0.0000,true
213800TC9PZRBHMJW403,CON,2025-12-31,MDB Group Limited,Malta,Netherlands,22,4133.86,0.1037,0.3532,0.0000,true
213800UIIZ6YSEQB5S26,CON,2025-12-31,Clearstream Fund Centre Holding S.A.,Luxembourg,Luxembourg,8,56983777.89,0.5261,0.4091,0.0000,true
213800UYAHIRLZ4NSN67,IND,2025-12-31,Lån & Spar Bank A/S,Denmark,Denmark,4,4835330058.53,0.8651,0.7695,0.0025,true
22210058UCKT3BJTCN24,CON,2025-12-31,OTP Luxembourg S.à r.l.,Luxembourg,Slovenia,69,9500064000.00,0.0091,0.6907,0.0000,true
254900RNFMDM0P11YR84,CON,2025-06-30,Atlantic Lux HoldCo S.à r.l.,Luxembourg,United States,26,36772857287.69,0.0036,0.1093,0.0000,true
259400DZXF7UJKK2AY35,CON,2025-06-30,mBank S.A.,Poland,Poland,36,39779002851.80,0.9341,0.8745,0.0000,true
259400DZXF7UJKK2AY35,CON,2025-12-31,mBank S.A.,Poland,Poland,47,41304178447.92,0.9349,0.8760,0.0000,true
259400LGXW3K0GDAG361,CON,2025-06-30,Santander Bank Polska S.A.,Poland,Poland,176,47583339674.21,0.9753,0.9513,0.0000,true
259400LGXW3K0GDAG361,CON,2025-12-31,Santander Bank Polska S.A.,Poland,Poland,176,43582984614.82,0.9784,0.9574,0.0000,true
259400OFDZ9KPZEO8K78,CON,2025-06-30,BANK MILLENNIUM SA,Poland,Poland,1,88551552484.00,1.0000,1.0000,0.0000,true
259400QHDOZWMJ103294,CON,2025-12-31,ALIOR BANK S.A.,Poland,Poland,24,17003504520.00,0.9885,0.9772,0.0001,true
259400YLRTOBISHBVX41,CON,2025-06-30,ING Bank Slaski S.A.,Poland,Poland,17,39862.84,0.9820,0.9677,0.0018,true
259400YLRTOBISHBVX41,CON,2025-12-31,ING Bank Slaski S.A.,Poland,Poland,26,41827858554.71,0.9858,0.9725,0.0003,true
2G5BKIC2CB69PRJH1W31,IND,2025-06-30,Barclays Bank Ireland plc,Ireland,France,55,24197149872.50,0.0630,0.1005,0.0142,true
2G5BKIC2CB69PRJH1W31,IND,2025-12-31,Barclays Bank Ireland plc,Ireland,France,59,26235254873.95,0.0562,0.1061,0.0230,true
2W8N8UU78PMDQKZENC08,CON,2025-06-30,Intesa Sanpaolo S.p.A.,Italy,Italy,111,496010000000.00,0.7161,0.5175,0.0000,true
2W8N8UU78PMDQKZENC08,CON,2025-12-31,Intesa Sanpaolo S.p.A.,Italy,Italy,113,503746000000.00,0.7122,0.5122,0.0000,true
2ZCNRR8UK83OBTEK2170,CON,2025-06-30,UniCredit Bank GmbH,Germany,Germany,27,195247000000.00,0.6354,0.4258,0.0105,true
2ZCNRR8UK83OBTEK2170,CON,2025-12-31,UniCredit Bank GmbH,Germany,Germany,27,188510000000.00,0.6439,0.4331,0.0076,true
3157002JBFAI478MD587,CON,2025-06-30,"Tatra banka, a.s.",Slovakia,Slovakia,42,16605310008.00,0.9443,0.8926,0.0000,true
3157002JBFAI478MD587,CON,2025-12-31,"Tatra banka, a.s.",Slovakia,Slovakia,42,17570075737.00,0.9443,0.8924,0.0000,true
315700E9POA724IWFP59,CON,2025-06-30,J&amp;T FINANCE GROUP SE,Czechia,Slovakia,36,9810077020.19,0.3091,0.2695,0.0000,true
315700E9POA724IWFP59,CON,2025-12-31,J&amp;T FINANCE GROUP SE,Czechia,Slovakia,37,10274925188.38,0.3204,0.2689,0.0000,true
315700K45LRKNGMUIW27,IND,2025-06-30,"Prima banka Slovensko, a.s.",Slovakia,Slovakia,5,5575.00,0.9399,0.8851,0.0000,true
315700K45LRKNGMUIW27,IND,2025-12-31,"Prima banka Slovensko, a.s.",Slovakia,Slovakia,5,5890.00,0.9526,0.9087,0.0000,true
39120001JPAYYPDRNN92,IND,2025-12-31,Deutsche Bausparkasse Badenia Aktiengesellschaft,Germany,Germany,36,6369185977.02,0.9531,0.9088,0.0000,true
391200EEGLNXBBCVKC73,CON,2025-12-31,Erwerbsgesellschaft der S-Finanzgruppe mbH & Co. KG,Germany,Germany,157,37641128216.83,0.8215,0.6802,0.0000,true
3DM5DPGI3W6OU6GJ4N92,CON,2025-12-31,BANCO BPI S.A.,Portugal,Portugal,15,32876925469.14,0.9748,0.9528,0.0013,true
3H0Q3U74FVFED2SHZT16,CON,2025-06-30,MBH bankcsoport,Hungary,Hungary,110,14069174385.68,0.9896,0.9793,0.0000,true
3H0Q3U74FVFED2SHZT16,CON,2025-12-31,MBH bankcsoport,Hungary,Hungary,106,15111765697.57,0.9898,0.9797,0.0000,true
3TK20IVIUJ8J3ZU0QE75,CON,2025-12-31,ING Bank N.V.,Netherlands,Netherlands,203,1010121517695.84,0.2288,0.1081,0.0000,true
485100FX5Y9YLAQLNP12,CON,2025-12-31,Revolut Holdings Europe UAB,Lithuania,Lithuania,44,5150543160.05,0.2145,0.1427,0.1416,true
5299002GPCR602QYJC04,CON,2025-12-31,KfW Beteiligungsholding GmbH,Germany,Germany,77,46165823300.37,0.3098,0.1180,0.0000,true
52990045V2BWJN669Q34,CON,2025-12-31,Wüstenrot Wohnungswirtschaft registrierte Genossenschaft mit beschränkter Haftung,Austria,Austria,27,2532804167.49,0.9527,0.9089,0.0000,true
5299005OACOC1C1OFJ11,IND,2025-12-31,Raiffeisen-Landesbank Tirol AG,Austria,Austria,36,4707679585.85,0.9057,0.8217,0.0000,true
5299005UJX6K7BQKV086,CON,2025-12-31,OTP banka d.d.,Croatia,Croatia,1,7580176196.82,1.0000,1.0000,0.0000,true
5299007S3UH5RKUYDA52,IND,2025-06-30,DEUTSCHE APOTHEKER- UND ÄRZTEBANK EG,Germany,Germany,60,47289051652.82,0.9400,0.8839,0.0000,true
5299007S3UH5RKUYDA52,IND,2025-12-31,DEUTSCHE APOTHEKER- UND ÄRZTEBANK EG,Germany,Germany,61,47344448570.28,0.9411,0.8861,0.0000,true
5299008I0TO44SUINZ71,IND,2025-12-31,Oldenburgische Landesbank Aktiengesellschaft,Germany,Germany,38,29408000000.00,0.6766,0.4742,0.0000,true
52990096Q5LMCH1WU462,CON,2025-12-31,"Československá obchodná banka, a.s.",Slovakia,Slovakia,16,13842.00,0.9629,0.9273,0.0000,true
5299009EHB4RBGMI5828,IND,2025-12-31,Raiffeisen Landesbank Kärnten und Revisionsverband eGen,Austria,Austria,37,2382.34,0.8567,0.7423,0.0000,true
529900BHRYZ464GFD289,CON,2025-12-31,GRENKE AG,Germany,Ireland,33,7913236853.15,0.2282,0.2302,0.0000,true
529900EKPN8EYA3AX590,IND,2025-12-31,Texim Bank AD,Bulgaria,Bulgaria,12,510727344.00,0.9445,0.8939,0.0000,true
529900FEID5L4H2T2L70,IND,2025-12-31,Raiffeisen Landesbank Vorarlberg mit Revisionsverband eGen,Austria,Austria,21,2912.30,0.8232,0.6857,0.0000,true
529900GGYMNGRQTDOO93,CON,2025-12-31,BNG Bank N.V.,Netherlands,Netherlands,10,15987979625.74,0.8601,0.7465,0.0000,true
529900GM944JT8YIRL63,IND,2025-12-31,Münchener Hypothekenbank eG,Germany,Germany,66,46797165010.09,0.7607,0.5961,0.0000,true
529900HEKOENJHPNN480,CON,2025-12-31,Kuntarahoitus Oyj,Finland,Finland,11,1994563000.00,0.3168,0.1750,0.0000,true
529900HNOAA1KXQJUQ27,CON,2025-06-30,"DZ BANK AG Deutsche Zentral-Genossenschaftsbank, Frankfurt am Main",Germany,Germany,1,280102634988.58,1.0000,1.0000,0.0000,true
529900HNOAA1KXQJUQ27,CON,2025-12-31,"DZ BANK AG Deutsche Zentral-Genossenschaftsbank, Frankfurt am Main",Germany,Germany,128,347351202032.62,0.8341,0.7008,0.0021,true
529900I1UZV70CZRAU55,CON,2025-06-30,Raiffeisenbank Austria d.d.,Croatia,Croatia,18,2774538315.01,0.9810,0.9640,0.0008,true
529900I1UZV70CZRAU55,CON,2025-12-31,Raiffeisenbank Austria d.d.,Croatia,Croatia,19,4483531087.44,0.9552,0.9138,0.0004,true
529900IRBZTADXJB6757,CON,2025-12-31,flatexDEGIRO AG,Germany,Germany,76,679899995.75,0.5523,0.3454,0.0000,true
529900JG015JC10LED24,CON,2025-12-31,AS LHV Group,Estonia,Estonia,7,6557487010.33,0.8468,0.7423,0.0033,true
529900JZTYE3W7WQH904,CON,2025-06-30,HASPA Finanzholding,Germany,Germany,25,39355282134.33,0.9514,0.9224,0.0093,true
529900JZTYE3W7WQH904,CON,2025-12-31,HASPA Finanzholding,Germany,Germany,29,39237692384.12,0.9534,0.9094,0.0000,true
529900JZXXU699FCKK89,IND,2025-06-30,Bausparkasse Schwäbisch Hall Aktiengesellschaft - Bausparkasse der Volksbanken und Raiffeisenbanken,Germany,Germany,61,71831311201.25,0.9703,0.9416,0.0000,true
529900JZXXU699FCKK89,IND,2025-12-31,Bausparkasse Schwäbisch Hall Aktiengesellschaft - Bausparkasse der Volksbanken und Raiffeisenbanken,Germany,Germany,64,71044642578.84,0.9701,0.9411,0.0000,true
529900K16YGKC8BES892,IND,2025-06-30,Deutsche Kreditbank Aktiengesellschaft,Germany,Germany,169,96962248801.70,0.9805,0.9614,0.0000,true
529900K16YGKC8BES892,IND,2025-12-31,Deutsche Kreditbank Aktiengesellschaft,Germany,Germany,169,101235580999.69,0.9790,0.9585,0.0000,true
529900KRVTRP5RWP9K95,CON,2025-12-31,Santander Consumer Holding GmbH,Germany,Germany,11,40194670448.98,0.9149,0.8425,0.0009,true
529900LKIMB57HKF3545,CON,2025-12-31,Bank of China (Europe) S.A,Luxembourg,Portugal,33,5653123667.63,0.0574,0.0815,0.0276,true
529900ODI3047E2LIV03,CON,2025-06-30,Nordea Bank Abp,Finland,Sweden,182,381088265481.12,0.1889,0.2215,0.0000,true
529900ODI3047E2LIV03,CON,2025-12-31,Nordea Bank Abp,Finland,Sweden,175,392259994221.43,0.1869,0.2214,0.0000,true
529900Q2C3I7VCILLG45,CON,2025-12-31,FIMBank plc,Malta,United Arab Emirates,25,1404198012.00,0.0000,0.1281,0.8373,false
529900QYEJ2GYSWK1F08,CON,2025-12-31,RLB-Stmk Verbund eGen,Austria,Austria,39,9700775585.32,0.8282,0.6948,0.0000,true
529900RPGHC6DQEQL615,IND,2025-12-31,International Asset Bank AD,Bulgaria,Bulgaria,1,614227.76,1.0000,1.0000,0.0000,true
529900RWC8ZYB066JF16,CON,2025-06-30,Bank of Valletta Plc,Malta,United Kingdom,25,7837126.71,0.0000,0.2421,0.9862,false
529900RWC8ZYB066JF16,CON,2025-12-31,Bank of Valletta Plc,Malta,France,28,8501750.56,0.0000,0.1696,0.9787,false
529900S1KHKOEQL5CK20,IND,2025-12-31,Wüstenrot Bausparkasse Aktiengesellschaft,Germany,Germany,49,32364187615.67,0.9348,0.8749,0.0000,true
529900SS7ZWCX82U3W60,IND,2025-12-31,DEUTSCHE BANK S.P.A.,Italy,Italy,79,24796969064.00,0.9488,0.9004,0.0000,true
529900SSGT49ZZSWYE62,CON,2025-12-31,Volkswagen Financial Services AG,Germany,Germany,14,195704899881.35,0.4542,0.2530,0.0086,true
529900SXEWPJ1MRRX537,CON,2025-12-31,Raiffeisen-Holding Niederösterreich-Wien registrierte Genossenschaft mit beschränkter Haftung,Austria,Austria,60,21180.56,0.8393,0.7093,0.0000,true
529900UIRB65OY6U4B21,IND,2025-12-31,Lombard Bank Malta plc,Malta,Malta,24,1080405285.97,0.9814,0.9633,0.0000,true
529900UKZBMDBDZIXD62,CON,2025-12-31,Addiko Bank AG,Austria,Croatia,23,4296.63,0.0006,0.2324,0.0000,true
529900VVDOKMRRAHZ894,IND,2025-12-31,Bank GPB International S.A.,Luxembourg,United Kingdom,10,215.30,0.1245,0.1397,0.0000,true
529900W3MOO00A18X956,CON,2025-12-31,OTP-csoport,Hungary,Hungary,22,70097407440.59,0.4172,0.2528,0.0000,true
529900XSTAE561178282,CON,2025-06-30,Raiffeisenbankengruppe OÖ Verbund eGen,Austria,Austria,78,33540699359.11,0.6158,0.4231,0.0000,true
529900XSTAE561178282,CON,2025-12-31,Raiffeisenbankengruppe OÖ Verbund eGen,Austria,Austria,79,34960720918.57,0.6225,0.4296,0.0000,true
5493000LKS7B3UTF7H35,CON,2025-06-30,Bank Polska Kasa Opieki S.A.,Poland,Poland,123,51466445108.35,0.9629,0.9273,0.0000,true
5493000LKS7B3UTF7H35,CON,2025-12-31,Bank Polska Kasa Opieki S.A.,Poland,Poland,123,54123735904.39,0.9665,0.9342,0.0000,true
5493000LM0MZ4JPMGM90,CON,2025-12-31,"Santander Consumer Finance, S.A.",Spain,Germany,123,114434594450.72,0.1229,0.1834,0.0000,true
5493000UPYR7EEHN2R94,CON,2025-12-31,"Gorenjska banka d.d., Kranj",Slovenia,Andorra,62,2609230.64,0.0000,0.7885,0.0000,true
5493001U1K6M7JOL5W45,CON,2025-12-31,Raiffeisen Bank csoport,Hungary,Austria,33,342933636.03,0.0000,0.4230,0.0000,true
5493002DPKDEC2JN1Y86,CON,2025-12-31,Sparekassen Sjælland-Fyn A/S,Denmark,Denmark,14,4077533756.04,0.9981,0.9961,0.0000,true
5493003BDYD5VPGUQS04,CON,2025-12-31,UniCredit Bank S.A.,Romania,Romania,55,12728198819.85,0.9831,0.9665,0.0000,true
5493004WUGGU2BQI7F14,CON,2025-12-31,Landshypotek AB - gruppen,Sweden,Sweden,1,11591709178.64,1.0000,1.0000,0.0000,true
54930056IRBXK0Q1FP96,CON,2025-06-30,"Abanca Corporacion Bancaria, S.A.",Spain,Spain,3,46923999780.00,0.7929,0.6629,0.0000,true
54930060Q00W1SRIUI57,IND,2025-12-31,vdk bank,Belgium,Belgium,32,4655256775.05,0.8461,0.7226,0.0000,true
5493006QMFDDMYWIAM13,CON,2025-12-31,"Banco Santander, S.A.",Spain,United Kingdom,133,1102308000000.00,0.2008,0.1316,0.0015,true
5493007BWYDPQZLZ0Y27,CON,2025-12-31,HYPO NOE Landesbank für Niederösterreich und Wien AG,Austria,Austria,30,6728932000.00,0.7588,0.5836,0.0000,true
5493007S4JE930SIUE86,CON,2025-06-30,ING Holding Deutschland GmbH,Germany,Germany,110,148588465501.35,0.8830,0.7807,0.0000,true
5493007S4JE930SIUE86,CON,2025-12-31,ING Holding Deutschland GmbH,Germany,Germany,112,154392030792.62,0.8666,0.7522,0.0000,true
5493007SWCCN9S3J2748,CON,2025-12-31,Bigbank AS,Estonia,Estonia,25,1850826298.09,0.4077,0.3277,0.0000,true
5493008QOCP58OLEN998,CON,2025-06-30,Investeringsmaatschappij Argenta - Société d'investissements Argenta - Investierungsgesellschaft Arg,Belgium,Netherlands,87,50875081554.37,0.4452,0.4534,0.0000,true
5493008QRHH0XCLJ4238,CON,2025-06-30,BRD-Groupe Société Générale SA,Romania,Romania,1,11143490126.22,1.0000,1.0000,0.0000,true
5493008QRHH0XCLJ4238,CON,2025-12-31,BRD-Groupe Société Générale SA,Romania,Romania,136,11624378651.67,0.9858,0.9718,0.0000,true
5493009EIBTCB1X12G89,CON,2025-12-31,LGT Group Foundation,Liechtenstein,Switzerland,124,17131862547.18,0.1556,0.0921,0.0631,true
5493009ML6YX83YHC820,CON,2025-06-30,Argenta Bank- en Verzekeringsgroep NV,Belgium,Netherlands,87,50875081554.37,0.4452,0.4534,0.0000,true
5493009ML6YX83YHC820,CON,2025-12-31,Argenta Bank- en Verzekeringsgroep NV,Belgium,Netherlands,100,51788641109.25,0.4382,0.4535,0.0000,true
549300A2F46GR0UOM390,CON,2025-06-30,Erste&Steiermärkische Bank d.d.,Croatia,Croatia,106,10966523466.41,0.9246,0.8595,0.0000,true
549300A2F46GR0UOM390,CON,2025-12-31,Erste&Steiermärkische Bank d.d.,Croatia,Croatia,109,11571851916.77,0.9211,0.8531,0.0000,true
549300C6TUMDXNOVXS82,CON,2025-06-30,Länsförsäkringar Bank AB - gruppen,Sweden,Sweden,4,42829617330.00,0.9904,0.9810,0.0000,true
549300C6TUMDXNOVXS82,CON,2025-12-31,Länsförsäkringar Bank AB - gruppen,Sweden,Sweden,4,44874625076.03,0.9879,0.9759,0.0000,true
549300DVPJYGNF2P7B03,CON,2025-06-30,Steiermärkische Bank und Sparkassen Aktiengesellschaft,Austria,Austria,82,18723751593.34,0.7755,0.6147,0.0000,true
549300DVPJYGNF2P7B03,CON,2025-12-31,Steiermärkische Bank und Sparkassen Aktiengesellschaft,Austria,Austria,86,19033511342.86,0.7718,0.6093,0.0000,true
549300DYPOFMXOR7XM56,CON,2025-06-30,Crelan,Belgium,Belgium,101,52917904470.96,0.9870,0.9741,0.0000,true
549300DYPOFMXOR7XM56,CON,2025-12-31,Crelan,Belgium,Belgium,104,54285400950.66,0.9850,0.9702,0.0000,true
549300EHNXQVOI120S55,CON,2025-06-30,Coop Pank AS,Estonia,Estonia,20,2045669407.45,0.9815,0.9634,0.0000,true
549300EHNXQVOI120S55,CON,2025-12-31,Coop Pank AS,Estonia,Estonia,21,2166438266.34,0.9813,0.9631,0.0000,true
549300FH0WJAPEHTIQ77,IND,2025-12-31,BofA Securities Europe SA,France,Luxembourg,51,17474531873.14,0.1551,0.1167,0.0001,true
549300GKFG0RYRRQ1414,CON,2025-06-30,DNB BANK ASA,Norway,Norway,28,207910104847.51,0.7999,0.6594,0.0094,true
549300GKFG0RYRRQ1414,CON,2025-12-31,DNB BANK ASA,Norway,Norway,29,209875508603.31,0.8027,0.6519,0.0000,true
549300HFEHJOXGE4ZE63,CON,2025-06-30,SFIL S.A.,France,France,12,3227465826.39,0.4729,0.2849,0.0090,true
549300HFEHJOXGE4ZE63,CON,2025-12-31,SFIL S.A.,France,France,11,3133964150.77,0.5204,0.3310,0.0090,true
549300HUKIA1IZQHFZ83,IND,2025-12-31,Erste Bank der oesterreichischen Sparkassen AG,Austria,Austria,91,36578.88,0.9641,0.9300,0.0000,true
549300IQZVZ949N37S44,CON,2025-06-30,Euroclear Holding,Belgium,Belgium,65,1938129298.00,0.3545,0.1895,0.0000,true
549300IQZVZ949N37S44,CON,2025-12-31,Euroclear Holding,Belgium,Belgium,68,1952726359.00,0.3976,0.2251,0.0000,true
549300IRGNL8Q3O8Y413,IND,2025-12-31,Eurobank Bulgaria,Bulgaria,Bulgaria,17,10174602590.10,0.9362,0.8781,0.0000,true
549300J0GSZ83GTKBZ89,CON,2025-12-31,OTP banka d.d.,Slovenia,Slovenia,69,9504389000.00,0.8295,0.6913,0.0000,true
549300JB1P61FUTPEZ75,CON,2025-06-30,"Všeobecná úverová banka, a.s.",Slovakia,Slovakia,52,21414586082.00,0.8157,0.6717,0.0000,true
549300JB1P61FUTPEZ75,CON,2025-12-31,"Všeobecná úverová banka, a.s.",Slovakia,Slovakia,54,21852767087.00,0.8130,0.6678,0.0000,true
549300JSC82O1L4XV837,CON,2025-12-31,Nordnet - Grupp,Sweden,Denmark,4,4364672065.99,0.3298,0.3335,0.0000,true
549300L7YCATGO57ZE10,CON,2025-06-30,FINECOBANK BANCA FINECO S.P.A. (IN BREVE FINECOBANK S.P.A. OVVERO BANCA FINECO S.P.A. OVVERO FINECO BANCA S.P.A.),Italy,Italy,138,6126609318.00,0.8307,0.6949,0.0000,true
549300L7YCATGO57ZE10,CON,2025-12-31,FINECOBANK BANCA FINECO S.P.A. (IN BREVE FINECOBANK S.P.A. OVVERO BANCA FINECO S.P.A. OVVERO FINECO BANCA S.P.A.),Italy,Italy,142,5714250493.00,0.8617,0.7457,0.0000,true
549300LYFYVPUCG6SY25,CON,2025-12-31,"Banco Cooperativo Español, S.A.",Spain,Spain,14,1612210971.00,0.6124,0.4138,0.0000,true
549300M2IHOB9P5WE714,IND,2025-12-31,Swissquote Bank Europe S.A,Luxembourg,France,9,217965775.67,0.3756,0.3435,0.0000,true
549300M6HRHPF3NQBP83,IND,2025-12-31,SPAREBANK 1 BOLIGKREDITT AS,Norway,Norway,3,29091357853.80,0.9883,0.9768,0.0000,true
549300MM2G2LFEPR2M50,IND,2025-12-31,Skandiabanken Aktiebolag (publ),Sweden,Sweden,3,11662107095.42,0.9906,0.9814,0.0000,true
549300ND1MQ8SNNYMJ22,CON,2025-12-31,AS SEB Pank,Estonia,Estonia,3,8129510552.00,0.9334,0.9011,0.0160,true
549300NYKK9MWM7GGW15,CON,2025-06-30,ING Groep N.V.,Netherlands,Netherlands,207,979062940044.84,0.2244,0.1069,0.0000,true
549300NYKK9MWM7GGW15,CON,2025-12-31,ING Groep N.V.,Netherlands,Netherlands,203,1010222467431.53,0.2288,0.1081,0.0000,true
549300O2UN9JLME31F08,IND,2025-12-31,UniCredit Banka Slovenija d.d.,Slovenia,Slovenia,32,2271456.00,0.9802,0.9611,0.0000,true
549300O3HXYXXUHR0897,CON,2025-12-31,Klarna - Grupp,Sweden,Germany,7,10886339570.84,0.1485,0.2658,0.0455,true
549300OL514RA0SXJJ44,IND,2025-12-31,Clearstream Banking S.A.,Luxembourg,United Kingdom,21,194848783.39,0.2579,0.2749,0.0000,true
549300OLBL49CW8CT155,CON,2025-06-30,"Ibercaja Banco, S.A.",Spain,Spain,1,31319493000.00,1.0000,1.0000,0.0000,true
549300OLBL49CW8CT155,CON,2025-12-31,"Ibercaja Banco, S.A.",Spain,Spain,1,32087397000.00,1.0000,1.0000,0.0000,true
549300PZMFIQR79Q0T97,CON,2025-12-31,Íslandsbanki hf.,Iceland,Iceland,6,10928932770.00,0.9574,0.9543,0.0199,true
549300Q3OIWRHQUQM052,CON,2025-12-31,SpareBank 1 Sør-Norge,Norway,Norway,26,49768399221.68,0.9765,0.9536,0.0000,true
549300RFKNCOX56F8591,CON,2025-06-30,RAIFFEISEN BANK S.A.,Romania,Austria,7,157031.59,0.0000,0.4131,0.2287,true
549300RFKNCOX56F8591,CON,2025-12-31,RAIFFEISEN BANK S.A.,Romania,Germany,7,295404.21,0.0000,0.2740,0.6022,false
549300RG3H390KEL8896,CON,2025-12-31,Banca Transilvania,Romania,Romania,84,16331563677.06,0.8965,0.8061,0.0000,true
549300S2T3FWVVXWJI89,CON,2025-06-30,"Slovenská sporiteľňa, a.s.",Slovakia,Slovakia,75,21843906.00,0.9754,0.9516,0.0000,true
549300S2T3FWVVXWJI89,CON,2025-12-31,"Slovenská sporiteľňa, a.s.",Slovakia,Slovakia,81,22720953.00,0.9745,0.9498,0.0000,true
549300SBPFE9JX7N8J82,IND,2025-12-31,AB SEB bankas,Lithuania,Lithuania,10,9340370794.72,0.9582,0.9456,0.0144,true
549300SXM92LQ05OJQ76,CON,2025-12-31,Sparebank 1 Nord-Norge SPA,Norway,Norway,18,18128388460.63,0.9924,0.9849,0.0000,true
549300TEJKOLFN65KR76,IND,2025-12-31,BNF Bank plc,Malta,Malta,19,514563535.29,0.9449,0.8934,0.0000,true
549300TJREQ7GHIXWR36,IND,2025-06-30,Swedbank Hypotek AB,Sweden,Sweden,10,100152113830.79,0.9993,0.9987,0.0001,true
549300TJREQ7GHIXWR36,IND,2025-12-31,Swedbank Hypotek AB,Sweden,Sweden,10,103465470350.00,0.9993,0.9987,0.0001,true
549300TK038P6EV4YU51,CON,2025-12-31,AB Artea bankas,Lithuania,Lithuania,9,2731578750.00,0.9948,0.9904,0.0004,true
549300TL5406IC1XKD09,CON,2025-12-31,Saxo Bank A/S,Denmark,Denmark,71,27438.96,0.4846,0.2589,0.0001,true
549300TLZPT6JELDWM92,CON,2025-12-31,Landsbankinn hf.,Iceland,Iceland,17,13725.35,0.9766,0.9799,0.0134,true
549300TRUWO2CD2G5692,CON,2025-06-30,"UNICREDIT, SOCIETA' PER AZIONI",Italy,Italy,102,532060996806.00,0.3337,0.1860,0.0003,true
549300TRUWO2CD2G5692,CON,2025-12-31,"UNICREDIT, SOCIETA' PER AZIONI",Italy,Italy,106,538763722845.00,0.3312,0.1824,0.0060,true
549300TTZTKBUFKWH890,CON,2025-12-31,The Cyprus Development Bank Public Company Ltd,Cyprus,Cyprus,6,211699.45,0.9046,0.8415,0.0128,true
549300U4LIZV0REEQQ46,CON,2025-06-30,"Kutxabank, S.A.",Spain,Spain,1,51944149150.00,1.0000,1.0000,0.0000,true
549300U4LIZV0REEQQ46,CON,2025-12-31,"Kutxabank, S.A.",Spain,Spain,1,52707808000.00,1.0000,1.0000,0.0000,true
549300UARE5MHTBUPJ19,CON,2025-12-31,Promontoria 19 Coöperatie U.A.,Netherlands,France,179,10869694386.30,0.0010,0.6713,0.0002,true
549300UOX05QGUJJ5707,IND,2025-12-31,Stadshypotek AB,Sweden,Sweden,76,144202393781.51,0.9088,0.8326,0.0000,true
549300URJH9VSI58CS32,CON,2025-12-31,"Banco Santander Totta, SA",Portugal,Portugal,16,35256125125.43,0.9416,0.8871,0.0000,true
549300UY81ESCZJ0GR95,CON,2025-06-30,First Investment Bank,Bulgaria,Bulgaria,17,5900985.90,0.9128,0.8377,0.0000,true
549300UY81ESCZJ0GR95,CON,2025-12-31,First Investment Bank,Bulgaria,Switzerland,17,6247252069.70,0.0001,0.8397,0.0000,true
549300V1VN70Q7PQ7234,CON,2025-06-30,CRÉDIT AGRICOLE AUTO BANK S.P.A.,Italy,Italy,28,41119217244.00,0.5511,0.1789,0.0000,true
549300V1VN70Q7PQ7234,CON,2025-12-31,CRÉDIT AGRICOLE AUTO BANK S.P.A.,Italy,Italy,26,28446818963.00,0.3450,0.1750,0.0000,true
549300VRM6G42M8OWN49,CON,2025-12-31,Sparebank 1 Østlandet,Norway,Norway,1,28742587866.65,1.0000,1.0000,0.0000,true
549300X34UUBDEUL1Z91,CON,2025-06-30,HSBC Bank Malta p.l.c.,Malta,Malta,18,2874261563.00,0.9622,0.9409,0.0078,true
549300X34UUBDEUL1Z91,CON,2025-12-31,HSBC Bank Malta p.l.c.,Malta,Malta,20,2841877895.00,0.9612,0.9382,0.0074,true
549300XGJX6FOWLOI640,IND,2025-12-31,FIDEURAM - INTESA SANPAOLO PRIVATE BANKING S.P.A.,Italy,Italy,98,9100265567.00,0.7230,0.5314,0.0000,true
549300XWJHRKLHU2PS28,CON,2025-12-31,ERSTE csoport,Hungary,Hungary,8,7708290200.00,0.9749,0.9508,0.0000,true
549300YW95G1VBBGGV07,CON,2025-12-31,"AS ""SEB banka""",Latvia,Latvia,46,4006901549.00,0.9412,0.8871,0.0000,true
549300Z7V2WOFIMUEK50,CON,2025-12-31,UniCredit Bulbank AD,Bulgaria,Bulgaria,44,16560166934.10,0.6792,0.5557,0.0000,true
549300ZEF3QWM810M319,IND,2025-12-31,Ziklo Bank AB,Sweden,Sweden,1,5533358802.45,1.0000,1.0000,0.0000,true
549300ZHFZ4CSK7VS460,CON,2025-12-31,Privredna Banka Zagreb d.d.,Croatia,Croatia,128,15792032895.44,0.7276,0.5609,0.0000,true
549300ZK53CNGEEI6A29,IND,2025-12-31,J.P. Morgan SE,Germany,France,109,74705409378.18,0.0751,0.0754,0.0000,true
5967007LIEEXZX51WW28,CON,2025-12-31,SPAREBANKEN ØST,Norway,Norway,1,3692373785.29,1.0000,1.0000,0.0000,true
5967007LIEEXZX5PU005,CON,2025-12-31,Sparebanken Møre SPA,Norway,Norway,17,9753326640.00,0.9965,0.9931,0.0000,true
5967007LIEEXZX8UHK11,CON,2025-12-31,SPAREBANK 1 SOGN OG FJORDANE,Norway,Norway,29,7654063728.65,0.9958,0.9917,0.0000,true
5UMCZOEYKCVFAW8ZLO05,CON,2025-06-30,"National Bank of Greece, S.A.",Greece,Greece,4,91863000000.00,0.9556,0.9139,0.0000,true
5UMCZOEYKCVFAW8ZLO05,CON,2025-12-31,"National Bank of Greece, S.A.",Greece,Greece,4,96535000000.00,0.9521,0.9073,0.0000,true
635400AKJBGNS5WNQL34,CON,2025-06-30,AIB Group plc,Ireland,Ireland,98,82321649758.74,0.7653,0.6051,0.0000,true
635400AKJBGNS5WNQL34,CON,2025-12-31,AIB Group plc,Ireland,Ireland,93,85046261007.78,0.7582,0.5941,0.0000,true
635400C8EK6DRI12LJ39,CON,2025-06-30,Bank of Ireland Group plc,Ireland,Ireland,105,94133337063.33,0.6863,0.5436,0.0000,true
635400C8EK6DRI12LJ39,CON,2025-12-31,Bank of Ireland Group plc,Ireland,Ireland,104,92749649819.99,0.7013,0.5556,0.0000,true
635400F6HLXKXNJJX605,IND,2025-12-31,EXIM BANCA ROMANEASCA S.A.,Romania,Romania,31,2213077.15,0.9940,0.9881,0.0000,true
635400JLGKETPVVGPW53,CON,2025-12-31,De Lage Landen International B.V.,Netherlands,United States,26,49297399200.00,0.1372,0.1454,0.0010,true
635400L14KNHZXPUZM19,CON,2025-06-30,Bank of Cyprus Holdings Public Limited Company,Ireland,Cyprus,42,12642063007.00,0.0001,0.7059,0.0005,true
635400L14KNHZXPUZM19,CON,2025-12-31,Bank of Cyprus Holdings Public Limited Company,Ireland,Cyprus,45,12888561883.00,0.0000,0.6709,0.0004,true
6TJCK1B7E7UTXP528Y04,IND,2025-12-31,Citigroup Global Markets Europe AG,Germany,United Kingdom,53,6855856078.13,0.0814,0.1465,0.0000,true
724500973ODKK3IFQ447,CON,2025-12-31,Adyen N.V.,Netherlands,Netherlands,65,1437113030.64,0.4624,0.2962,0.0000,true
724500A1FNICHSDF2I11,CON,2025-06-30,ASN Bank N.V.,Netherlands,Netherlands,14,48867922063.00,0.9572,0.9167,0.0001,true
724500A1FNICHSDF2I11,CON,2025-12-31,ASN Bank N.V.,Netherlands,Netherlands,14,50715475367.44,0.9544,0.9114,0.0001,true
724500JIWG886A9RRT57,CON,2025-06-30,RBS Holdings N.V.,Netherlands,France,15,7278386752.95,0.1679,0.1628,0.0294,true
724500PMK2A2M1SQQ228,CON,2025-12-31,Triodos Bank N.V.,Netherlands,Netherlands,20,12383303000.00,0.5394,0.3437,0.0000,true
724500SF1CI8OD5AHI07,CON,2025-12-31,HCBG Holding B.V.,Netherlands,Netherlands,34,1353160853.56,0.1742,0.0887,0.0000,true
724500ZNT2I60RYZQI38,IND,2025-12-31,Anadolubank Nederland N.V.,Netherlands,Türkiye,25,690816115.00,0.1589,0.1535,0.0000,true
7437003B5WFBOIEFY714,CON,2025-06-30,OP Osuuskunta,Finland,Finland,17,115717000000.00,0.8842,0.8069,0.0149,true
7437003B5WFBOIEFY714,CON,2025-12-31,OP Osuuskunta,Finland,Finland,26,116833000000.00,0.8768,0.7912,0.0133,true
7437005892K69S3MW344,CON,2025-12-31,Säästöpankkiliitto osk,Finland,Sweden,17,10459897545.20,0.0000,0.1527,0.9857,false
7437006WYM821IJ3MN73,CON,2025-12-31,Ålandsbanken Abp,Finland,Finland,18,4406089026.20,0.6631,0.4991,0.0049,true
743700FTBNXAUN57RH30,CON,2025-12-31,S-Pankki Oyj,Finland,Finland,18,12641400000.00,0.9662,0.9347,0.0006,true
743700GC62JLHFBUND16,CON,2025-12-31,Aktia Bank Abp,Finland,Finland,28,8976578093.58,0.9191,0.8641,0.0108,true
743700PW2HDTPU3YRJ31,CON,2025-12-31,POP Pankkikeskus osk,Finland,Sweden,18,5116653084.22,0.0000,0.1989,0.9807,false
747DLM6L5TO7LXZY5T60,IND,2025-10-31,Scotiabank (Ireland) Designated Activity Company,Ireland,Germany,19,5222436062.31,0.0205,0.1164,0.0000,true
7CUNS533WID6K7DGFI87,CON,2025-06-30,"CaixaBank, S.A.",Spain,Spain,199,407149034028.00,0.7876,0.6283,0.0000,true
7CUNS533WID6K7DGFI87,CON,2025-12-31,"CaixaBank, S.A.",Spain,Spain,197,421510728810.00,0.7813,0.6186,0.0000,true
7LTWFZYICNSX8D621K86,CON,2025-06-30,DEUTSCHE BANK AKTIENGESELLSCHAFT,Germany,Germany,62,718768100838.87,0.3616,0.2192,0.0442,true
7LTWFZYICNSX8D621K86,CON,2025-12-31,DEUTSCHE BANK AKTIENGESELLSCHAFT,Germany,Germany,61,742653113143.26,0.3502,0.2135,0.0466,true
7LVZJ6XRIE7VNZ4UBX81,CON,2025-06-30,BANCA MEDIOLANUM S.P.A.,Italy,Italy,17,24748551078.00,0.9027,0.8214,0.0005,true
7LVZJ6XRIE7VNZ4UBX81,CON,2025-12-31,BANCA MEDIOLANUM S.P.A.,Italy,Italy,19,24245920456.00,0.8941,0.8071,0.0005,true
7V6Z97IO7R1SEAO84Q32,CON,2025-12-31,SpareBank 1 SMN,Norway,Norway,24,29965180023.12,0.9933,0.9867,0.0000,true
8156003D79D064FB5360,IND,2025-12-31,CASSA LOMBARDA - S.P.A.,Italy,Italy,20,401288929.00,0.9070,0.8276,0.0023,true
8156005420362AE59184,CON,2025-12-31,BANCA IFIS S.P.A. (OVVERO IFIS BANCA S.P.A. O IN FORMA ABBREVIATA IFIS S.P.A.),Italy,Italy,94,21612627711.00,0.9447,0.8950,0.0013,true
81560062CEAE87A85C80,CON,2025-12-31,AREPO BP S.P.A.,Italy,Italy,21,494955705.00,0.7741,0.6201,0.0000,true
81560064085A02B2B297,CON,2025-12-31,MEDIOCREDITO CENTRALE - BANCA DEL MEZZOGIORNO SPA,Italy,Italy,35,11123138488.00,0.9972,0.9944,0.0000,true
8156007D348794DB1690,CON,2025-06-30,CRÉDIT AGRICOLE ITALIA S.P.A.,Italy,Italy,1,69868134939.00,1.0000,1.0000,0.0000,true
8156007D348794DB1690,CON,2025-12-31,CRÉDIT AGRICOLE ITALIA S.P.A.,Italy,Italy,1,70208284436.00,1.0000,1.0000,0.0000,true
815600903231FA2E7698,CON,2025-12-31,BANCA GENERALI - SOCIETA' PER AZIONI (IN FORMA ABBREVIATA GENERBANCA),Italy,Italy,28,3399254028.00,0.7111,0.5986,0.0668,true
815600AD83B2B6317788,CON,2025-06-30,CREDITO EMILIANO HOLDING SOCIETA' PER AZIONI,Italy,Italy,31,44083627738.00,0.9699,0.9421,0.0007,true
815600AD83B2B6317788,CON,2025-12-31,CREDITO EMILIANO HOLDING SOCIETA' PER AZIONI,Italy,Italy,27,45918365048.00,0.9727,0.9507,0.0023,true
815600B5C61A10BBB451,CON,2025-12-31,BANCA SISTEMA S.P.A.,Italy,Italy,20,2153376511.00,0.8692,0.7623,0.0000,true
815600E4E6DCD2D25E30,CON,2025-06-30,BANCO BPM SOCIETA' PER AZIONI,Italy,France,28,119751158112.00,0.0000,0.1631,0.9736,false
815600E4E6DCD2D25E30,CON,2025-12-31,BANCO BPM SOCIETA' PER AZIONI,Italy,Luxembourg,35,118306365696.00,0.0000,0.1483,0.9628,false
851WYGNLUQLFZBSYGB56,CON,2025-06-30,COMMERZBANK Aktiengesellschaft,Germany,Germany,41,314323000000.00,0.7279,0.5454,0.0000,true
851WYGNLUQLFZBSYGB56,CON,2025-12-31,COMMERZBANK Aktiengesellschaft,Germany,Germany,43,322554301104.00,0.7186,0.5319,0.0000,true
894500N55FUZ70ZQ1784,CON,2025-12-31,Green Opera Finance Invest AB,Sweden,Angola,1,674.00,0.0000,1.0000,0.0000,true
8IBZUGJ7JPLH368JE346,IND,2025-12-31,Goldman Sachs Bank Europe SE,Germany,Germany,24,400160540030.91,0.6678,0.6090,0.1219,true
95980020140005220135,IND,2025-12-31,"Caja Rural de Granada, Sociedad Cooperativa de Crédito",Spain,Spain,19,5285049606.00,0.9625,0.9267,0.0000,true
95980020140005439549,IND,2025-12-31,"Caja Rural de Navarra, S. Coop. de Crédito",Spain,Spain,21,11169368707.00,0.9484,0.9001,0.0000,true
95980020140005484654,CON,2025-12-31,"Caja Rural de Albacete, Ciudad Real y Cuenca, Sociedad Cooperativa de Crédito",Spain,Spain,12,5499005867.00,0.9740,0.9489,0.0000,true
95980020140005552166,CON,2025-12-31,"Eurocaja Rural, Sociedad Cooperativa de Crédito",Spain,Spain,41,7299367069.00,0.9329,0.8714,0.0000,true
95980020140005658381,IND,2025-06-30,"Aresbank, S.A.",Spain,Belgium,3,73834000.00,0.0000,0.4559,0.0000,true
95980020140005881190,CON,2025-06-30,Banco de Crédito Social Cooperativo,Spain,Germany,24,2114794138.00,0.0000,0.1798,0.0000,true
95980020140005881190,CON,2025-12-31,Banco de Crédito Social Cooperativo,Spain,Spain,28,39738621524.00,0.9483,0.8998,0.0000,true
959800R86KE31EAVRC30,CON,2025-12-31,LIBERTY PARTNERS S.L.U.,Spain,Luxembourg,18,431254000.00,0.0998,0.1573,0.0423,true
96950001WI712W7PQG45,CON,2025-06-30,RCI Banque,France,France,28,272838657919.20,0.8338,0.6993,0.0000,true
96950001WI712W7PQG45,CON,2025-12-31,RCI Banque,France,France,27,69061736271.40,0.3323,0.1762,0.0000,true
9695000CG7B84NLR5984,CON,2025-12-31,Confédération Nationale du Crédit Mutuel,France,France,30,736960368559.71,0.8849,0.7861,0.0000,true
96950041VJ1QP0B69503,CON,2025-06-30,Crédit mutuel Arkéa,France,France,26,103603345262.29,0.9495,0.9352,0.0179,true
96950041VJ1QP0B69503,CON,2025-12-31,Crédit mutuel Arkéa,France,France,29,104028427998.54,0.9498,0.9333,0.0167,true
969500EVOBAGHKZEXA33,CON,2025-12-31,Banque populaire Alsace Lorraine Champagne,France,France,29,27498962706.90,0.9532,0.9275,0.0098,true
969500EYG6U339D3TI84,CON,2025-06-30,Crédit Foncier de France,France,France,18,18980958246.00,0.9307,0.9378,0.0387,true
969500EYG6U339D3TI84,CON,2025-12-31,Crédit Foncier de France,France,France,22,17951120013.40,0.9317,0.9200,0.0283,true
969500GVS02SJYG9S632,CON,2025-12-31,Carrefour banque,France,France,1,1189257928.55,1.0000,1.0000,0.0000,true
969500JJWO4PQG0R1C58,CON,2025-12-31,CAISSE D'EPARGNE ET DE PREVOYANCE GRAND EST EUROPE,France,France,27,27009307865.31,0.9790,0.9742,0.0080,true
969500JM7VIGQIPZOL49,CON,2025-12-31,BANQUE POPULAIRE AUVERGNE RHONE ALPES,France,France,27,39319247000.00,0.9904,0.9896,0.0044,true
969500LFTDNMONT2EP08,CON,2025-06-30,Caisse fédérale de crédit mutuel,France,France,21,569848354890.10,0.8919,0.8002,0.0000,true
969500LFTDNMONT2EP08,CON,2025-12-31,Caisse fédérale de crédit mutuel,France,France,30,598467021835.51,0.8629,0.7491,0.0000,true
969500SJXM8MW32ZVG75,CON,2025-12-31,Caisse d'épargne et de prévoyance Bretagne-Pays de Loire,France,France,12,31205250008.19,0.9902,0.9870,0.0034,true
969500STN7T9MRUMJ267,CON,2025-12-31,Bpifrance,France,France,47,89742230139.21,0.9262,0.8656,0.0027,true
969500TU5ZMYBIWP0R51,CON,2025-12-31,Caisse d'Epargne CEPAC,France,France,25,36481162553.98,0.9885,0.9843,0.0036,true
969500VHT1ZNPVWOYF63,CON,2025-12-31,BNP Paribas Personal Finance,France,France,104,86733518063.00,0.2790,0.1827,0.0000,true
969500VR2NA6ANMTXH21,CON,2025-12-31,Caisse d'épargne et de prévoyance de Rhône Alpes,France,France,30,35745397779.27,0.9450,0.9823,0.0465,true
969500W34S6NCZWYBV47,CON,2025-12-31,Caisse d'épargne et de prévoyance Ile-de-France,France,France,30,79451110570.90,0.9308,0.9851,0.0622,true
969500W8SBCXNX1DG443,CON,2025-12-31,Banque populaire Rives de Paris,France,France,28,26418407559.44,0.9893,0.9835,0.0024,true
9845006BAF66DZ35C849,CON,2025-12-31,Lunar Group A/S,Denmark,Denmark,2,1067378586.41,0.9962,0.9924,0.0000,true
9845009BE414FBF82130,CON,2025-12-31,FESTA HOLDING,Bulgaria,Bulgaria,2,757905529.94,0.9965,0.9931,0.0000,true
984500E4D07499C10435,CON,2025-12-31,TBI FINANCIAL SERVICES B.V.,Netherlands,Romania,6,1665.99,0.0000,0.4177,0.0000,true
9CZ7TVMR36CYD5TZBS50,CON,2025-06-30,Banque Internationale à Luxembourg,Luxembourg,Luxembourg,103,19446977019.00,0.7513,0.5728,0.0000,true
9CZ7TVMR36CYD5TZBS50,CON,2025-12-31,Banque Internationale à Luxembourg,Luxembourg,Luxembourg,104,19759429486.00,0.7094,0.5164,0.0000,true
9KOGW2C2FCIOJQ7FF485,CON,2025-06-30,"Česká spořitelna, a.s.",Czechia,Czechia,40,49923794863.77,0.9674,0.9360,0.0000,true
9KOGW2C2FCIOJQ7FF485,CON,2025-12-31,"Česká spořitelna, a.s.",Czechia,Czechia,40,50363698645.48,0.9710,0.9429,0.0000,true
9ZHRYM6F437SQJ6OUG95,CON,2025-06-30,Raiffeisen Bank International AG,Austria,Austria,134,118926515075.00,0.2480,0.1260,0.0117,true
9ZHRYM6F437SQJ6OUG95,CON,2025-12-31,Raiffeisen Bank International AG,Austria,Austria,186,125526937596.76,0.2311,0.1201,0.0118,true
A5GWLFH3KM7YV2SFQL84,CON,2025-06-30,Belfius Bank,Belgium,Belgium,38,127347546769.00,0.8601,0.7475,0.0034,true
A5GWLFH3KM7YV2SFQL84,CON,2025-12-31,Belfius Bank,Belgium,Belgium,39,129099865953.00,0.8641,0.7536,0.0031,true
AT0000000000043000VB,CON,2025-12-31,VOLKSBANK WIEN AG VB,Austria,Austria,81,27469369000.00,0.8971,0.8073,0.0000,true
B64D6Y3LBJS4ANNPCU93,CON,2025-12-31,NIBC Bank N.V.,Netherlands,Netherlands,16,20155857146.68,0.8612,0.7525,0.0050,true
BB3BGO3LCED63R8R9R41,CON,2025-12-31,BANK POLSKIEJ SPOLDZIELCZOSCI S.A.,Poland,Poland,1,1490877099.55,1.0000,1.0000,0.0000,true
BFXS5XCH7N0Y05NIXW11,CON,2025-06-30,ABN AMRO Bank N.V.,Netherlands,Netherlands,27,283563160000.00,0.8386,0.7579,0.0348,true
BFXS5XCH7N0Y05NIXW11,CON,2025-12-31,ABN AMRO Bank N.V.,Netherlands,Netherlands,32,276588939000.00,0.8352,0.7319,0.0216,true
CXUHEGU3MADZ2CEV7C11,CON,2025-12-31,Eurobank Limited,Cyprus,Cyprus,7,11800623135.46,0.5899,0.5146,0.1647,true
D1HEB8VEU6D9M8ZUXG17,CON,2025-06-30,UniCredit Bank Austria AG,Austria,Austria,119,68492740896.00,0.8445,0.7152,0.0001,true
D1HEB8VEU6D9M8ZUXG17,CON,2025-12-31,UniCredit Bank Austria AG,Austria,Austria,115,69994093226.00,0.8182,0.7048,0.0240,true
DG3RU1DBUFHT4ZF9WN62,CON,2025-12-31,Coöperatieve Rabobank U.A.,Netherlands,Netherlands,141,540997247962.20,0.6402,0.4264,0.0002,true
DIZES5CFO5K3I5R58746,CON,2025-06-30,Landesbank Hessen-Thüringen Girozentrale,Germany,Germany,135,104714322150.26,0.5965,0.3770,0.0019,true
DIZES5CFO5K3I5R58746,CON,2025-12-31,Landesbank Hessen-Thüringen Girozentrale,Germany,Germany,129,106168426185.61,0.6036,0.3843,0.0015,true
DSNHHQ2B9X5N6OUJ1236,CON,2025-12-31,Norddeutsche Landesbank - Girozentrale -,Germany,Germany,71,82384017130.70,0.5863,0.3619,0.0007,true
DZZ47B9A52ZJ6LT6VV95,CON,2025-06-30,Deutsche Pfandbriefbank AG,Germany,Germany,27,29679.00,0.4349,0.2317,0.0000,true
DZZ47B9A52ZJ6LT6VV95,CON,2025-12-31,Deutsche Pfandbriefbank AG,Germany,Germany,28,54035000000.00,0.4705,0.2554,0.0000,true
EQYXK86SF381Q21S3020,IND,2025-12-31,Bank of America Europe Designated Activity Company,Ireland,United Kingdom,56,55707955104.49,0.0609,0.0994,0.0000,true
F0HUI1NY1AZMJMD8LP67,CON,2025-06-30,HSBC Continental Europe,France,France,113,83217721444.00,0.3683,0.1790,0.0000,true
F0HUI1NY1AZMJMD8LP67,CON,2025-12-31,HSBC Continental Europe,France,France,98,82195510386.00,0.3535,0.1666,0.0000,true
F3JS33DEI6XQ4ZBPTN86,CON,2025-06-30,Skandinaviska Enskilda Banken - gruppen,Sweden,Sweden,155,203671460752.89,0.5623,0.3328,0.0000,true
F3JS33DEI6XQ4ZBPTN86,CON,2025-12-31,Skandinaviska Enskilda Banken - gruppen,Sweden,Sweden,150,204622082236.21,0.5687,0.3397,0.0000,true
FR9695005MSX1OYEMGDF,CON,2025-06-30,Groupe BPCE,France,France,216,1136732915946.00,0.7427,0.5667,0.0000,true
FR9695005MSX1OYEMGDF,CON,2025-12-31,Groupe BPCE,France,France,30,1177723258496.26,0.7314,0.6633,0.0898,true
G8ZTNESVNKW4NN761W05,CON,2025-12-31,ABN AMRO Clearing Bank N.V.,Netherlands,United States,32,3446674116.14,0.1191,0.1616,0.0000,true
GDI8P8WHFH4PS5YTU851,CON,2025-12-31,"HAITONG BANK, S.A.",Portugal,Brazil,10,2320518403.00,0.3062,0.2708,0.0000,true
GTQYZJON3I7SXRNJTT73,IND,2025-12-31,BSK 1818 AG,Germany,Germany,157,37634574331.19,0.8233,0.6831,0.0000,true
H0YX5LBGKDVOWCXBZ594,CON,2025-06-30,SBAB Bank AB - Grupp,Sweden,Sweden,4,59898081493.65,0.9856,0.9715,0.0000,true
H0YX5LBGKDVOWCXBZ594,CON,2025-12-31,SBAB Bank AB - Grupp,Sweden,Sweden,4,59657869508.12,0.9849,0.9702,0.0000,true
I6SS27Q1Q3385V753S50,IND,2025-06-30,Raiffeisenlandesbank Oberösterreich Aktiengesellschaft,Austria,Austria,73,31785663986.00,0.6003,0.4141,0.0000,true
I6SS27Q1Q3385V753S50,IND,2025-12-31,Raiffeisenlandesbank Oberösterreich Aktiengesellschaft,Austria,Austria,76,33107432341.56,0.6075,0.4201,0.0000,true
I6USJ58BDV2BO5KP3C31,CON,2025-12-31,"MONETA Money Bank, a.s.",Czechia,Czechia,14,12517598615.74,0.9787,0.9580,0.0000,true
I7ETN0QQO2AHZZGHJ389,IND,2025-12-31,KOMMUNALBANKEN AS,Norway,Norway,7,475512932.32,0.7002,0.5166,0.0000,true
I7ETN0QQO2AHZZGHJ389,IND,2026-03-31,KOMMUNALBANKEN AS,Norway,Norway,7,1274669890.08,0.2975,0.5747,0.6013,false
J48C8PCSJVUBR8KCW529,CON,2025-06-30,BANCA POPOLARE DI SONDRIO SOCIETA' PER AZIONI,Italy,Italy,27,44109833310.00,0.8067,0.9390,0.1674,true
J4CP7MHCXR8DAQMKIL78,CON,2025-06-30,Banca Monte dei Paschi di Siena S.p.A.,Italy,Italy,29,87821347200.00,0.9658,0.9676,0.0182,true
J4CP7MHCXR8DAQMKIL78,CON,2025-12-31,Banca Monte dei Paschi di Siena S.p.A.,Italy,Italy,36,153128718108.00,0.8833,0.8424,0.0370,true
JLS56RAMYQZECFUF2G44,CON,2025-06-30,ING Belgie,Belgium,Belgium,174,118177486763.16,0.7735,0.6062,0.0000,true
JU1U6S0DG9YLT7N8ZV32,CON,2025-06-30,"Banco Comercial Português, SA",Portugal,Portugal,175,68063855145.50,0.6619,0.5117,0.0000,true
JU1U6S0DG9YLT7N8ZV32,CON,2025-12-31,"Banco Comercial Português, SA",Portugal,Portugal,177,72284689715.64,0.6686,0.5182,0.0000,true
K8MS7FD7N5Z2WQ51AZ71,CON,2025-06-30,"Banco Bilbao Vizcaya Argentaria, S.A.",Spain,Spain,59,486130000000.00,0.3884,0.2113,0.0000,true
K8MS7FD7N5Z2WQ51AZ71,CON,2025-12-31,"Banco Bilbao Vizcaya Argentaria, S.A.",Spain,Denmark,59,517335000000.00,0.0372,0.1974,0.0000,true
KFUXYFTU2LHQFQZDQG45,CON,2025-06-30,Kereskedelmi és Hitelbank csoport,Hungary,Slovakia,28,43946519.49,0.0000,0.3223,0.0000,true
KFUXYFTU2LHQFQZDQG45,CON,2025-12-31,Kereskedelmi és Hitelbank csoport,Hungary,Hungary,30,9225698986.21,0.9962,0.9923,0.0000,true
KGCEPHLVVKVRZYO1T647,CON,2025-06-30,BNP Paribas Fortis,Belgium,Belgium,30,265647158736.00,0.6054,0.3895,0.0000,true
KGCEPHLVVKVRZYO1T647,CON,2025-12-31,BNP Paribas Fortis,Belgium,Belgium,30,268233740415.00,0.6009,0.3845,0.0000,true
KR6LSKV3BTSJRD41IF75,CON,2025-06-30,"UniCredit Bank Czech Republic and Slovakia, a.s.",Czechia,Czechia,100,29919010699.34,0.6530,0.5476,0.0484,true
KR6LSKV3BTSJRD41IF75,CON,2025-12-31,"UniCredit Bank Czech Republic and Slovakia, a.s.",Czechia,Czechia,99,30093649153.72,0.6600,0.5540,0.0475,true
KX1WK48MPD4Y2NCUIZ63,CON,2025-06-30,Natixis,France,Luxembourg,108,299893229670.27,0.2073,0.2393,0.0000,true
KX1WK48MPD4Y2NCUIZ63,CON,2025-12-31,Natixis,France,Luxembourg,108,331673119625.80,0.2199,0.2391,0.0000,true
M312WZV08Y7LYUC71685,CON,2025-06-30,Swedbank - Grupp,Sweden,Sweden,10,183729847820.00,0.7900,0.6409,0.0060,true
M312WZV08Y7LYUC71685,CON,2025-12-31,Swedbank - Grupp,Sweden,Sweden,10,198471636890.00,0.7830,0.6310,0.0069,true
M6AD1Y1KW32H8THQ6F76,CON,2025-06-30,Piraeus Financial Holdings,Greece,Greece,25,66182965383.00,0.9310,0.8787,0.0064,true
MAES062Z21O4RZ2U7M96,CON,2025-06-30,Danske Bank A/S,Denmark,Denmark,17,309709597223.09,0.5634,0.3765,0.0132,true
MAES062Z21O4RZ2U7M96,CON,2025-12-31,Danske Bank A/S,Denmark,Denmark,17,313313605320.57,0.5656,0.3760,0.0116,true
MKP1B7E76TN04CD85Z79,CON,2025-12-31,BANK OCHRONY ŚRODOWISKA SA,Poland,Poland,1,2950057032.47,1.0000,1.0000,0.0000,true
MMYX0N4ZEZ13Z4XCG897,IND,2025-12-31,THE BANK OF NEW YORK MELLON,Belgium,Netherlands,62,5839645475.65,0.1463,0.0919,0.0000,true
N1FBEDJ5J41VKZLO2475,CON,2025-06-30,Citibank Europe plc,Ireland,Poland,158,52853768050.17,0.0307,0.0691,0.0000,true
N4JDFKKH2FTD8RKFXO39,CON,2025-06-30,Crédit industriel et commercial - CIC,France,France,21,283208354626.89,0.9227,0.8523,0.0000,true
N4JDFKKH2FTD8RKFXO39,CON,2025-12-31,Crédit industriel et commercial - CIC,France,France,30,293370589773.32,0.9052,0.8204,0.0000,true
N747OI7JINV7RUUH6190,CON,2025-06-30,BPER Banca S.p.A.,Italy,Italy,168,107879408943.00,0.9371,0.8796,0.0006,true
N747OI7JINV7RUUH6190,CON,2025-12-31,BPER Banca S.p.A.,Italy,Italy,38,151677591716.00,0.8989,0.9180,0.0617,true
NHBDILHZTYCNBV5UYZ31,CON,2025-06-30,Svenska Handelsbanken - gruppen,Sweden,Sweden,123,217449519949.53,0.6918,0.5107,0.0000,true
NHBDILHZTYCNBV5UYZ31,CON,2025-12-31,Svenska Handelsbanken - gruppen,Sweden,Sweden,126,219640091407.06,0.7014,0.5222,0.0000,true
NICH5Q04ADUV9SN3Q390,CON,2025-06-30,BRED - Banque populaire,France,France,173,54768607738.00,0.7754,0.6046,0.0000,true
NICH5Q04ADUV9SN3Q390,CON,2025-12-31,BRED - Banque populaire,France,France,30,55504286068.06,0.7967,0.8072,0.1123,true
NMH2KF074RKAGTH4CM63,CON,2025-06-30,BNP PARIBAS BANK POLSKA S.A,Poland,Poland,67,46725763530.29,0.9921,0.9842,0.0000,true
NMH2KF074RKAGTH4CM63,CON,2025-12-31,BNP PARIBAS BANK POLSKA S.A,Poland,Poland,87,45240743379.20,0.9902,0.9805,0.0000,true
NNVPP80YIZGEY2314M97,CON,2025-06-30,ICCREA BANCA S.P.A. - ISTITUTO CENTRALE DEL CREDITO COOPERATIVO (IN FORMA ABBREVIATA: ICCREA BANCA S.P.A.),Italy,Italy,22,104007966699.00,0.9925,0.9951,0.0050,true
NNVPP80YIZGEY2314M97,CON,2025-12-31,ICCREA BANCA S.P.A. - ISTITUTO CENTRALE DEL CREDITO COOPERATIVO (IN FORMA ABBREVIATA: ICCREA BANCA S.P.A.),Italy,Italy,28,106624718760.00,0.9924,0.9944,0.0048,true
O2RNE8IBXP4R0TD8PU41,CON,2025-06-30,Société générale S.A.,France,France,22,661625000000.00,0.4729,0.4620,0.2924,true
O2RNE8IBXP4R0TD8PU41,CON,2025-12-31,Société générale S.A.,France,France,28,694343000000.00,0.4513,0.3926,0.2646,true
P4GTT6GF1W40CVIMFR43,CON,2025-06-30,Powszechna Kasa Oszczednosci Bank Polski S.A.,Poland,Poland,35,99020733767.93,0.9696,0.9402,0.0000,true
P4GTT6GF1W40CVIMFR43,CON,2025-12-31,Powszechna Kasa Oszczednosci Bank Polski S.A.,Poland,Poland,162,105107331176.86,0.9661,0.9335,0.0000,true
PRNXTNXHBI0TSY1V8P17,CON,2025-06-30,Zagrebačka banka d.d.,Croatia,Slovenia,10,197.86,0.0571,0.1755,0.1516,true
PRNXTNXHBI0TSY1V8P17,CON,2025-12-31,Zagrebačka banka d.d.,Croatia,Croatia,10,15223.00,0.8076,0.6893,0.0028,true
PSNL19R2RXX5U3QWHI44,CON,2025-06-30,MEDIOBANCA - BANCA DI CREDITO FINANZIARIO S.P.A.,Italy,Italy,45,63079697025.00,0.7660,0.6012,0.0073,true
PSNL19R2RXX5U3QWHI44,IND,2025-12-31,MEDIOBANCA - BANCA DI CREDITO FINANZIARIO S.P.A.,Italy,Italy,29,33194790630.00,0.6039,0.3856,0.0058,true
R0MUWSFPU8MPRO8K5P83,CON,2025-06-30,BNP Paribas,France,France,30,944012294852.00,0.4066,0.2247,0.0000,true
R0MUWSFPU8MPRO8K5P83,CON,2025-12-31,BNP Paribas,France,France,30,904457306284.55,0.4355,0.2458,0.0000,true
R7CQUF1DQM73HUTV1078,IND,2025-06-30,"Banque et Caisse d´Epargne de l´Etat, Luxembourg",Luxembourg,Luxembourg,25,42634065259.00,0.7285,0.6543,0.0952,true
R7CQUF1DQM73HUTV1078,IND,2025-12-31,"Banque et Caisse d´Epargne de l´Etat, Luxembourg",Luxembourg,Luxembourg,29,43373164895.46,0.7351,0.6543,0.0875,true
RG3IZJKPYQ4H6IQPIC08,IND,2025-12-31,Addiko Bank d.d.,Croatia,Croatia,69,1368637492.25,0.9851,0.9705,0.0000,true
RRUN0TCQ1K2JDV7MXO75,CON,2025-12-31,Oberbank AG,Austria,Austria,61,23121.79,0.5616,0.3805,0.0000,true
SI5RG2M0WQQLZCXKRM20,CON,2025-06-30,"Banco de Sabadell, S.A.",Spain,United Kingdom,26,53676491990.00,0.0000,0.8173,0.0000,true
SI5RG2M0WQQLZCXKRM20,CON,2025-12-31,"Banco de Sabadell, S.A.",Spain,Spain,29,159097265160.00,0.6652,0.5321,0.0000,true
TPS0Q8GFSZF45ZZFL873,CON,2025-12-31,Société Générale Luxembourg,Luxembourg,Luxembourg,22,14376582.54,0.2360,0.1691,0.1299,true
TUKDD90GPC79G1KOE162,CON,2025-06-30,Hamburg Commercial Bank AG,Germany,Germany,41,24019719644.30,0.2375,0.1054,0.0000,true
TUKDD90GPC79G1KOE162,CON,2025-12-31,Hamburg Commercial Bank AG,Germany,Germany,42,21870769825.50,0.2433,0.1078,0.0000,true
UAIAINAJ28P30E5GWE37,CON,2025-12-31,BGL BNP Paribas,Luxembourg,Luxembourg,29,42864880575.00,0.3635,0.2421,0.1471,true
UI802FYJ52XDB7N4KN18,CON,2025-12-31,BANCA NAZIONALE DEL LAVORO S.P.A. (IN FORMA CONTRATTA BNL S.P.A.),Italy,United States,30,49703579.00,0.0000,0.4641,0.0000,true
VDYMYTQGZZ6DU0912C88,CON,2025-06-30,Bayerische Landesbank,Germany,Germany,27,166101216037.84,0.8086,0.7912,0.0895,true
VDYMYTQGZZ6DU0912C88,CON,2025-12-31,Bayerische Landesbank,Germany,Germany,30,172166073868.34,0.8012,0.7682,0.0842,true
VWMYAEQSTOPNV0SUGU82,CON,2025-06-30,"Bankinter, S.A.",Spain,Spain,3,85752573441.00,0.8232,0.6963,0.0000,true
VWMYAEQSTOPNV0SUGU82,CON,2025-12-31,"Bankinter, S.A.",Spain,Spain,3,84944076380.00,0.8109,0.6783,0.0000,true
XLEZHWWOI4HFQDGL4793,CON,2025-12-31,BANK HANDLOWY W WARSZAWIE SA,Poland,Poland,33,7190391867.66,0.9347,0.8744,0.0000,true
Y28RT6GGYJ696PMW8T44,CON,2025-12-31,UniCredit csoport,Hungary,Hungary,104,7418062568.20,0.9817,0.9638,0.0000,true
