lei,name,land,ezb_kopf_lei,ezb_kopf_name,gleif_kopf_lei,gleif_kopf_name,ezb_kopf_ist_selbst,gleif_kopf_in_ezb_liste,urteil
1VUV7VQFKUOQSJ21A208,Crédit Agricole Corporate and Investment Bank,France,969500TJ5KRTCJQWXH05,Crédit Agricole S.A.,969500TJ5KRTCJQWXH05,Crédit Agricole S.A.,nein,ja,identisch
213800JD2L89GGG7LF07,Luminor Bank AS,Estonia,213800RZWHE5EUX9R444,Luminor Holding AS,213800RZWHE5EUX9R444,Luminor Holding AS,nein,ja,identisch
22210058UCKT3BJTCN24,OTP Luxembourg S.à.r.l.,Luxembourg,22210058UCKT3BJTCN24,OTP Luxembourg S.à.r.l.,529900W3MOO00A18X956,,ja,nein,ssm_schnitt
2G5BKIC2CB69PRJH1W31,Barclays Bank Ireland plc,Ireland,2G5BKIC2CB69PRJH1W31,Barclays Bank Ireland plc,213800LBQA1Y9L22JB70,,ja,nein,ssm_schnitt
2ZCNRR8UK83OBTEK2170,UniCredit Bank GmbH,Germany,549300TRUWO2CD2G5692,UniCredit S.p.A.,549300TRUWO2CD2G5692,UniCredit S.p.A.,nein,ja,identisch
3157002JBFAI478MD587,"Tatra banka, a.s.",Slovakia,9ZHRYM6F437SQJ6OUG95,Raiffeisen Bank International AG,9ZHRYM6F437SQJ6OUG95,Raiffeisen Bank International AG,nein,ja,identisch
3TK20IVIUJ8J3ZU0QE75,ING Bank N.V.,Netherlands,549300NYKK9MWM7GGW15,ING Groep N.V.,549300NYKK9MWM7GGW15,ING Groep N.V.,nein,ja,identisch
485100FX5Y9YLAQLNP12,Revolut Holdings Europe UAB,Lithuania,485100FX5Y9YLAQLNP12,Revolut Holdings Europe UAB,213800UIKMYZWWQS5E02,,ja,nein,ssm_schnitt
5299000PCY1EP8QJFV48,United Bulgarian Bank AD,Bulgaria,213800X3Q9LSAKRUWY91,KBC Group NV,213800X3Q9LSAKRUWY91,KBC Group NV,nein,ja,identisch
5299002GPCR602QYJC04,KfW Beteiligungsholding GmbH,Germany,5299002GPCR602QYJC04,KfW Beteiligungsholding GmbH,549300GDPG70E3MBBU98,,ja,nein,ssm_schnitt
5299007QVIQ7IO64NX37,UBS Europe SE,Germany,5299007QVIQ7IO64NX37,UBS Europe SE,549300SZJ9VS8SGXAN81,,ja,nein,ssm_schnitt
52990096Q5LMCH1WU462,"Československá obchodná banka, a.s.",Slovakia,213800X3Q9LSAKRUWY91,KBC Group NV,213800X3Q9LSAKRUWY91,KBC Group NV,nein,ja,identisch
529900FIAMEJDQ8C9097,Deutsche Bank Luxembourg S.A.,Luxembourg,7LTWFZYICNSX8D621K86,Deutsche Bank AG,7LTWFZYICNSX8D621K86,Deutsche Bank AG,nein,ja,identisch
529900GEH0DAUTAXUA94,DSK Bank AD,Bulgaria,529900GEH0DAUTAXUA94,DSK Bank AD,529900W3MOO00A18X956,,ja,nein,ssm_schnitt
529900I1UZV70CZRAU55,Raiffeisenbank Austria d.d.,Croatia,9ZHRYM6F437SQJ6OUG95,Raiffeisen Bank International AG,9ZHRYM6F437SQJ6OUG95,Raiffeisen Bank International AG,nein,ja,identisch
529900JZXXU699FCKK89,"Bausparkasse Schwäbisch Hall Aktiengesellschaft, Bausparkasse der Volksbanken und Raiffeisenbanken",Germany,529900HNOAA1KXQJUQ27,DZ BANK AG Deutsche Zentral-Genossenschaftsbank,529900HNOAA1KXQJUQ27,DZ BANK AG Deutsche Zentral-Genossenschaftsbank,nein,ja,identisch
529900K16YGKC8BES892,Deutsche Kreditbank Aktiengesellschaft,Germany,VDYMYTQGZZ6DU0912C88,Bayerische Landesbank,VDYMYTQGZZ6DU0912C88,Bayerische Landesbank,nein,ja,identisch
529900KRVTRP5RWP9K95,Open Group Deutschland Holding GmbH,Germany,5493006QMFDDMYWIAM13,"Banco Santander, S.A.",5493006QMFDDMYWIAM13,"Banco Santander, S.A.",nein,ja,identisch
529900S1KHKOEQL5CK20,Wüstenrot Bausparkasse Aktiengesellschaft,Germany,529900S1KHKOEQL5CK20,Wüstenrot Bausparkasse Aktiengesellschaft,5299003H07ZT0Z5ZNN35,,ja,nein,ssm_schnitt
529900SS7ZWCX82U3W60,Deutsche Bank S.p.A.,Italy,7LTWFZYICNSX8D621K86,Deutsche Bank AG,7LTWFZYICNSX8D621K86,Deutsche Bank AG,nein,ja,identisch
529900SSGT49ZZSWYE62,Volkswagen Financial Services AG,Germany,529900SSGT49ZZSWYE62,Volkswagen Financial Services AG,529900NNUPAGGOMPXZ31,,ja,nein,ssm_schnitt
529900V3O1M5IHMOSF46,State Street Europe Holdings Germany S.à.r.l. & Co. KG,Germany,529900V3O1M5IHMOSF46,State Street Europe Holdings Germany S.à.r.l. & Co. KG,549300ZFEEJ2IP5VME73,,ja,nein,ssm_schnitt
529900VS0F7BA91P4I60,Alpha Bank Cyprus Ltd,Cyprus,213800DBQIB6VBNU5C64,ALPHA BANK S.A.,5299009N55YRQC69CN08,,nein,nein,ssm_schnitt
5493000LM0MZ4JPMGM90,"Open Bank, S.A.",Spain,5493006QMFDDMYWIAM13,"Banco Santander, S.A.",5493006QMFDDMYWIAM13,"Banco Santander, S.A.",nein,ja,identisch
5493000UPYR7EEHN2R94,"Gorenjska Banka d.d., Kranj",Slovenia,213800HDJ876ACJXXD05,AikGroup (CY) Limited,213800HDJ876ACJXXD05,AikGroup (CY) Limited,nein,ja,identisch
54930056FHWP7GIWYY08,Morgan Stanley Europe SE,Germany,54930056FHWP7GIWYY08,Morgan Stanley Europe SE,IGJSJL3JD5P30I6NJZ34,,ja,nein,ssm_schnitt
5493007S4JE930SIUE86,ING Holding Deutschland GmbH,Germany,549300NYKK9MWM7GGW15,ING Groep N.V.,549300NYKK9MWM7GGW15,ING Groep N.V.,nein,ja,identisch
5493009ML6YX83YHC820,Argenta Bank- en Verzekeringsgroep nv,Belgium,5493008QOCP58OLEN998,Investeringsmaatschappij Argenta NV ; Société d'investissements Argenta SA ; Investierungsgesellschaft Argenta AG,5493008QOCP58OLEN998,Investeringsmaatschappij Argenta NV ; Société d'investissements Argenta SA ; Investierungsgesellschaft Argenta AG,nein,ja,identisch
549300A2F46GR0UOM390,Erste&Steiermärkische Bank d.d.,Croatia,PQOH26KWDF7CG10L6792,Erste Group Bank AG,PQOH26KWDF7CG10L6792,Erste Group Bank AG,nein,ja,identisch
549300DVPJYGNF2P7B03,Steiermärkische Bank und Sparkassen Aktiengesellschaft,Austria,PQOH26KWDF7CG10L6792,Erste Group Bank AG,PQOH26KWDF7CG10L6792,Erste Group Bank AG,nein,ja,identisch
549300FH0WJAPEHTIQ77,BofA Securities Europe SA,France,549300FH0WJAPEHTIQ77,BofA Securities Europe SA,9DJT3UXIJIZJI4WXO774,,ja,nein,ssm_schnitt
549300HFEHJOXGE4ZE63,SFIL S.A.,France,549300HFEHJOXGE4ZE63,SFIL S.A.,969500Q2PFTTP0Y5QL44,,ja,nein,ssm_schnitt
549300HUKIA1IZQHFZ83,Erste Bank der oesterreichischen Sparkassen AG,Austria,PQOH26KWDF7CG10L6792,Erste Group Bank AG,PQOH26KWDF7CG10L6792,Erste Group Bank AG,nein,ja,identisch
549300J0GSZ83GTKBZ89,OTP banka d.d.,Slovenia,22210058UCKT3BJTCN24,OTP Luxembourg S.à.r.l.,529900W3MOO00A18X956,,nein,nein,ssm_schnitt
549300JB1P61FUTPEZ75,"Všeobecná úverová banka, a.s.",Slovakia,2W8N8UU78PMDQKZENC08,Intesa Sanpaolo S.p.A.,2W8N8UU78PMDQKZENC08,Intesa Sanpaolo S.p.A.,nein,ja,identisch
549300ND1MQ8SNNYMJ22,AS SEB Pank,Estonia,549300ND1MQ8SNNYMJ22,AS SEB Pank,F3JS33DEI6XQ4ZBPTN86,,ja,nein,ssm_schnitt
549300O2UN9JLME31F08,UniCredit Banka Slovenija d.d.,Slovenia,549300TRUWO2CD2G5692,UniCredit S.p.A.,549300TRUWO2CD2G5692,UniCredit S.p.A.,nein,ja,identisch
549300S2T3FWVVXWJI89,"Slovenská sporiteľňa, a.s.",Slovakia,PQOH26KWDF7CG10L6792,Erste Group Bank AG,PQOH26KWDF7CG10L6792,Erste Group Bank AG,nein,ja,identisch
549300SBPFE9JX7N8J82,AB SEB bankas,Lithuania,549300SBPFE9JX7N8J82,AB SEB bankas,F3JS33DEI6XQ4ZBPTN86,,ja,nein,ssm_schnitt
549300U4LIZV0REEQQ46,"Kutxabank, S.A.",Spain,549300U4LIZV0REEQQ46,"Kutxabank, S.A.",95980020140006031928,,ja,nein,ssm_schnitt
549300URJH9VSI58CS32,Banco Santander Totta S.A.,Portugal,5493006QMFDDMYWIAM13,"Banco Santander, S.A.",5493006QMFDDMYWIAM13,"Banco Santander, S.A.",nein,ja,identisch
549300V1VN70Q7PQ7234,CA Auto Bank S.p.A.,Italy,969500TJ5KRTCJQWXH05,Crédit Agricole S.A.,969500TJ5KRTCJQWXH05,Crédit Agricole S.A.,nein,ja,identisch
549300X34UUBDEUL1Z91,HSBC Bank Malta p.l.c.,Malta,F0HUI1NY1AZMJMD8LP67,HSBC Continental Europe,MLU0ZO3ML4LN2LL2TL39,,nein,nein,ssm_schnitt
549300XGJX6FOWLOI640,Fideuram - Intesa Sanpaolo Private Banking S.p.A.,Italy,2W8N8UU78PMDQKZENC08,Intesa Sanpaolo S.p.A.,2W8N8UU78PMDQKZENC08,Intesa Sanpaolo S.p.A.,nein,ja,identisch
549300YW95G1VBBGGV07,"AS ""SEB banka""",Latvia,549300YW95G1VBBGGV07,"AS ""SEB banka""",F3JS33DEI6XQ4ZBPTN86,,ja,nein,ssm_schnitt
549300Z7V2WOFIMUEK50,UniCredit Bulbank AD,Bulgaria,549300TRUWO2CD2G5692,UniCredit S.p.A.,549300TRUWO2CD2G5692,UniCredit S.p.A.,nein,ja,identisch
549300ZHFZ4CSK7VS460,Privredna banka Zagreb d.d.,Croatia,2W8N8UU78PMDQKZENC08,Intesa Sanpaolo S.p.A.,2W8N8UU78PMDQKZENC08,Intesa Sanpaolo S.p.A.,nein,ja,identisch
549300ZK53CNGEEI6A29,J.P. Morgan SE,Germany,549300ZK53CNGEEI6A29,J.P. Morgan SE,8I5DZWZKVSZI1NUHU748,,ja,nein,ssm_schnitt
635400JLGKETPVVGPW53,De Lage Landen International B.V.,Netherlands,DG3RU1DBUFHT4ZF9WN62,Coöperatieve Rabobank U.A.,DG3RU1DBUFHT4ZF9WN62,Coöperatieve Rabobank U.A.,nein,ja,identisch
6TJCK1B7E7UTXP528Y04,Citigroup Global Markets Europe AG,Germany,6TJCK1B7E7UTXP528Y04,Citigroup Global Markets Europe AG,6SHGI4ZSSLCXXQSBB395,,ja,nein,ssm_schnitt
7D9EHZL14BBPJWTN6S08,BHW Bausparkasse AG,Germany,7LTWFZYICNSX8D621K86,Deutsche Bank AG,7LTWFZYICNSX8D621K86,Deutsche Bank AG,nein,ja,identisch
8156007D348794DB1690,Crédit Agricole Italia S.p.A.,Italy,969500TJ5KRTCJQWXH05,Crédit Agricole S.A.,969500TJ5KRTCJQWXH05,Crédit Agricole S.A.,nein,ja,identisch
815600DDCE9083CAC598,Mediobanca Premier S.p.A.,Italy,J4CP7MHCXR8DAQMKIL78,BANCA MONTE DEI PASCHI DI SIENA S.p.A.,J4CP7MHCXR8DAQMKIL78,BANCA MONTE DEI PASCHI DI SIENA S.p.A.,nein,ja,identisch
8IBZUGJ7JPLH368JE346,Goldman Sachs Bank Europe SE,Germany,8IBZUGJ7JPLH368JE346,Goldman Sachs Bank Europe SE,784F5XWPLTWKTBV3E584,,ja,nein,ssm_schnitt
96950001WI712W7PQG45,RCI Banque SA,France,96950001WI712W7PQG45,RCI Banque SA,969500F7JLTX36OUI695,,ja,nein,ssm_schnitt
96950041VJ1QP0B69503,Crédit Mutuel Arkéa,France,9695000CG7B84NLR5984,Confédération Nationale du Crédit Mutuel,9695000CG7B84NLR5984,Confédération Nationale du Crédit Mutuel,nein,ja,identisch
96950066U5XAAIRCPA78,La Banque Postale,France,96950066U5XAAIRCPA78,La Banque Postale,969500Q2PFTTP0Y5QL44,,ja,nein,ssm_schnitt
969500A9SZ8YP1810S21,Caisse d’Épargne et de Prévoyance Aquitaine Poitou- Charentes,France,9695005MSX1OYEMGDF46,BPCE S.A.,9695005MSX1OYEMGDF46,BPCE S.A.,nein,ja,identisch
969500EVOBAGHKZEXA33,Banque Populaire Alsace Lorraine Champagne,France,9695005MSX1OYEMGDF46,BPCE S.A.,9695005MSX1OYEMGDF46,BPCE S.A.,nein,ja,identisch
969500EYG6U339D3TI84,Crédit Foncier de France S.A.,France,9695005MSX1OYEMGDF46,BPCE S.A.,9695005MSX1OYEMGDF46,BPCE S.A.,nein,ja,identisch
969500FF9M4SBM5VHR15,Caisse régionale de crédit agricole mutuel Nord de France,France,969500TJ5KRTCJQWXH05,Crédit Agricole S.A.,969500TJ5KRTCJQWXH05,Crédit Agricole S.A.,nein,ja,identisch
969500FYEXW795NPJO79,Caisse régionale de crédit agricole mutuel Brie Picardie,France,969500TJ5KRTCJQWXH05,Crédit Agricole S.A.,969500TJ5KRTCJQWXH05,Crédit Agricole S.A.,nein,ja,identisch
969500GIUTUIEDJHFL17,Caisse d’Épargne et de Prévoyance Hauts de France,France,9695005MSX1OYEMGDF46,BPCE S.A.,9695005MSX1OYEMGDF46,BPCE S.A.,nein,ja,identisch
969500JJWO4PQG0R1C58,Caisse d’Épargne et de Prévoyance Grand Est Europe,France,9695005MSX1OYEMGDF46,BPCE S.A.,9695005MSX1OYEMGDF46,BPCE S.A.,nein,ja,identisch
969500JM7VIGQIPZOL49,Banque Populaire Auvergne Rhône-Alpes,France,9695005MSX1OYEMGDF46,BPCE S.A.,9695005MSX1OYEMGDF46,BPCE S.A.,nein,ja,identisch
969500LFTDNMONT2EP08,Caisse fédérale de Crédit Mutuel,France,9695000CG7B84NLR5984,Confédération Nationale du Crédit Mutuel,9695000CG7B84NLR5984,Confédération Nationale du Crédit Mutuel,nein,ja,identisch
969500ORP9FTJYI28L37,Caisse régionale de crédit agricole mutuel des Savoie - Crédit agricole des Savoie,France,969500TJ5KRTCJQWXH05,Crédit Agricole S.A.,969500TJ5KRTCJQWXH05,Crédit Agricole S.A.,nein,ja,identisch
969500SJXM8MW32ZVG75,Caisse d’Épargne et de Prévoyance Bretagne-Pays de Loire,France,9695005MSX1OYEMGDF46,BPCE S.A.,9695005MSX1OYEMGDF46,BPCE S.A.,nein,ja,identisch
969500TU5ZMYBIWP0R51,Caisse d’Épargne et de Prévoyance Provence-Alpes- Corse,France,9695005MSX1OYEMGDF46,BPCE S.A.,9695005MSX1OYEMGDF46,BPCE S.A.,nein,ja,identisch
969500VHT1ZNPVWOYF63,BNP Paribas Personal Finance,France,R0MUWSFPU8MPRO8K5P83,BNP Paribas S.A.,R0MUWSFPU8MPRO8K5P83,BNP Paribas S.A.,nein,ja,identisch
969500VR2NA6ANMTXH21,Caisse d’Épargne et de Prévoyance de Rhône-Alpes,France,9695005MSX1OYEMGDF46,BPCE S.A.,9695005MSX1OYEMGDF46,BPCE S.A.,nein,ja,identisch
969500W34S6NCZWYBV47,Caisse d’Épargne et de Prévoyance Ile-de-France,France,9695005MSX1OYEMGDF46,BPCE S.A.,9695005MSX1OYEMGDF46,BPCE S.A.,nein,ja,identisch
969500W8SBCXNX1DG443,Banque Populaire Rives de Paris,France,9695005MSX1OYEMGDF46,BPCE S.A.,9695005MSX1OYEMGDF46,BPCE S.A.,nein,ja,identisch
969500WFZ7C2IBN9TB80,Banque Populaire Grand Ouest,France,9695005MSX1OYEMGDF46,BPCE S.A.,9695005MSX1OYEMGDF46,BPCE S.A.,nein,ja,identisch
969500WJ4V0WNG8Q5L42,Caisse régionale de crédit agricole mutuel Centre-Est,France,969500TJ5KRTCJQWXH05,Crédit Agricole S.A.,969500TJ5KRTCJQWXH05,Crédit Agricole S.A.,nein,ja,identisch
9845006C7B5CC707X660,Swedbank Baltics AS,Latvia,9845006C7B5CC707X660,Swedbank Baltics AS,M312WZV08Y7LYUC71685,,ja,nein,ssm_schnitt
9CZ7TVMR36CYD5TZBS50,Banque Internationale à Luxembourg S.A.,Luxembourg,9CZ7TVMR36CYD5TZBS50,Banque Internationale à Luxembourg S.A.,5299003ONUYCE70HZ185,,ja,nein,ssm_schnitt
CXUHEGU3MADZ2CEV7C11,Eurobank Limited,Cyprus,213800KGF4EFNUQKAT69,Eurobank S.A.,213800KGF4EFNUQKAT69,Eurobank S.A.,nein,ja,identisch
D1HEB8VEU6D9M8ZUXG17,UniCredit Bank Austria AG,Austria,549300TRUWO2CD2G5692,UniCredit S.p.A.,549300TRUWO2CD2G5692,UniCredit S.p.A.,nein,ja,identisch
EQYXK86SF381Q21S3020,Bank of America Europe Designated Activity Company,Ireland,EQYXK86SF381Q21S3020,Bank of America Europe Designated Activity Company,9DJT3UXIJIZJI4WXO774,,ja,nein,ssm_schnitt
F0HUI1NY1AZMJMD8LP67,HSBC Continental Europe,France,F0HUI1NY1AZMJMD8LP67,HSBC Continental Europe,MLU0ZO3ML4LN2LL2TL39,,ja,nein,ssm_schnitt
G8ZTNESVNKW4NN761W05,ABN AMRO Clearing Bank N.V.,Netherlands,BFXS5XCH7N0Y05NIXW11,ABN AMRO Bank N.V.,BFXS5XCH7N0Y05NIXW11,ABN AMRO Bank N.V.,nein,ja,identisch
GTQYZJON3I7SXRNJTT73,BSK 1818 AG,Germany,391200EEGLNXBBCVKC73,Erwerbsgesellschaft der S-Finanzgruppe mbH & Co. KG,391200EEGLNXBBCVKC73,Erwerbsgesellschaft der S-Finanzgruppe mbH & Co. KG,nein,ja,identisch
I6SS27Q1Q3385V753S50,Raiffeisenlandesbank Oberösterreich Aktiengesellschaft,Austria,529900XSTAE561178282,Raiffeisenbankengruppe OÖ Verbund eGen,529900XSTAE561178282,Raiffeisenbankengruppe OÖ Verbund eGen,nein,ja,identisch
JLS56RAMYQZECFUF2G44,ING Belgium SA ; ING België NV ; ING Belgique SA,Belgium,549300NYKK9MWM7GGW15,ING Groep N.V.,549300NYKK9MWM7GGW15,ING Groep N.V.,nein,ja,identisch
KGCEPHLVVKVRZYO1T647,BNP Paribas Fortis SA ; BNP Paribas Fortis NV,Belgium,R0MUWSFPU8MPRO8K5P83,BNP Paribas S.A.,R0MUWSFPU8MPRO8K5P83,BNP Paribas S.A.,nein,ja,identisch
KX1WK48MPD4Y2NCUIZ63,Natixis S.A.,France,9695005MSX1OYEMGDF46,BPCE S.A.,9695005MSX1OYEMGDF46,BPCE S.A.,nein,ja,identisch
MMYX0N4ZEZ13Z4XCG897,The Bank of New York Mellon SA/NV,Belgium,MMYX0N4ZEZ13Z4XCG897,The Bank of New York Mellon SA/NV,WFLLPEPC7FZXENRZV188,,ja,nein,ssm_schnitt
N1FBEDJ5J41VKZLO2475,Citibank Europe plc,Ireland,N1FBEDJ5J41VKZLO2475,Citibank Europe plc,6SHGI4ZSSLCXXQSBB395,,ja,nein,ssm_schnitt
N4JDFKKH2FTD8RKFXO39,Crédit Industriel et Commercial - Cic,France,9695000CG7B84NLR5984,Confédération Nationale du Crédit Mutuel,9695000CG7B84NLR5984,Confédération Nationale du Crédit Mutuel,nein,ja,identisch
NICH5Q04ADUV9SN3Q390,BRED - Banque Populaire,France,9695005MSX1OYEMGDF46,BPCE S.A.,9695005MSX1OYEMGDF46,BPCE S.A.,nein,ja,identisch
PRNXTNXHBI0TSY1V8P17,Zagrebačka banka d.d.,Croatia,549300TRUWO2CD2G5692,UniCredit S.p.A.,549300TRUWO2CD2G5692,UniCredit S.p.A.,nein,ja,identisch
PSNL19R2RXX5U3QWHI44,Mediobanca - Banca di Credito Finanziario S.p.A.,Italy,J4CP7MHCXR8DAQMKIL78,BANCA MONTE DEI PASCHI DI SIENA S.p.A.,J4CP7MHCXR8DAQMKIL78,BANCA MONTE DEI PASCHI DI SIENA S.p.A.,nein,ja,identisch
RG3IZJKPYQ4H6IQPIC08,Addiko Bank d.d.,Croatia,529900UKZBMDBDZIXD62,Addiko Bank AG,529900UKZBMDBDZIXD62,Addiko Bank AG,nein,ja,identisch
TPS0Q8GFSZF45ZZFL873,Société Générale Luxembourg,Luxembourg,O2RNE8IBXP4R0TD8PU41,Société Générale S.A.,O2RNE8IBXP4R0TD8PU41,Société Générale S.A.,nein,ja,identisch
UAIAINAJ28P30E5GWE37,BGL BNP Paribas,Luxembourg,R0MUWSFPU8MPRO8K5P83,BNP Paribas S.A.,R0MUWSFPU8MPRO8K5P83,BNP Paribas S.A.,nein,ja,identisch
UI802FYJ52XDB7N4KN18,Banca Nazionale del Lavoro S.p.A.,Italy,R0MUWSFPU8MPRO8K5P83,BNP Paribas S.A.,R0MUWSFPU8MPRO8K5P83,BNP Paribas S.A.,nein,ja,identisch
