lei,direct_parent_lei,direct_parent_status,direct_parent_reason,ultimate_parent_lei,ultimate_parent_status,ultimate_parent_reason
097900BEF50000000569,,exception,NO_KNOWN_PERSON,,exception,NO_KNOWN_PERSON
0W2PZJM8XOY22M4GG883,,exception,NO_KNOWN_PERSON,,exception,NO_KNOWN_PERSON
0W5QHUNYV4W7GJO62R27,,exception,NON_CONSOLIDATING,,exception,NON_CONSOLIDATING
1FOLRR5RWTWWI397R131,,exception,NON_CONSOLIDATING,,exception,NON_CONSOLIDATING
1VUV7VQFKUOQSJ21A208,969500TJ5KRTCJQWXH05,parent,,969500TJ5KRTCJQWXH05,parent,
2138002PVBMEHILJ1340,JBONEPAGQXF4QP29B387,parent,,353800V2V8PUY9TK3E06,parent,
21380033CFFM2V1ZCK65,,exception,NO_KNOWN_PERSON,,exception,NO_KNOWN_PERSON
2138003IGGAUDLPNC244,,exception,NON_CONSOLIDATING,,exception,NON_CONSOLIDATING
2138003Z5ZVN16GFYV70,,exception,NON_CONSOLIDATING,,exception,NON_CONSOLIDATING
2138004FIUXU3B2MR537,213800SK4KN8HTCNPB38,parent,,213800SK4KN8HTCNPB38,parent,
21380057HUGFEAF25W84,,exception,NON_CONSOLIDATING,,exception,NON_CONSOLIDATING
2138005M92IEIQVEL297,,exception,NO_KNOWN_PERSON,,exception,NO_KNOWN_PERSON
2138005MGIT3X9ZTMP37,,exception,NO_KNOWN_PERSON,,exception,NO_KNOWN_PERSON
2138007F5HA5FFJROB80,,exception,NON_CONSOLIDATING,,exception,NON_CONSOLIDATING
2138007JGI1M5YF7FJ53,,exception,NATURAL_PERSONS,,exception,NATURAL_PERSONS
2138007WKF5CM2EUM824,,exception,NON_CONSOLIDATING,,exception,NON_CONSOLIDATING
213800984CWACNBY8F31,,exception,NO_KNOWN_PERSON,,exception,NO_KNOWN_PERSON
2138009Y59EAR7H1UO97,,exception,NON_CONSOLIDATING,,exception,NON_CONSOLIDATING
213800A1O379I6DMCU10,,exception,NON_CONSOLIDATING,,exception,NON_CONSOLIDATING
213800C78WI8VFJCYR09,,exception,NO_KNOWN_PERSON,,exception,NO_KNOWN_PERSON
213800CBW4NPFP73ZK64,,exception,NON_CONSOLIDATING,,exception,NON_CONSOLIDATING
213800CQ92347ZCS9V73,,exception,NON_CONSOLIDATING,,exception,NON_CONSOLIDATING
213800DBQIB6VBNU5C64,,exception,NO_KNOWN_PERSON,,exception,NO_KNOWN_PERSON
213800GO21RWIB6O9Q29,,exception,NO_KNOWN_PERSON,,exception,NO_KNOWN_PERSON
213800HDJ876ACJXXD05,,exception,NON_CONSOLIDATING,,exception,NON_CONSOLIDATING
213800HYE2VYP5WKFI43,,exception,NON_CONSOLIDATING,,exception,NON_CONSOLIDATING
213800JD2L89GGG7LF07,213800RZWHE5EUX9R444,parent,,213800RZWHE5EUX9R444,parent,
213800JF3JFF6MMR2P36,,exception,NATURAL_PERSONS,,exception,NATURAL_PERSONS
213800KGF4EFNUQKAT69,,exception,NON_CONSOLIDATING,,exception,NON_CONSOLIDATING
213800KOJ5JSZ6ID2R91,,exception,NATURAL_PERSONS,,exception,NATURAL_PERSONS
213800KYUPNOQPAQL758,,exception,NATURAL_PERSONS,,exception,NATURAL_PERSONS
213800M7T3CYVZ3ZRT12,,exception,NO_KNOWN_PERSON,,exception,NO_KNOWN_PERSON
213800MLL4APN9UP1J53,,exception,NATURAL_PERSONS,,exception,NATURAL_PERSONS
213800P1P13ABO5R9V78,54930005YI2KEYKV5523,parent,,54930005YI2KEYKV5523,parent,
213800RENLNKMWZV8767,,exception,NATURAL_PERSONS,,exception,NATURAL_PERSONS
213800RZWHE5EUX9R444,,exception,NON_CONSOLIDATING,,exception,NON_CONSOLIDATING
213800SGT5S6EKUW2987,74370078YLPFWHE33716,parent,,74370078YLPFWHE33716,parent,
213800TC9PZRBHMJW403,,exception,NON_CONSOLIDATING,,exception,NON_CONSOLIDATING
213800TKOS7J5UA3ZI07,213800RRX1TYUVV2R518,parent,,5493001JH4LYPQTBQP79,parent,
213800UIIZ6YSEQB5S26,529900G3SW56SHYNPR95,parent,,529900G3SW56SHYNPR95,parent,
213800UK7516IBWZO445,,exception,NON_CONSOLIDATING,,exception,NON_CONSOLIDATING
213800UYAHIRLZ4NSN67,,exception,NO_KNOWN_PERSON,,exception,NO_KNOWN_PERSON
213800X3Q9LSAKRUWY91,,exception,NON_CONSOLIDATING,,exception,NON_CONSOLIDATING
213800ZOI1EW481WPV90,,exception,NON_CONSOLIDATING,,exception,NON_CONSOLIDATING
22210058UCKT3BJTCN24,,exception,NO_LEI,529900W3MOO00A18X956,parent,
222100PG81CES7H3HZ28,549300BNKM71X644N307,parent,,549300BNKM71X644N307,parent,
222100V03Y766EM5TZ83,5493006KMX1VFTPYPW14,parent,,5493006KMX1VFTPYPW14,parent,
2534005A84927EKSR789,,exception,NO_KNOWN_PERSON,,exception,NO_KNOWN_PERSON
254900RNFMDM0P11YR84,,exception,NO_LEI,,exception,NO_LEI
254900WR3I1Z9NPC7D84,,exception,NO_KNOWN_PERSON,,exception,NO_KNOWN_PERSON
2594000ZNGGQZXZKXH36,,exception,NON_CONSOLIDATING,,exception,NON_CONSOLIDATING
2594009RV746A68X4G95,,exception,NON_CONSOLIDATING,,exception,NON_CONSOLIDATING
259400BILZFH923Q1N56,,exception,NON_CONSOLIDATING,,exception,NON_CONSOLIDATING
259400DAAAR5M4A6SI23,259400F669WGVYGLHT55,parent,,259400F669WGVYGLHT55,parent,
259400DZXF7UJKK2AY35,851WYGNLUQLFZBSYGB56,parent,,851WYGNLUQLFZBSYGB56,parent,
259400GZKACLCASLRW25,,exception,NON_CONSOLIDATING,,exception,NON_CONSOLIDATING
259400IETGMVXW6L0G89,,exception,NON_CONSOLIDATING,,exception,NON_CONSOLIDATING
259400L03ZTD1W99FZ91,,exception,NON_CONSOLIDATING,,exception,NON_CONSOLIDATING
259400LGXW3K0GDAG361,PQOH26KWDF7CG10L6792,parent,,PQOH26KWDF7CG10L6792,parent,
259400OFDZ9KPZEO8K78,JU1U6S0DG9YLT7N8ZV32,parent,,JU1U6S0DG9YLT7N8ZV32,parent,
259400P9KF07OP2K5P83,,exception,NON_CONSOLIDATING,,exception,NON_CONSOLIDATING
259400QHDOZWMJ103294,QLPCKOOKVX32FUELX240,parent,,QLPCKOOKVX32FUELX240,parent,
259400V3BXDA15ACJ896,,exception,NON_CONSOLIDATING,,exception,NON_CONSOLIDATING
259400WNAOMT2E4OIS38,,exception,NON_CONSOLIDATING,,exception,NON_CONSOLIDATING
259400YLRTOBISHBVX41,3TK20IVIUJ8J3ZU0QE75,parent,,549300NYKK9MWM7GGW15,parent,
2G5BKIC2CB69PRJH1W31,G5GSEF7VJP5I7OUK5573,parent,,213800LBQA1Y9L22JB70,parent,
2W8N8UU78PMDQKZENC08,,exception,NO_KNOWN_PERSON,,exception,NO_KNOWN_PERSON
2ZCNRR8UK83OBTEK2170,549300TRUWO2CD2G5692,parent,,549300TRUWO2CD2G5692,parent,
31570010000000004460,9ZHRYM6F437SQJ6OUG95,parent,,9ZHRYM6F437SQJ6OUG95,parent,
31570014BNQ1Q99CNQ35,31570030000000000550,parent,,984500CE58365CB10V25,parent,
31570020000000004154,315700B14D4M8960OB55,parent,,315700B14D4M8960OB55,parent,
3157002JBFAI478MD587,9ZHRYM6F437SQJ6OUG95,parent,,9ZHRYM6F437SQJ6OUG95,parent,
3157006K4C7PJT790450,,exception,NO_KNOWN_PERSON,,exception,NO_KNOWN_PERSON
315700E9POA724IWFP59,,exception,NATURAL_PERSONS,,exception,NATURAL_PERSONS
315700K45LRKNGMUIW27,,exception,NO_LEI,,exception,NO_LEI
39120001JPAYYPDRNN92,,exception,NO_LEI,549300X5UKJVE386ZB61,parent,
391200EEGLNXBBCVKC73,,exception,NO_KNOWN_PERSON,,exception,NO_KNOWN_PERSON
391200MQTYA14WRXOV43,,exception,NO_KNOWN_PERSON,,exception,NO_KNOWN_PERSON
3DM5DPGI3W6OU6GJ4N92,,exception,NATURAL_PERSONS,,exception,NATURAL_PERSONS
3H0Q3U74FVFED2SHZT16,,exception,NO_KNOWN_PERSON,,exception,NO_KNOWN_PERSON
3M5E1GQGKL17HI6CPN30,,exception,NO_KNOWN_PERSON,,exception,NO_KNOWN_PERSON
3TK20IVIUJ8J3ZU0QE75,549300NYKK9MWM7GGW15,parent,,549300NYKK9MWM7GGW15,parent,
485100FX5Y9YLAQLNP12,213800UIKMYZWWQS5E02,parent,,213800UIKMYZWWQS5E02,parent,
5299000F1CGJQ8NAXQ58,,exception,NO_KNOWN_PERSON,,exception,NO_KNOWN_PERSON
5299000PCY1EP8QJFV48,6B2PBRV1FCJDMR45RZ53,parent,,213800X3Q9LSAKRUWY91,parent,
5299000R7WZOVIFHLN21,,exception,NO_KNOWN_PERSON,,exception,NO_KNOWN_PERSON
5299001ADI8FLGT0GU28,,exception,NO_KNOWN_PERSON,,exception,NO_KNOWN_PERSON
5299001PEMDU9N24CH60,,exception,NO_KNOWN_PERSON,,exception,NO_KNOWN_PERSON
52990026HQOTT4AJP655,,exception,NO_KNOWN_PERSON,,exception,NO_KNOWN_PERSON
5299002GPCR602QYJC04,549300GDPG70E3MBBU98,parent,,549300GDPG70E3MBBU98,parent,
52990033C5FUEN4LMC06,,exception,NO_KNOWN_PERSON,,exception,NO_KNOWN_PERSON
5299003ATVTQVPTW4735,,exception,NO_KNOWN_PERSON,,exception,NO_KNOWN_PERSON
52990045V2BWJN669Q34,,exception,NO_KNOWN_PERSON,,exception,NO_KNOWN_PERSON
5299004R4U60UMXLSE36,,exception,NO_KNOWN_PERSON,,exception,NO_KNOWN_PERSON
5299005743YY767PR386,,exception,NO_KNOWN_PERSON,,exception,NO_KNOWN_PERSON
5299005OACOC1C1OFJ11,,exception,NO_KNOWN_PERSON,,exception,NO_KNOWN_PERSON
5299005UJX6K7BQKV086,529900W3MOO00A18X956,parent,,529900W3MOO00A18X956,parent,
52990061592SQLEJN964,,exception,NO_KNOWN_PERSON,,exception,NO_KNOWN_PERSON
5299007QVIQ7IO64NX37,549300SZJ9VS8SGXAN81,parent,,549300SZJ9VS8SGXAN81,parent,
5299007S3UH5RKUYDA52,,exception,NO_KNOWN_PERSON,,exception,NO_KNOWN_PERSON
52990089LBIKLBM8YB23,,exception,NO_KNOWN_PERSON,,exception,NO_KNOWN_PERSON
5299008FEH4GQXGZNP50,529900G4A1IKOKC22K56,parent,,529900G4A1IKOKC22K56,parent,
5299008I0TO44SUINZ71,,exception,NON_CONSOLIDATING,,exception,NON_CONSOLIDATING
52990093INYLJNWHQ228,,exception,NO_KNOWN_PERSON,,exception,NO_KNOWN_PERSON
52990096Q5LMCH1WU462,6B2PBRV1FCJDMR45RZ53,parent,,213800X3Q9LSAKRUWY91,parent,
5299009EHB4RBGMI5828,,exception,NO_KNOWN_PERSON,,exception,NO_KNOWN_PERSON
529900AVGYYBVL1VNQ03,,exception,NATURAL_PERSONS,,exception,NATURAL_PERSONS
529900B4OR3PD4V3AQ57,,exception,NO_KNOWN_PERSON,,exception,NO_KNOWN_PERSON
529900B91AUH0YTEXN10,,exception,NO_KNOWN_PERSON,,exception,NO_KNOWN_PERSON
529900B9P29R8W03IX88,,exception,NO_KNOWN_PERSON,,exception,NO_KNOWN_PERSON
529900BHRYZ464GFD289,,exception,NO_KNOWN_PERSON,,exception,NO_KNOWN_PERSON
529900BI5KIGX6YLX375,,nichts_gemeldet,,,exception,NO_KNOWN_PERSON
529900BIK4WRWS06MR52,,exception,NO_KNOWN_PERSON,,exception,NO_KNOWN_PERSON
529900C3SHT3Q94H3W82,5299004RMSA334L0LD60,parent,,5299004RMSA334L0LD60,parent,
529900C9OP6Y0DPYSK11,,exception,NO_KNOWN_PERSON,,exception,NO_KNOWN_PERSON
529900CJAJ0HDPPKUI53,,exception,NO_KNOWN_PERSON,,exception,NO_KNOWN_PERSON
529900D5G4V6THXC5P79,,exception,NO_KNOWN_PERSON,,exception,NO_KNOWN_PERSON
529900DEAYRUPP22B339,529900R27DL06UVNT076,parent,,529900R27DL06UVNT076,parent,
529900DPOQPLDSF3R482,,exception,NO_KNOWN_PERSON,,exception,NO_KNOWN_PERSON
529900DSIVJWCUQUMP41,,exception,NO_KNOWN_PERSON,,exception,NO_KNOWN_PERSON
529900DXTOU2U9IZDY54,,exception,NO_KNOWN_PERSON,,exception,NO_KNOWN_PERSON
529900E0WY09Z3H21393,,exception,NO_KNOWN_PERSON,,exception,NO_KNOWN_PERSON
529900EKPN8EYA3AX590,,exception,NO_KNOWN_PERSON,,exception,NO_KNOWN_PERSON
529900EM0ZU25V87GD50,529900INDQW49BWR5028,parent,,529900INDQW49BWR5028,parent,
529900FEID5L4H2T2L70,,exception,NO_KNOWN_PERSON,,exception,NO_KNOWN_PERSON
529900FIAMEJDQ8C9097,7LTWFZYICNSX8D621K86,parent,,7LTWFZYICNSX8D621K86,parent,
529900FMPYJ0QVTBSD95,529900VG6PFQ64HJRQ05,parent,,529900VG6PFQ64HJRQ05,parent,
529900FU4WJ2XT7BVE31,,exception,NO_KNOWN_PERSON,,exception,NO_KNOWN_PERSON
529900FZWXWNKF3O8394,,exception,NO_KNOWN_PERSON,,exception,NO_KNOWN_PERSON
529900GEH0DAUTAXUA94,529900W3MOO00A18X956,parent,,529900W3MOO00A18X956,parent,
529900GFT28SEW1QSG52,,exception,NON_PUBLIC,,exception,NON_PUBLIC
529900GGYMNGRQTDOO93,,exception,NON_CONSOLIDATING,,exception,NON_CONSOLIDATING
529900GM944JT8YIRL63,,exception,NO_KNOWN_PERSON,,exception,NO_KNOWN_PERSON
529900HC4LDSGK0NCJ85,,exception,NON_CONSOLIDATING,,exception,NON_CONSOLIDATING
529900HEKOENJHPNN480,,exception,NO_KNOWN_PERSON,,exception,NO_KNOWN_PERSON
529900HNOAA1KXQJUQ27,,exception,NO_KNOWN_PERSON,,exception,NO_KNOWN_PERSON
529900I1UZV70CZRAU55,529900655L7Z3HMKTO22,parent,,9ZHRYM6F437SQJ6OUG95,parent,
529900IRBZTADXJB6757,,exception,NO_KNOWN_PERSON,,exception,NO_KNOWN_PERSON
529900J35NSHS856UA68,,exception,NO_KNOWN_PERSON,,exception,NO_KNOWN_PERSON
529900JCAE554QUYE140,,exception,NO_KNOWN_PERSON,,exception,NO_KNOWN_PERSON
529900JG015JC10LED24,,exception,NO_KNOWN_PERSON,,exception,NO_KNOWN_PERSON
529900JRKG8AEYL65326,,exception,NO_KNOWN_PERSON,,exception,NO_KNOWN_PERSON
529900JZTYE3W7WQH904,,exception,NO_KNOWN_PERSON,,exception,NO_KNOWN_PERSON
529900JZXXU699FCKK89,529900HNOAA1KXQJUQ27,parent,,529900HNOAA1KXQJUQ27,parent,
529900K16YGKC8BES892,VDYMYTQGZZ6DU0912C88,parent,,VDYMYTQGZZ6DU0912C88,parent,
529900KRVTRP5RWP9K95,5493000LM0MZ4JPMGM90,parent,,5493006QMFDDMYWIAM13,parent,
529900L89TGSPV9OU151,529900NNUPAGGOMPXZ31,parent,,529900NNUPAGGOMPXZ31,parent,
529900LIZVBUANJ20E31,,exception,NO_KNOWN_PERSON,,exception,NO_KNOWN_PERSON
529900LKIMB57HKF3545,54930053HGCFWVHYZX42,parent,,54930053HGCFWVHYZX42,parent,
529900LU7D396TOO3B50,,exception,NO_KNOWN_PERSON,,exception,NO_KNOWN_PERSON
529900MQJIQGD8N3YV53,,exception,NO_KNOWN_PERSON,,exception,NO_KNOWN_PERSON
529900N2ZB1B52JB2F83,,exception,NO_KNOWN_PERSON,,exception,NO_KNOWN_PERSON
529900NJYUGRO908KV84,529900K9B0N5BT694847,parent,,529900K9B0N5BT694847,parent,
529900NNQW9IAE32GQ07,,exception,NO_KNOWN_PERSON,,exception,NO_KNOWN_PERSON
529900ODI3047E2LIV03,,exception,NATURAL_PERSONS,,exception,NATURAL_PERSONS
529900OE1FOAM50XLP72,,exception,NO_KNOWN_PERSON,,exception,NO_KNOWN_PERSON
529900OKPZTTS50FXP26,,exception,NO_KNOWN_PERSON,,exception,NO_KNOWN_PERSON
529900OLW8QPFMTBDC23,,exception,NO_KNOWN_PERSON,,exception,NO_KNOWN_PERSON
529900P8BY9HZTZ82T70,,exception,NO_KNOWN_PERSON,,exception,NO_KNOWN_PERSON
529900PR2ELW8QI1B775,,exception,NO_KNOWN_PERSON,,exception,NO_KNOWN_PERSON
529900PUK9IU39VCWK54,,exception,NO_KNOWN_PERSON,,exception,NO_KNOWN_PERSON
529900Q2C3I7VCILLG45,254900NKYL22Y1SJAI75,parent,,254900NKYL22Y1SJAI75,parent,
529900QYEJ2GYSWK1F08,,exception,NO_KNOWN_PERSON,,exception,NO_KNOWN_PERSON
529900RCLERIIXF4QM23,,exception,NATURAL_PERSONS,,exception,NATURAL_PERSONS
529900RPGHC6DQEQL615,,exception,NO_KNOWN_PERSON,,exception,NO_KNOWN_PERSON
529900RQOBT3ZJMDRK43,,exception,NO_KNOWN_PERSON,,exception,NO_KNOWN_PERSON
529900RWC8ZYB066JF16,,exception,NO_KNOWN_PERSON,,exception,NO_KNOWN_PERSON
529900S1KHKOEQL5CK20,5299003H07ZT0Z5ZNN35,parent,,5299003H07ZT0Z5ZNN35,parent,
529900S9YO2JHTIIDG38,,exception,NO_KNOWN_PERSON,,exception,NO_KNOWN_PERSON
529900SEFOTJH1MLGZ92,529900ADCRMS97AZYR34,parent,,529900ADCRMS97AZYR34,parent,
529900SS7ZWCX82U3W60,7LTWFZYICNSX8D621K86,parent,,7LTWFZYICNSX8D621K86,parent,
529900SSGT49ZZSWYE62,529900NNUPAGGOMPXZ31,parent,,529900NNUPAGGOMPXZ31,parent,
529900SXEWPJ1MRRX537,,exception,NO_KNOWN_PERSON,,exception,NO_KNOWN_PERSON
529900T32UL0CP1FZA06,529900UGESEV6GHUN018,parent,,529900K9B0N5BT694847,parent,
529900T7MYZUMMW4O176,,exception,NO_KNOWN_PERSON,,exception,NO_KNOWN_PERSON
529900TDG1TFZM39SF37,,exception,NO_KNOWN_PERSON,,exception,NO_KNOWN_PERSON
529900U5XAEYOT68AC40,506700PR1R98BSF81139,parent,,506700PR1R98BSF81139,parent,
529900UHDH7QLRMEJQ86,,exception,NO_KNOWN_PERSON,,exception,NO_KNOWN_PERSON
529900UIRB65OY6U4B21,,exception,NATURAL_PERSONS,,exception,NATURAL_PERSONS
529900UKZBMDBDZIXD62,,exception,NON_CONSOLIDATING,,exception,NON_CONSOLIDATING
529900UY9ICRQLT2PN79,W38RGI023J3WT1HWRP32,parent,,W38RGI023J3WT1HWRP32,parent,
529900V3O1M5IHMOSF46,,exception,NO_LEI,549300ZFEEJ2IP5VME73,parent,
529900VS0F7BA91P4I60,5299009N55YRQC69CN08,parent,,5299009N55YRQC69CN08,parent,
529900VVDOKMRRAHZ894,,exception,NON_CONSOLIDATING,,exception,NON_CONSOLIDATING
529900W3MOO00A18X956,,exception,NO_KNOWN_PERSON,,exception,NO_KNOWN_PERSON
529900WF3IXMJXSVJ831,,exception,NO_KNOWN_PERSON,,exception,NO_KNOWN_PERSON
529900XB6RQ3XCELQO62,,exception,NO_LEI,,exception,NO_LEI
529900XDLJV1P7HBAH18,,exception,NO_KNOWN_PERSON,,exception,NO_KNOWN_PERSON
529900XSTAE561178282,,exception,NO_KNOWN_PERSON,,exception,NO_KNOWN_PERSON
529900Z355879WHNF139,506700PR1R98BSF81139,parent,,506700PR1R98BSF81139,parent,
529900ZMDTSQYEYCKL45,,exception,NO_KNOWN_PERSON,,exception,NO_KNOWN_PERSON
529900ZVK4VTIS0TOT43,3RV7W250LTUQH12INJ88,parent,,54930029BCN8HF3B1286,parent,
529900ZW3QH424NY3959,,exception,NO_KNOWN_PERSON,,exception,NO_KNOWN_PERSON
5493000LKS7B3UTF7H35,QLPCKOOKVX32FUELX240,parent,,QLPCKOOKVX32FUELX240,parent,
5493000LM0MZ4JPMGM90,5493006QMFDDMYWIAM13,parent,,5493006QMFDDMYWIAM13,parent,
5493000UPYR7EEHN2R94,213800HDJ876ACJXXD05,parent,,213800HDJ876ACJXXD05,parent,
5493000YPN33HF74SN02,NQQ6HPCNCCU6TUTQYE16,parent,,NQQ6HPCNCCU6TUTQYE16,parent,
54930017QGBKEZSPKH30,,exception,NATURAL_PERSONS,,exception,NATURAL_PERSONS
5493001BABFV7P27OW30,,exception,NO_KNOWN_PERSON,,exception,NO_KNOWN_PERSON
5493001U1K6M7JOL5W45,9ZHRYM6F437SQJ6OUG95,parent,,9ZHRYM6F437SQJ6OUG95,parent,
5493002DPKDEC2JN1Y86,,exception,NO_KNOWN_PERSON,,exception,NO_KNOWN_PERSON
5493002K643MZPQEK497,549300CTUU1RFXHQJE44,parent,,549300CTUU1RFXHQJE44,parent,
5493003BDYD5VPGUQS04,549300TRUWO2CD2G5692,parent,,549300TRUWO2CD2G5692,parent,
5493003RJ3TPV33W0108,,exception,NON_CONSOLIDATING,,exception,NON_CONSOLIDATING
5493004D82XDFVPWQJ91,5493008E81TB1MN1VT78,parent,,5493008E81TB1MN1VT78,parent,
5493004WUGGU2BQI7F14,54930027UO6WGCG0SW75,parent,,54930027UO6WGCG0SW75,parent,
54930056FHWP7GIWYY08,G1MLHIS0N32I3QPILB75,parent,,IGJSJL3JD5P30I6NJZ34,parent,
54930056IRBXK0Q1FP96,,exception,NON_CONSOLIDATING,,exception,NON_CONSOLIDATING
54930060Q00W1SRIUI57,,exception,NO_KNOWN_PERSON,,exception,NO_KNOWN_PERSON
5493006QMFDDMYWIAM13,,exception,NON_CONSOLIDATING,,exception,NON_CONSOLIDATING
5493006Z4NTMNDDBGL49,894500RAHVAOLBIL5A27,parent,,894500RAHVAOLBIL5A27,parent,
5493007BWYDPQZLZ0Y27,,exception,NON_CONSOLIDATING,,exception,NON_CONSOLIDATING
5493007QRSX9DS2CM858,5493001KQW6DM7KEDR62,parent,,5493001KQW6DM7KEDR62,parent,
5493007S4JE930SIUE86,3TK20IVIUJ8J3ZU0QE75,parent,,549300NYKK9MWM7GGW15,parent,
5493007SJLLCTM6J6M37,,exception,NON_CONSOLIDATING,,exception,NON_CONSOLIDATING
5493007SWCCN9S3J2748,,exception,NATURAL_PERSONS,,exception,NATURAL_PERSONS
54930080G2M7EJ097A27,254900BJKRIMUAPJQZ19,parent,,254900BJKRIMUAPJQZ19,parent,
5493008QOCP58OLEN998,,exception,NON_CONSOLIDATING,,exception,NON_CONSOLIDATING
5493008QRHH0XCLJ4238,O2RNE8IBXP4R0TD8PU41,parent,,O2RNE8IBXP4R0TD8PU41,parent,
5493009EIBTCB1X12G89,,exception,NATURAL_PERSONS,,exception,NATURAL_PERSONS
5493009ML6YX83YHC820,5493008QOCP58OLEN998,parent,,5493008QOCP58OLEN998,parent,
5493009VJC01E4H6HH77,549300MBWR5H8SIJLE03,parent,,549300MBWR5H8SIJLE03,parent,
5493009W2E2YDCXY6S81,,exception,NON_CONSOLIDATING,,exception,NON_CONSOLIDATING
549300A2F46GR0UOM390,PQOH26KWDF7CG10L6792,parent,,PQOH26KWDF7CG10L6792,parent,
549300BZZFFS0SOWR325,TU5V87TL5Q0UV1EW4H93,parent,,20S05OYHG0MQM4VUIC57,parent,
549300C6TUMDXNOVXS82,549300FOASW7JFUQV048,parent,,549300FOASW7JFUQV048,parent,
549300CQ9NLEHMRCU505,,exception,NO_LEI,,exception,NO_LEI
549300D7SF4JSQDV7040,549300UNS0E0CCKL0C57,parent,,549300UNS0E0CCKL0C57,parent,
549300DVPJYGNF2P7B03,PQOH26KWDF7CG10L6792,parent,,PQOH26KWDF7CG10L6792,parent,
549300DYPOFMXOR7XM56,,exception,NON_CONSOLIDATING,,exception,NON_CONSOLIDATING
549300E5ENQVY2IBLF67,,exception,NON_PUBLIC,,exception,NON_PUBLIC
549300EHNXQVOI120S55,98450087SBF395595011,parent,,,exception,NO_LEI
549300F7FBD744MEP844,,exception,NO_KNOWN_PERSON,,exception,NO_KNOWN_PERSON
549300FH0WJAPEHTIQ77,9DJT3UXIJIZJI4WXO774,parent,,9DJT3UXIJIZJI4WXO774,parent,
549300FRBP5L0O1HY885,,exception,NO_KNOWN_PERSON,,exception,NO_KNOWN_PERSON
549300G3C8M0WXQCWH61,,exception,NON_CONSOLIDATING,,exception,NON_CONSOLIDATING
549300GKFG0RYRRQ1414,,exception,NON_CONSOLIDATING,,exception,NON_CONSOLIDATING
549300HFEHJOXGE4ZE63,969500Q2PFTTP0Y5QL44,parent,,969500Q2PFTTP0Y5QL44,parent,
549300HUKIA1IZQHFZ83,PQOH26KWDF7CG10L6792,parent,,PQOH26KWDF7CG10L6792,parent,
549300IQZVZ949N37S44,,exception,NO_KNOWN_PERSON,,exception,NO_KNOWN_PERSON
549300IRGNL8Q3O8Y413,,exception,NON_CONSOLIDATING,,exception,NON_CONSOLIDATING
549300J0GSZ83GTKBZ89,529900W3MOO00A18X956,parent,,529900W3MOO00A18X956,parent,
549300JB1P61FUTPEZ75,549300AQRUHYWYR0T637,parent,,2W8N8UU78PMDQKZENC08,parent,
549300JECLPX13NZLU57,,exception,NO_KNOWN_PERSON,,exception,NO_KNOWN_PERSON
549300JSC82O1L4XV837,549300D6WW5ZTWLZ4C08,parent,,549300D6WW5ZTWLZ4C08,parent,
549300KOORG6SN9LMO68,,exception,NO_LEI,,exception,NO_LEI
549300L1IEXJYJ2NUV45,,exception,NO_KNOWN_PERSON,,exception,NO_KNOWN_PERSON
549300L7YCATGO57ZE10,,exception,NO_KNOWN_PERSON,,exception,NO_KNOWN_PERSON
549300LYFYVPUCG6SY25,,exception,NON_CONSOLIDATING,,exception,NON_CONSOLIDATING
549300M2IHOB9P5WE714,549300O3WME82RDPEN66,parent,,549300O3WME82RDPEN66,parent,
549300M6HRHPF3NQBP83,,exception,NO_KNOWN_PERSON,,exception,NO_KNOWN_PERSON
549300MM2G2LFEPR2M50,5493002XO4O96E9XFC76,parent,,5493002XO4O96E9XFC76,parent,
549300MSY5NIVC0BME80,2W8N8UU78PMDQKZENC08,parent,,2W8N8UU78PMDQKZENC08,parent,
549300ND1MQ8SNNYMJ22,F3JS33DEI6XQ4ZBPTN86,parent,,F3JS33DEI6XQ4ZBPTN86,parent,
549300NYKK9MWM7GGW15,,exception,NO_KNOWN_PERSON,,exception,NO_KNOWN_PERSON
549300O2UN9JLME31F08,549300TRUWO2CD2G5692,parent,,549300TRUWO2CD2G5692,parent,
549300O3HXYXXUHR0897,984500CCFABF562J8533,parent,,636700HER4JIK7GZUN17,parent,
549300OL514RA0SXJJ44,529900G3SW56SHYNPR95,parent,,529900G3SW56SHYNPR95,parent,
549300OLBL49CW8CT155,,exception,NON_CONSOLIDATING,,exception,NON_CONSOLIDATING
549300OMTXWX1144LP69,,exception,NON_CONSOLIDATING,,exception,NON_CONSOLIDATING
549300PZMFIQR79Q0T97,,exception,NON_CONSOLIDATING,,exception,NON_CONSOLIDATING
549300Q3OIWRHQUQM052,,exception,NON_CONSOLIDATING,,exception,NON_CONSOLIDATING
549300RFKNCOX56F8591,9ZHRYM6F437SQJ6OUG95,parent,,9ZHRYM6F437SQJ6OUG95,parent,
549300RG3H390KEL8896,,exception,NO_KNOWN_PERSON,,exception,NO_KNOWN_PERSON
549300RMML7KXP6M1Y98,,exception,NON_PUBLIC,,exception,NON_PUBLIC
549300S2T3FWVVXWJI89,PQOH26KWDF7CG10L6792,parent,,PQOH26KWDF7CG10L6792,parent,
549300SBPFE9JX7N8J82,F3JS33DEI6XQ4ZBPTN86,parent,,F3JS33DEI6XQ4ZBPTN86,parent,
549300SGF4BS54YG8M65,,exception,NO_LEI,,exception,NO_LEI
549300SXM92LQ05OJQ76,,exception,NON_CONSOLIDATING,,exception,NON_CONSOLIDATING
549300TDPXT0OW2AY198,5493005E2GHATS0Z6J59,parent,,5493005E2GHATS0Z6J59,parent,
549300TEJKOLFN65KR76,,exception,NO_KNOWN_PERSON,,exception,NO_KNOWN_PERSON
549300TJREQ7GHIXWR36,M312WZV08Y7LYUC71685,parent,,M312WZV08Y7LYUC71685,parent,
549300TK038P6EV4YU51,,exception,NON_CONSOLIDATING,,exception,NON_CONSOLIDATING
549300TL5406IC1XKD09,,exception,NATURAL_PERSONS,,exception,NATURAL_PERSONS
549300TLZPT6JELDWM92,,exception,NON_CONSOLIDATING,,exception,NON_CONSOLIDATING
549300TRUWO2CD2G5692,,exception,NO_KNOWN_PERSON,,exception,NO_KNOWN_PERSON
549300TTZTKBUFKWH890,,exception,NATURAL_PERSONS,,exception,NATURAL_PERSONS
549300U4LIZV0REEQQ46,95980020140006031928,parent,,95980020140006031928,parent,
549300UARE5MHTBUPJ19,,exception,NON_CONSOLIDATING,,exception,NON_CONSOLIDATING
549300UOX05QGUJJ5707,NHBDILHZTYCNBV5UYZ31,parent,,NHBDILHZTYCNBV5UYZ31,parent,
549300URJH9VSI58CS32,5493006QMFDDMYWIAM13,parent,,5493006QMFDDMYWIAM13,parent,
549300UY81ESCZJ0GR95,,exception,NATURAL_PERSONS,,exception,NATURAL_PERSONS
549300V1VN70Q7PQ7234,969500GDYGB7Y20PP765,parent,,969500TJ5KRTCJQWXH05,parent,
549300V4H4USWZUCE073,3003007R8KNA3TZU2L42,parent,,3003007R8KNA3TZU2L42,parent,
549300VRM6G42M8OWN49,,exception,NO_KNOWN_PERSON,,exception,NO_KNOWN_PERSON
549300WDT1HWUMTUW770,RILFO74KP1CM8P6PCT96,parent,,U4LOSYZ7YG4W3S5F2G91,parent,
549300X34UUBDEUL1Z91,MLU0ZO3ML4LN2LL2TL39,parent,,MLU0ZO3ML4LN2LL2TL39,parent,
549300XGJX6FOWLOI640,2W8N8UU78PMDQKZENC08,parent,,2W8N8UU78PMDQKZENC08,parent,
549300XWJHRKLHU2PS28,PQOH26KWDF7CG10L6792,parent,,PQOH26KWDF7CG10L6792,parent,
549300YV6LXRPJO3U576,,exception,NO_KNOWN_PERSON,,exception,NO_KNOWN_PERSON
549300YW95G1VBBGGV07,F3JS33DEI6XQ4ZBPTN86,parent,,F3JS33DEI6XQ4ZBPTN86,parent,
549300Z7V2WOFIMUEK50,549300TRUWO2CD2G5692,parent,,549300TRUWO2CD2G5692,parent,
549300ZBZQ6M21ZGGY79,549300MKO5B60FFIHF58,parent,,549300MKO5B60FFIHF58,parent,
549300ZEF3QWM810M319,,exception,NON_CONSOLIDATING,,exception,NON_CONSOLIDATING
549300ZHFZ4CSK7VS460,549300AQRUHYWYR0T637,parent,,2W8N8UU78PMDQKZENC08,parent,
549300ZK53CNGEEI6A29,549300MW265RRCSDUE83,parent,,8I5DZWZKVSZI1NUHU748,parent,
549300ZOE0EU2VKF6M35,4BY1ZWG5DYMF1HP5KL86,parent,,,exception,NO_LEI
5967007LIEEXZX51WW28,,exception,NO_KNOWN_PERSON,,exception,NO_KNOWN_PERSON
5967007LIEEXZX5PU005,,exception,NATURAL_PERSONS,,exception,NATURAL_PERSONS
5967007LIEEXZX659K67,549300GKFG0RYRRQ1414,parent,,549300GKFG0RYRRQ1414,parent,
5967007LIEEXZX76AW36,5967007LIEEXZXJ4UW55,parent,,5967007LIEEXZXJ4UW55,parent,
5967007LIEEXZX8UHK11,,exception,NO_KNOWN_PERSON,,exception,NO_KNOWN_PERSON
5UMCZOEYKCVFAW8ZLO05,,exception,NON_CONSOLIDATING,,exception,NON_CONSOLIDATING
635400AKJBGNS5WNQL34,,exception,NO_KNOWN_PERSON,,exception,NO_KNOWN_PERSON
635400C8EK6DRI12LJ39,,exception,NO_KNOWN_PERSON,,exception,NO_KNOWN_PERSON
635400DTNHVYGZODKQ93,,exception,NO_KNOWN_PERSON,,exception,NO_KNOWN_PERSON
635400F6HLXKXNJJX605,,exception,NON_CONSOLIDATING,,exception,NON_CONSOLIDATING
635400JLGKETPVVGPW53,DG3RU1DBUFHT4ZF9WN62,parent,,DG3RU1DBUFHT4ZF9WN62,parent,
635400L14KNHZXPUZM19,,exception,NO_KNOWN_PERSON,,exception,NO_KNOWN_PERSON
635400LCCIYHUL6ELA34,,exception,NO_LEI,N1GZ7BBF3NP8GI976H15,parent,
6TJCK1B7E7UTXP528Y04,XKZZ2JZF41MRHTR1V493,parent,,6SHGI4ZSSLCXXQSBB395,parent,
724500973ODKK3IFQ447,,exception,NON_CONSOLIDATING,,exception,NON_CONSOLIDATING
724500A1FNICHSDF2I11,,exception,NON_CONSOLIDATING,,exception,NON_CONSOLIDATING
724500AG21Z9GIJE4735,,exception,NON_CONSOLIDATING,,exception,NON_CONSOLIDATING
724500AH42V5X8BCPE49,7245007QUMI1FHIQV531,parent,,7245007QUMI1FHIQV531,parent,
724500BICUQ0LF1AH770,724500OHYNDT9OY6Q215,parent,,724500OHYNDT9OY6Q215,parent,
724500D8WOYCL1BUCB80,,exception,NON_CONSOLIDATING,,exception,NON_CONSOLIDATING
724500JIWG886A9RRT57,,exception,NON_CONSOLIDATING,,exception,NON_CONSOLIDATING
724500M4G9AVEMHMV291,,exception,NON_CONSOLIDATING,,exception,NON_CONSOLIDATING
724500PMK2A2M1SQQ228,,exception,NON_CONSOLIDATING,,exception,NON_CONSOLIDATING
724500Q03K04L0479N30,C3GTMMZIHMY46P4OIX74,parent,,353800V2V8PUY9TK3E06,parent,
724500SF1CI8OD5AHI07,,exception,NON_CONSOLIDATING,,exception,NON_CONSOLIDATING
724500ZNT2I60RYZQI38,789000T2LRFLVASOPJ63,parent,,,exception,NO_LEI
7437003B5WFBOIEFY714,,exception,NO_KNOWN_PERSON,,exception,NO_KNOWN_PERSON
7437005892K69S3MW344,,exception,NO_KNOWN_PERSON,,exception,NO_KNOWN_PERSON
7437006WYM821IJ3MN73,,exception,NO_KNOWN_PERSON,,exception,NO_KNOWN_PERSON
743700FTBNXAUN57RH30,,exception,NO_KNOWN_PERSON,,exception,NO_KNOWN_PERSON
743700GC62JLHFBUND16,,exception,NO_KNOWN_PERSON,,exception,NO_KNOWN_PERSON
743700PW2HDTPU3YRJ31,,exception,NO_KNOWN_PERSON,,exception,NO_KNOWN_PERSON
747DLM6L5TO7LXZY5T60,5493003APGQYLDVT1E19,parent,,L3I9ZG2KFGXZ61BMYR72,parent,
7CUNS533WID6K7DGFI87,,exception,NON_CONSOLIDATING,,exception,NON_CONSOLIDATING
7D9EHZL14BBPJWTN6S08,7LTWFZYICNSX8D621K86,parent,,7LTWFZYICNSX8D621K86,parent,
7LTWFZYICNSX8D621K86,,exception,NO_KNOWN_PERSON,,exception,NO_KNOWN_PERSON
7LVZJ6XRIE7VNZ4UBX81,,exception,NO_KNOWN_PERSON,,exception,NO_KNOWN_PERSON
7V6Z97IO7R1SEAO84Q32,,exception,NON_CONSOLIDATING,,exception,NON_CONSOLIDATING
81560017C4A61A529235,,exception,NATURAL_PERSONS,,exception,NATURAL_PERSONS
81560027D07F9BDB8436,,exception,NO_KNOWN_PERSON,,exception,NO_KNOWN_PERSON
81560035485BD7DB3590,,exception,NO_KNOWN_PERSON,,exception,NO_KNOWN_PERSON
8156003A4FB445454553,,exception,NO_KNOWN_PERSON,,exception,NO_KNOWN_PERSON
8156003D79D064FB5360,,exception,NON_CONSOLIDATING,,exception,NON_CONSOLIDATING
8156004BBB6E6B9B6F10,,exception,NATURAL_PERSONS,,exception,NATURAL_PERSONS
81560051AAE0E0F10021,,exception,NO_KNOWN_PERSON,,exception,NO_KNOWN_PERSON
8156005420362AE59184,,exception,NON_CONSOLIDATING,,exception,NON_CONSOLIDATING
8156005C22D0BF134C40,,exception,NO_KNOWN_PERSON,,exception,NO_KNOWN_PERSON
81560062CEAE87A85C80,,exception,NON_CONSOLIDATING,,exception,NON_CONSOLIDATING
81560064085A02B2B297,81560087340FCB8D6D66,parent,,81560087340FCB8D6D66,parent,
815600722FAEE18D6013,,exception,NO_KNOWN_PERSON,,exception,NO_KNOWN_PERSON
8156007C053DC07AC307,,exception,NO_KNOWN_PERSON,,exception,NO_KNOWN_PERSON
8156007D348794DB1690,969500TJ5KRTCJQWXH05,parent,,969500TJ5KRTCJQWXH05,parent,
815600848DEFE160E913,,exception,NO_KNOWN_PERSON,,exception,NO_KNOWN_PERSON
8156008B43CE788F4932,,exception,NO_KNOWN_PERSON,,exception,NO_KNOWN_PERSON
8156008FC57F3F707049,,exception,NO_KNOWN_PERSON,,exception,NO_KNOWN_PERSON
815600903231FA2E7698,549300X5UKJVE386ZB61,parent,,549300X5UKJVE386ZB61,parent,
815600914B5015427B51,50ZCTKCMUDIABGHX3R52,parent,,529900QVNRBND50TXP03,parent,
8156009F9B6BB7745A32,,exception,NATURAL_PERSONS,,exception,NATURAL_PERSONS
815600A029117B20DD63,8156005420362AE59184,parent,,8156005420362AE59184,parent,
815600A32DA05F693F24,,exception,NO_KNOWN_PERSON,,exception,NO_KNOWN_PERSON
815600AD83B2B6317788,,exception,NO_KNOWN_PERSON,,exception,NO_KNOWN_PERSON
815600B43BECA3919584,,exception,NATURAL_PERSONS,,exception,NATURAL_PERSONS
815600B5C61A10BBB451,,exception,NO_KNOWN_PERSON,,exception,NO_KNOWN_PERSON
815600B6B356EC776E54,,exception,NON_CONSOLIDATING,,exception,NON_CONSOLIDATING
815600BEE9123CD92E12,,exception,NO_KNOWN_PERSON,,exception,NO_KNOWN_PERSON
815600DDCE9083CAC598,PSNL19R2RXX5U3QWHI44,parent,,J4CP7MHCXR8DAQMKIL78,parent,
815600E4E6DCD2D25E30,,exception,NO_KNOWN_PERSON,,exception,NO_KNOWN_PERSON
815600F24AE25C9D1B94,,exception,NO_KNOWN_PERSON,,exception,NO_KNOWN_PERSON
815600FDD3EB3EA03194,,exception,NO_KNOWN_PERSON,,exception,NO_KNOWN_PERSON
851WYGNLUQLFZBSYGB56,,exception,NO_KNOWN_PERSON,,exception,NO_KNOWN_PERSON
894500N55FUZ70ZQ1784,,exception,NO_KNOWN_PERSON,,exception,NO_KNOWN_PERSON
8IBZUGJ7JPLH368JE346,KD3XUN7C6T14HNAYLU02,parent,,784F5XWPLTWKTBV3E584,parent,
95980020140005012943,,exception,NON_CONSOLIDATING,,exception,NON_CONSOLIDATING
95980020140005219553,,exception,NON_CONSOLIDATING,,exception,NON_CONSOLIDATING
95980020140005220135,,exception,NON_CONSOLIDATING,,exception,NON_CONSOLIDATING
95980020140005375335,,exception,NON_CONSOLIDATING,,exception,NON_CONSOLIDATING
95980020140005439549,,exception,NON_CONSOLIDATING,,exception,NON_CONSOLIDATING
95980020140005484654,,exception,NON_CONSOLIDATING,,exception,NON_CONSOLIDATING
95980020140005552166,,exception,NON_CONSOLIDATING,,exception,NON_CONSOLIDATING
95980020140005658381,,exception,NON_CONSOLIDATING,,exception,NON_CONSOLIDATING
95980020140005881190,,exception,NON_CONSOLIDATING,,exception,NON_CONSOLIDATING
9598002AYDQER7DXLR16,,exception,NON_CONSOLIDATING,,exception,NON_CONSOLIDATING
959800LQ598A5RQASA61,,exception,NON_CONSOLIDATING,,exception,NON_CONSOLIDATING
959800R86KE31EAVRC30,9598005U8TZQ8Q64SC71,parent,,9598005U8TZQ8Q64SC71,parent,
959800VHSP2QBPNRF210,,exception,NON_CONSOLIDATING,,exception,NON_CONSOLIDATING
96950001WI712W7PQG45,969500V06Q2Q3ELCWD59,parent,,969500F7JLTX36OUI695,parent,
9695000CG7B84NLR5984,,exception,NO_KNOWN_PERSON,,exception,NO_KNOWN_PERSON
9695002JOWSRCLLLNY11,52990049YMGDGTAMFX97,parent,,,exception,NO_LEI
9695002K2HDLD20JU790,,exception,NO_KNOWN_PERSON,,exception,NO_KNOWN_PERSON
96950041VJ1QP0B69503,9695000CG7B84NLR5984,parent,,9695000CG7B84NLR5984,parent,
96950066U5XAAIRCPA78,9695000YG7TR7PAP0L59,parent,,969500Q2PFTTP0Y5QL44,parent,
9695007EQZDL89LUW373,549300ERAZEQ2KEJ8L86,parent,,549300ERAZEQ2KEJ8L86,parent,
969500A3Y5KTGJEMDZ32,,exception,NO_KNOWN_PERSON,,exception,NO_KNOWN_PERSON
969500A4IPKVUBH3CA90,,exception,NON_CONSOLIDATING,,exception,NON_CONSOLIDATING
969500A9SZ8YP1810S21,9695005MSX1OYEMGDF46,parent,,9695005MSX1OYEMGDF46,parent,
969500AGACQ54Q3UF243,,exception,NO_KNOWN_PERSON,,exception,NO_KNOWN_PERSON
969500B5DNR7Q1ACGD23,,exception,NO_KNOWN_PERSON,,exception,NO_KNOWN_PERSON
969500C9N2QA9HQUM309,,exception,NATURAL_PERSONS,,exception,NATURAL_PERSONS
969500CJCTMI93QJKK89,F5WCUMTUM4RKZ1MAIE39,parent,,F5WCUMTUM4RKZ1MAIE39,parent,
969500EVOBAGHKZEXA33,9695005MSX1OYEMGDF46,parent,,9695005MSX1OYEMGDF46,parent,
969500EYG6U339D3TI84,9695005MSX1OYEMGDF46,parent,,9695005MSX1OYEMGDF46,parent,
969500F3KYDJBFS4XM73,549300EC11JZQNA37K65,parent,,549300EC11JZQNA37K65,parent,
969500FF9M4SBM5VHR15,969500TJ5KRTCJQWXH05,parent,,969500TJ5KRTCJQWXH05,parent,
969500FYEXW795NPJO79,969500TJ5KRTCJQWXH05,parent,,969500TJ5KRTCJQWXH05,parent,
969500GIUTUIEDJHFL17,9695005MSX1OYEMGDF46,parent,,9695005MSX1OYEMGDF46,parent,
969500GVS02SJYG9S632,549300B8P6MUJ1YWTS08,parent,,549300B8P6MUJ1YWTS08,parent,
969500JJWO4PQG0R1C58,9695005MSX1OYEMGDF46,parent,,9695005MSX1OYEMGDF46,parent,
969500JM7VIGQIPZOL49,9695005MSX1OYEMGDF46,parent,,9695005MSX1OYEMGDF46,parent,
969500LFTDNMONT2EP08,9695000CG7B84NLR5984,parent,,9695000CG7B84NLR5984,parent,
969500M0G4VPO0A3GL72,,exception,NO_KNOWN_PERSON,,exception,NO_KNOWN_PERSON
969500O971S0I6U24G84,,exception,NON_CONSOLIDATING,,exception,NON_CONSOLIDATING
969500ORP9FTJYI28L37,969500TJ5KRTCJQWXH05,parent,,969500TJ5KRTCJQWXH05,parent,
969500PI25OKPKTD9364,,exception,NO_KNOWN_PERSON,,exception,NO_KNOWN_PERSON
969500SJXM8MW32ZVG75,9695005MSX1OYEMGDF46,parent,,9695005MSX1OYEMGDF46,parent,
969500STN7T9MRUMJ267,,exception,NO_KNOWN_PERSON,,exception,NO_KNOWN_PERSON
969500TU5ZMYBIWP0R51,9695005MSX1OYEMGDF46,parent,,9695005MSX1OYEMGDF46,parent,
969500V9BSEN0HWUIC23,213800USCE9Y111R4656,parent,,213800USCE9Y111R4656,parent,
969500VHT1ZNPVWOYF63,R0MUWSFPU8MPRO8K5P83,parent,,R0MUWSFPU8MPRO8K5P83,parent,
969500VR2NA6ANMTXH21,9695005MSX1OYEMGDF46,parent,,9695005MSX1OYEMGDF46,parent,
969500W34S6NCZWYBV47,9695005MSX1OYEMGDF46,parent,,9695005MSX1OYEMGDF46,parent,
969500W8SBCXNX1DG443,9695005MSX1OYEMGDF46,parent,,9695005MSX1OYEMGDF46,parent,
969500WFZ7C2IBN9TB80,9695005MSX1OYEMGDF46,parent,,9695005MSX1OYEMGDF46,parent,
969500WJ4V0WNG8Q5L42,969500TJ5KRTCJQWXH05,parent,,969500TJ5KRTCJQWXH05,parent,
969500X8MO6M37C47827,,exception,NON_PUBLIC,,exception,NON_PUBLIC
9845006BAF66DZ35C849,,exception,NON_CONSOLIDATING,,exception,NON_CONSOLIDATING
9845006C7B5CC707X660,M312WZV08Y7LYUC71685,parent,,M312WZV08Y7LYUC71685,parent,
9845009BE414FBF82130,,exception,NON_CONSOLIDATING,,exception,NON_CONSOLIDATING
984500ADEE3DE4F14F51,,exception,NO_KNOWN_PERSON,,exception,NO_KNOWN_PERSON
984500E4D07499C10435,,exception,NO_KNOWN_PERSON,,exception,NO_KNOWN_PERSON
9CZ7TVMR36CYD5TZBS50,5299003ONUYCE70HZ185,parent,,5299003ONUYCE70HZ185,parent,
9KOGW2C2FCIOJQ7FF485,PQOH26KWDF7CG10L6792,parent,,PQOH26KWDF7CG10L6792,parent,
9ZHRYM6F437SQJ6OUG95,,exception,NO_KNOWN_PERSON,,exception,NO_KNOWN_PERSON
A5GWLFH3KM7YV2SFQL84,,exception,NO_KNOWN_PERSON,,exception,NO_KNOWN_PERSON
AT0000000000043000VB,,nichts_gemeldet,,,nichts_gemeldet,
B64D6Y3LBJS4ANNPCU93,,exception,NON_CONSOLIDATING,,exception,NON_CONSOLIDATING
B81CK4ESI35472RHJ606,,exception,NO_KNOWN_PERSON,,exception,NO_KNOWN_PERSON
BB3BGO3LCED63R8R9R41,,exception,NON_CONSOLIDATING,,exception,NON_CONSOLIDATING
BFXS5XCH7N0Y05NIXW11,,exception,NON_CONSOLIDATING,,exception,NON_CONSOLIDATING
CXUHEGU3MADZ2CEV7C11,213800KGF4EFNUQKAT69,parent,,213800KGF4EFNUQKAT69,parent,
D1HEB8VEU6D9M8ZUXG17,549300TRUWO2CD2G5692,parent,,549300TRUWO2CD2G5692,parent,
DG3RU1DBUFHT4ZF9WN62,,exception,NATURAL_PERSONS,,exception,NATURAL_PERSONS
DIZES5CFO5K3I5R58746,,exception,NO_KNOWN_PERSON,,exception,NO_KNOWN_PERSON
DSNHHQ2B9X5N6OUJ1236,,exception,NON_CONSOLIDATING,,exception,NON_CONSOLIDATING
DZZ47B9A52ZJ6LT6VV95,,exception,NON_CONSOLIDATING,,exception,NON_CONSOLIDATING
EQYXK86SF381Q21S3020,,exception,NON_PUBLIC,9DJT3UXIJIZJI4WXO774,parent,
EV2XZWMLLXF2QRX0CD47,,exception,NON_CONSOLIDATING,,exception,NON_CONSOLIDATING
F0HUI1NY1AZMJMD8LP67,MP6I5ZYZBEU3UXPYFY54,parent,,MLU0ZO3ML4LN2LL2TL39,parent,
F3JS33DEI6XQ4ZBPTN86,,exception,NON_CONSOLIDATING,,exception,NON_CONSOLIDATING
FR9695005MSX1OYEMGDF,,nichts_gemeldet,,,nichts_gemeldet,
FR969500TJ5KRTCJQWXH,,nichts_gemeldet,,,nichts_gemeldet,
G8ZTNESVNKW4NN761W05,BFXS5XCH7N0Y05NIXW11,parent,,BFXS5XCH7N0Y05NIXW11,parent,
GDI8P8WHFH4PS5YTU851,,exception,NON_CONSOLIDATING,,exception,NON_CONSOLIDATING
GP5DT10VX1QRQUKVBK64,,exception,NO_KNOWN_PERSON,,exception,NO_KNOWN_PERSON
GTQYZJON3I7SXRNJTT73,391200EEGLNXBBCVKC73,parent,,391200EEGLNXBBCVKC73,parent,
H0YX5LBGKDVOWCXBZ594,,exception,NON_CONSOLIDATING,,exception,NON_CONSOLIDATING
H8MIG1MMPR6JXUQVBM04,,exception,NO_LEI,,exception,NON_PUBLIC
HWIPDOTRM1EKRPKYKH81,549300GLF98S992BC502,parent,,549300GLF98S992BC502,parent,
I6SS27Q1Q3385V753S50,529900XSTAE561178282,parent,,529900XSTAE561178282,parent,
I6USJ58BDV2BO5KP3C31,,exception,NON_CONSOLIDATING,,exception,NON_CONSOLIDATING
I7ETN0QQO2AHZZGHJ389,,exception,NON_CONSOLIDATING,,exception,NON_CONSOLIDATING
J48C8PCSJVUBR8KCW529,,exception,NO_KNOWN_PERSON,,exception,NO_KNOWN_PERSON
J4CP7MHCXR8DAQMKIL78,,exception,NO_KNOWN_PERSON,,exception,NO_KNOWN_PERSON
JLS56RAMYQZECFUF2G44,3TK20IVIUJ8J3ZU0QE75,parent,,549300NYKK9MWM7GGW15,parent,
JU1U6S0DG9YLT7N8ZV32,,exception,NON_CONSOLIDATING,,exception,NON_CONSOLIDATING
K8MS7FD7N5Z2WQ51AZ71,,exception,NO_KNOWN_PERSON,,exception,NO_KNOWN_PERSON
KFUXYFTU2LHQFQZDQG45,,exception,NON_CONSOLIDATING,,exception,NON_CONSOLIDATING
KGCEPHLVVKVRZYO1T647,R0MUWSFPU8MPRO8K5P83,parent,,R0MUWSFPU8MPRO8K5P83,parent,
KR6LSKV3BTSJRD41IF75,549300TRUWO2CD2G5692,parent,,549300TRUWO2CD2G5692,parent,
KX1WK48MPD4Y2NCUIZ63,9695005MSX1OYEMGDF46,parent,,9695005MSX1OYEMGDF46,parent,
LIU16F6VZJSD6UKHD557,,exception,NO_LEI,54930044PCO1XG0OGZ29,parent,
LOO0AWXR8GF142JCO404,,exception,NO_KNOWN_PERSON,,exception,NO_KNOWN_PERSON
M312WZV08Y7LYUC71685,,exception,NON_CONSOLIDATING,,exception,NON_CONSOLIDATING
M6AD1Y1KW32H8THQ6F76,,exception,NON_CONSOLIDATING,,exception,NON_CONSOLIDATING
MAES062Z21O4RZ2U7M96,,exception,NON_CONSOLIDATING,,exception,NON_CONSOLIDATING
MI3TLH1I0D58ORE24Q14,,exception,NON_CONSOLIDATING,,exception,NON_CONSOLIDATING
MKP1B7E76TN04CD85Z79,,exception,NON_CONSOLIDATING,,exception,NON_CONSOLIDATING
MMYX0N4ZEZ13Z4XCG897,HPFHU0OQ28E4N0NFVK49,parent,,WFLLPEPC7FZXENRZV188,parent,
N1FBEDJ5J41VKZLO2475,6SHGI4ZSSLCXXQSBB395,parent,,6SHGI4ZSSLCXXQSBB395,parent,
N4JDFKKH2FTD8RKFXO39,VBHFXSYT7OG62HNT8T76,parent,,9695000CG7B84NLR5984,parent,
N747OI7JINV7RUUH6190,,exception,NO_KNOWN_PERSON,,exception,NO_KNOWN_PERSON
NHBDILHZTYCNBV5UYZ31,,exception,NO_KNOWN_PERSON,,exception,NO_KNOWN_PERSON
NICH5Q04ADUV9SN3Q390,9695005MSX1OYEMGDF46,parent,,9695005MSX1OYEMGDF46,parent,
NMH2KF074RKAGTH4CM63,R0MUWSFPU8MPRO8K5P83,parent,,R0MUWSFPU8MPRO8K5P83,parent,
NNVPP80YIZGEY2314M97,,exception,NO_KNOWN_PERSON,,exception,NO_KNOWN_PERSON
O2RNE8IBXP4R0TD8PU41,,exception,NO_KNOWN_PERSON,,exception,NO_KNOWN_PERSON
P4GTT6GF1W40CVIMFR43,,exception,NON_CONSOLIDATING,,exception,NON_CONSOLIDATING
PQOH26KWDF7CG10L6792,,exception,NON_CONSOLIDATING,,exception,NON_CONSOLIDATING
PRNXTNXHBI0TSY1V8P17,549300TRUWO2CD2G5692,parent,,549300TRUWO2CD2G5692,parent,
PSNL19R2RXX5U3QWHI44,J4CP7MHCXR8DAQMKIL78,parent,,J4CP7MHCXR8DAQMKIL78,parent,
PWEFG14QWWESISQ84C69,,exception,NO_KNOWN_PERSON,,exception,NO_KNOWN_PERSON
Q5BP2UEQ48R75BOTCB92,6B2PBRV1FCJDMR45RZ53,parent,,213800X3Q9LSAKRUWY91,parent,
QS3ZEAHRBZY9228Z0111,5299007MF0604ZGJER92,parent,,5299007MF0604ZGJER92,parent,
R0MUWSFPU8MPRO8K5P83,,exception,NO_KNOWN_PERSON,,exception,NO_KNOWN_PERSON
R1IO4YJ0O79SMWVCHB58,549300TXTCI7WVVJS380,parent,,213800QAUUUP6I445N30,parent,
R7CQUF1DQM73HUTV1078,,exception,NO_KNOWN_PERSON,,exception,NO_KNOWN_PERSON
RG3IZJKPYQ4H6IQPIC08,529900UKZBMDBDZIXD62,parent,,529900UKZBMDBDZIXD62,parent,
RRUN0TCQ1K2JDV7MXO75,,exception,NO_KNOWN_PERSON,,exception,NO_KNOWN_PERSON
RUOKPID0PZ0UWJYU9J61,E0KSF7PFQ210NWI8Z391,parent,,PWFTNG3EI0Y73OXWDH08,parent,
RY3KI4Q2655O2GIL8D68,,exception,NON_CONSOLIDATING,,exception,NON_CONSOLIDATING
SI5RG2M0WQQLZCXKRM20,,exception,NON_CONSOLIDATING,,exception,NON_CONSOLIDATING
SX0CI4F7GVW5530ZMN03,PBLD0EJDB5FWOLXP3B76,parent,,PBLD0EJDB5FWOLXP3B76,parent,
TO822O0VT80V06K0FH57,,exception,NON_CONSOLIDATING,,exception,NON_CONSOLIDATING
TPS0Q8GFSZF45ZZFL873,969500LD0BQ3C4SRZ116,parent,,O2RNE8IBXP4R0TD8PU41,parent,
TUKDD90GPC79G1KOE162,,exception,NO_KNOWN_PERSON,,exception,NO_KNOWN_PERSON
UAIAINAJ28P30E5GWE37,KGCEPHLVVKVRZYO1T647,parent,,R0MUWSFPU8MPRO8K5P83,parent,
UI802FYJ52XDB7N4KN18,R0MUWSFPU8MPRO8K5P83,parent,,R0MUWSFPU8MPRO8K5P83,parent,
VDYMYTQGZZ6DU0912C88,,exception,NON_CONSOLIDATING,,exception,NON_CONSOLIDATING
VWMYAEQSTOPNV0SUGU82,,exception,NO_KNOWN_PERSON,,exception,NO_KNOWN_PERSON
XLEZHWWOI4HFQDGL4793,N1FBEDJ5J41VKZLO2475,parent,,6SHGI4ZSSLCXXQSBB395,parent,
XTC5E2QFTEF0435JWL77,,exception,NON_CONSOLIDATING,,exception,NON_CONSOLIDATING
Y28RT6GGYJ696PMW8T44,549300TRUWO2CD2G5692,parent,,549300TRUWO2CD2G5692,parent,
