lei,scope,refPeriod,bank_name,n_findings,n_hoch,n_mittel,n_niedrig,n_facts_checked,findings_per_1000,n_templates,templates,templates_hoch,max_deviation_orders,n_zeitpaare,n_zeitbefunde
O2RNE8IBXP4R0TD8PU41,CON,2025-06-30,Société générale S.A.,615,249,277,89,4061,75.55,14,04.00.A|04.00.B|24.00|26.00.A|26.00.B|27.02.A|29.00|61.00|66.01.A|67.02|71.00|73.00.E|74.00.F|90.01,04.00.A|04.00.B|24.00|26.00.A|27.02.A|29.00|61.00|66.01.A|74.00.F,4.16,4079,8
549300GKFG0RYRRQ1414,CON,2025-06-30,DNB BANK ASA,477,474,1,2,4193,58.43,5,09.03|26.00.A|26.00.B|27.02.A|45.00.A,26.00.A|26.00.B|45.00.A,8.63,3971,1
JLS56RAMYQZECFUF2G44,CON,2025-06-30,ING Belgie,458,276,180,2,4878,93.89,3,04.00.A|26.00.A|27.02.A,04.00.A|26.00.A|27.02.A,8.51,0,0
549300Q3OIWRHQUQM052,CON,2025-12-31,SpareBank 1 Sør-Norge,315,86,190,39,3399,82.76,8,24.00|26.00.A|26.01|29.00|42.00.B|71.00|90.01|91.00.A,24.00|26.00.A|26.01|29.00|42.00.B|90.01|91.00.A,11.15,407,0
96950001WI712W7PQG45,CON,2025-12-31,RCI Banque,254,107,138,9,3233,49.22,13,10.00|24.00|26.00.A|26.00.B|26.01|41.00|44.00|61.00|66.01.A|67.02|71.00|73.00.E|74.00.F,24.00|26.00.A|41.00|44.00|61.00|66.01.A|71.00|73.00.E|74.00.F,6.27,1927,4
7LTWFZYICNSX8D621K86,CON,2025-12-31,DEUTSCHE BANK AKTIENGESELLSCHAFT,200,17,70,113,9125,13.37,15,09.03|09.04|12.00|21.01.D|25.00|26.00.A|26.00.B|27.02.A|29.02.A|41.00|42.00.A|45.00.A|63.02.A|67.01.A|83.01.D,09.04|25.00|29.02.A|41.00|45.00.A|63.02.A,16.45,5837,51
BFXS5XCH7N0Y05NIXW11,CON,2025-06-30,ABN AMRO Bank N.V.,175,40,133,2,5300,19.11,19,03.00|04.00.B|21.01.B|24.00|25.00|26.00.A|26.00.B|41.00|42.00.B|45.00.A|48.00.A|60.00.C|63.02.A|63.02.B|63.02.C|66.02.A|67.01.A|71.00|73.00.C,03.00|24.00|25.00|26.00.A|42.00.B|71.00|73.00.C,10.91,3858,166
BFXS5XCH7N0Y05NIXW11,CON,2025-12-31,ABN AMRO Bank N.V.,171,40,131,0,5147,17.88,17,03.00|21.01.B|24.00|25.00|26.00.A|26.00.B|28.00|41.00|42.00.B|45.00.A|60.00.A|60.00.C|63.02.A|66.02.A|67.01.A|71.00|73.00.C,03.00|24.00|25.00|26.00.A|42.00.B|71.00|73.00.C,10.92,4418,165
O2RNE8IBXP4R0TD8PU41,CON,2025-12-31,Société générale S.A.,161,83,71,7,7136,13.54,7,04.00.A|04.00.B|19.01|29.00|61.00|73.00.E|74.00.F,04.00.A|19.01|29.00|61.00|74.00.F,7.62,4755,1
MAES062Z21O4RZ2U7M96,CON,2025-12-31,Danske Bank A/S,152,94,52,6,6054,14.02,10,26.00.A|41.00|42.00.B|45.00.A|63.01.B|63.01.C|63.01.D|63.01.E|67.01.A|84.01,41.00|42.00.B|45.00.A,11.91,4790,109
A5GWLFH3KM7YV2SFQL84,CON,2025-06-30,Belfius Bank,145,80,56,9,3193,22.61,11,24.00|25.00|27.02.A|27.02.B|41.00|61.00|71.00|73.00.E|74.00.F|90.01|91.00.A,24.00|25.00|27.02.A|61.00|74.00.F|90.01|91.00.A,6.93,3220,5
549300NYKK9MWM7GGW15,CON,2025-12-31,ING Groep N.V.,130,29,92,9,8228,7.73,17,04.00.A|09.03|19.01|25.00|26.00.A|26.00.B|27.01|27.02.A|30.01|30.02|30.05.A|41.00|45.00.A|45.00.B|67.01.A|83.01.C|83.01.D,19.01|25.00|26.00.A|45.00.B,9.86,8583,81
851WYGNLUQLFZBSYGB56,CON,2025-06-30,COMMERZBANK Aktiengesellschaft,130,85,43,2,6461,10.15,11,04.00.A|05.00.A|05.00.B|25.00|26.00.A|27.01|27.02.B|41.00|45.00.A|66.01.A|83.01.D,26.00.A|41.00|45.00.A,7.40,6346,78
K8MS7FD7N5Z2WQ51AZ71,CON,2025-06-30,"Banco Bilbao Vizcaya Argentaria, S.A.",115,38,76,1,5808,12.78,8,29.02.A|61.00|66.01.A|67.01.A|74.00.A|74.00.C|74.00.D|74.00.E,29.02.A|61.00|66.01.A,10.10,3193,81
K8MS7FD7N5Z2WQ51AZ71,CON,2025-12-31,"Banco Bilbao Vizcaya Argentaria, S.A.",111,34,77,0,4599,13.05,9,04.00.A|29.02.A|61.00|66.01.A|67.01.A|74.00.A|74.00.C|74.00.D|74.00.E,04.00.A|29.02.A|66.01.A,8.00,3907,77
3H0Q3U74FVFED2SHZT16,CON,2025-06-30,MBH bankcsoport,109,34,74,1,2945,18.58,6,05.00.B|24.00|41.00|42.00.A|67.01.A|71.00,05.00.B|41.00|71.00,7.64,2920,106
MAES062Z21O4RZ2U7M96,CON,2025-06-30,Danske Bank A/S,109,61,45,3,4431,12.37,7,26.00.A|41.00|42.00.B|45.00.A|60.00.A|67.01.A|84.01,41.00|42.00.B|45.00.A,11.91,4384,106
3H0Q3U74FVFED2SHZT16,CON,2025-12-31,MBH bankcsoport,107,34,72,1,3644,15.45,6,05.00.B|24.00|41.00|42.00.A|67.01.A|71.00,05.00.B|41.00|71.00,7.64,3281,106
96950001WI712W7PQG45,CON,2025-06-30,RCI Banque,107,63,39,5,2122,26.43,9,10.00|24.00|41.00|44.00|61.00|66.01.A|67.02|73.00.E|74.00.F,24.00|41.00|44.00|61.00|66.01.A|73.00.E|74.00.F,6.27,1927,4
O2RNE8IBXP4R0TD8PU41,CON,2025-09-30,Société générale S.A.,98,49,44,5,594,52.29,3,61.00|73.00.E|90.01,61.00|90.01,3.03,1280,7
96950041VJ1QP0B69503,CON,2025-06-30,Crédit mutuel Arkéa,97,1,95,1,3582,13.90,4,03.00|04.00.B|41.00|67.01.A,03.00,8.32,3398,96
O2RNE8IBXP4R0TD8PU41,CON,2026-03-31,Société générale S.A.,97,54,38,5,612,76.38,3,61.00|73.00.E|90.01,61.00|90.01,2.09,658,0
R0MUWSFPU8MPRO8K5P83,CON,2025-12-31,BNP Paribas,97,32,65,0,8197,5.76,7,04.00.A|12.00|26.00.A|41.00|60.00.B|74.00.D|83.01.C,04.00.A|12.00|60.00.B|74.00.D,13.99,8646,95
259400YLRTOBISHBVX41,CON,2025-06-30,ING Bank Slaski S.A.,96,36,60,0,2752,18.37,10,04.00.A|24.00|25.00|26.00.A|60.00.A|63.02.A|63.02.B|67.01.A|67.01.B|84.01,63.02.A|63.02.B|67.01.A|67.01.B,8.04,2475,96
96950041VJ1QP0B69503,CON,2025-12-31,Crédit mutuel Arkéa,96,1,95,0,4148,12.11,3,03.00|41.00|67.01.A,03.00,8.32,3778,96
259400YLRTOBISHBVX41,CON,2025-12-31,ING Bank Slaski S.A.,93,34,59,0,3687,14.38,7,04.00.A|24.00|25.00|26.00.A|67.01.A|67.01.B|84.01,67.01.A|67.01.B,8.04,2781,93
549300URJH9VSI58CS32,CON,2025-12-31,"Banco Santander Totta, SA",93,70,23,0,3405,16.61,2,41.00|66.01.A,41.00|66.01.A,10.12,2193,1
A5GWLFH3KM7YV2SFQL84,CON,2026-03-31,Belfius Bank,91,48,36,7,525,86.75,2,61.00|73.00.E,61.00,2.18,524,0
549300NYKK9MWM7GGW15,CON,2025-06-30,ING Groep N.V.,89,10,71,8,6846,6.02,13,04.00.A|09.03|25.00|26.00.A|26.00.B|27.01|27.02.A|41.00|45.00.A|45.00.B|67.01.A|83.01.C|83.01.D,25.00|26.00.A|45.00.B,9.86,7941,81
R0MUWSFPU8MPRO8K5P83,CON,2025-06-30,BNP Paribas,89,22,67,0,6458,6.29,6,04.00.A|12.00|26.00.A|41.00|74.00.D|83.01.C,04.00.A|74.00.D,13.99,7683,89
851WYGNLUQLFZBSYGB56,CON,2025-12-31,COMMERZBANK Aktiengesellschaft,84,35,49,0,8622,5.39,15,05.00.A|05.00.B|25.00|26.00.A|27.01|27.02.B|41.00|45.00.A|60.00.A|63.01.B|63.01.C|63.01.D|63.01.E|66.01.A|83.01.D,26.00.A|41.00|45.00.A,7.40,6961,84
A5GWLFH3KM7YV2SFQL84,CON,2025-09-30,Belfius Bank,78,39,34,5,518,50.26,3,61.00|63.02.C|73.00.E,61.00,5.14,1034,3
EV2XZWMLLXF2QRX0CD47,CON,2025-12-31,Kommuninvest - Grupp,76,14,61,1,970,36.45,4,21.01.C|25.00|61.00|66.01.A,25.00|61.00,6.27,1115,14
549300JB1P61FUTPEZ75,CON,2025-12-31,"Všeobecná úverová banka, a.s.",75,8,65,2,4287,9.49,12,04.00.A|21.01.A|21.01.D|25.00|26.00.A|26.00.B|29.02.A|41.00|43.00.A|48.00.C|67.01.A|84.01,04.00.A|43.00.A,10.22,3615,22
9ZHRYM6F437SQJ6OUG95,CON,2025-12-31,Raiffeisen Bank International AG,73,4,68,1,6561,5.82,13,03.00|09.03|12.00|13.00|24.00|29.02.A|41.00|45.00.A|61.00|66.02.C|66.02.D|67.01.A|68.00,45.00.A,7.62,5988,71
9KOGW2C2FCIOJQ7FF485,CON,2025-12-31,"Česká spořitelna, a.s.",70,35,30,5,1935,18.44,8,24.00|27.02.A|61.00|66.01.A|67.01.A|67.01.B|71.00|83.01.D,24.00|27.02.A|61.00|66.01.A|67.01.B,11.60,1861,5
391200EEGLNXBBCVKC73,CON,2025-06-30,Erwerbsgesellschaft der S-Finanzgruppe mbH & Co. KG,69,36,32,1,149,287.50,1,61.00,61.00,2.24,91,0
969500B5DNR7Q1ACGD23,CON,2026-03-31,Caisse régionale de crédit agricole mutuel Atlantique Vendée,69,47,21,1,347,198.85,2,61.00|73.00.E,61.00,2.31,0,0
9ZHRYM6F437SQJ6OUG95,CON,2025-06-30,Raiffeisen Bank International AG,68,4,63,1,5933,5.70,12,03.00|04.00.A|09.03|13.00|24.00|29.02.A|41.00|45.00.A|66.02.C|66.02.D|67.01.A|68.00,45.00.A,7.62,5995,67
EV2XZWMLLXF2QRX0CD47,CON,2025-06-30,Kommuninvest - Grupp,66,11,54,1,878,38.31,4,21.01.C|25.00|61.00|66.01.A,25.00|61.00,6.27,845,10
549300OLBL49CW8CT155,CON,2025-12-31,"Ibercaja Banco, S.A.",65,65,0,0,2847,12.21,2,41.00|45.00.A,41.00|45.00.A,6.70,2475,1
549300ZHFZ4CSK7VS460,CON,2025-12-31,Privredna Banka Zagreb d.d.,64,5,43,16,3246,18.68,8,04.00.A|04.00.B|26.00.A|26.00.B|61.00|66.01.A|67.02|71.00,71.00,2.46,181,0
PQOH26KWDF7CG10L6792,CON,2025-06-30,Erste Group Bank AG,63,62,0,1,6160,9.40,3,04.00.A|41.00|45.00.A,41.00|45.00.A,7.50,544,0
EV2XZWMLLXF2QRX0CD47,CON,2026-03-31,Kommuninvest - Grupp,62,5,57,0,288,108.96,1,61.00,61.00,4.00,281,2
549300DYPOFMXOR7XM56,CON,2025-06-30,Crelan,60,0,59,1,3560,8.20,5,26.00.A|26.00.B|41.00|73.00.D|83.01.C,,5.33,3755,9
549300DYPOFMXOR7XM56,CON,2025-12-31,Crelan,60,0,59,1,4277,7.47,5,26.00.A|26.00.B|41.00|73.00.D|83.01.C,,5.33,3755,9
EV2XZWMLLXF2QRX0CD47,CON,2025-09-30,Kommuninvest - Grupp,56,4,51,1,269,70.00,1,61.00,61.00,4.00,531,2
JU1U6S0DG9YLT7N8ZV32,CON,2025-06-30,"Banco Comercial Português, SA",56,23,33,0,5296,4.87,6,04.00.A|25.00|41.00|45.00.A|67.01.A|83.01.C,04.00.A,5.92,6210,29
529900I1UZV70CZRAU55,CON,2025-12-31,Raiffeisenbank Austria d.d.,53,32,21,0,2553,11.33,8,21.01.A|23.00|27.02.A|30.01|30.05.A|30.05.B|41.00|67.01.A,21.01.A|27.02.A|30.01|30.05.A|30.05.B,6.85,2125,5
9KOGW2C2FCIOJQ7FF485,CON,2025-06-30,"Česká spořitelna, a.s.",53,27,21,5,1402,18.35,8,24.00|27.02.A|61.00|66.01.A|67.01.A|67.01.B|71.00|83.01.D,24.00|27.02.A|61.00|66.01.A|67.01.B,11.58,1486,5
JU1U6S0DG9YLT7N8ZV32,CON,2025-12-31,"Banco Comercial Português, SA",53,19,33,1,6100,4.30,7,04.00.A|24.00|25.00|41.00|45.00.A|67.01.A|83.01.C,04.00.A,5.92,6216,29
549300XWJHRKLHU2PS28,CON,2025-12-31,ERSTE csoport,52,16,28,8,3944,13.18,3,26.00.A|26.00.B|30.01,26.00.A|26.00.B,5.63,0,0
7LTWFZYICNSX8D621K86,CON,2025-06-30,DEUTSCHE BANK AKTIENGESELLSCHAFT,52,16,36,0,4707,5.26,13,09.03|09.04|21.01.D|25.00|26.00.B|27.02.A|29.02.A|41.00|42.00.A|45.00.A|63.02.A|67.01.A|83.01.D,09.04|25.00|29.02.A|41.00|45.00.A,16.29,5177,50
969500CJCTMI93QJKK89,CON,2025-12-31,Axa banque,52,16,34,2,453,114.79,1,61.00,61.00,2.08,0,0
549300DVPJYGNF2P7B03,CON,2025-06-30,Steiermärkische Bank und Sparkassen Aktiengesellschaft,50,10,40,0,2358,10.16,8,21.02|27.02.B|63.02.A|63.02.C|66.02.D|66.02.E|66.02.F|83.01.D,27.02.B|63.02.A|63.02.C|83.01.D,8.15,2561,50
7CUNS533WID6K7DGFI87,CON,2025-12-31,"CaixaBank, S.A.",50,2,46,2,6283,4.09,10,09.03|12.00|25.00|26.00.A|27.02.A|41.00|45.00.B|66.01.A|67.01.A|91.00.B,91.00.B,7.33,5951,45
529900HEKOENJHPNN480,CON,2025-06-30,Kuntarahoitus Oyj,48,27,12,9,1389,17.16,6,23.00|41.00|45.00.A|61.00|66.01.A|68.00,41.00|45.00.A,6.72,1408,7
5493006QMFDDMYWIAM13,CON,2025-12-31,"Banco Santander, S.A.",46,0,44,2,7809,3.01,9,04.00.A|30.01|30.02|30.03|30.05.A|63.02.A|63.02.B|66.01.A|67.01.A,,5.99,7454,3
549300DVPJYGNF2P7B03,CON,2025-12-31,Steiermärkische Bank und Sparkassen Aktiengesellschaft,46,6,40,0,2602,8.91,6,21.02|27.02.B|66.02.D|66.02.E|66.02.F|83.01.D,27.02.B|83.01.D,8.15,2560,46
549300JB1P61FUTPEZ75,CON,2025-06-30,"Všeobecná úverová banka, a.s.",46,8,37,1,2894,7.68,13,04.00.A|04.00.B|21.01.A|21.01.D|25.00|26.00.A|26.00.B|29.02.A|41.00|43.00.A|48.00.C|67.01.A|84.01,04.00.A|04.00.B|43.00.A,10.22,3095,22
7CUNS533WID6K7DGFI87,CON,2025-06-30,"CaixaBank, S.A.",46,0,44,2,5229,4.34,8,09.03|25.00|26.00.A|27.02.A|41.00|45.00.B|66.01.A|67.01.A,,6.00,5375,43
DG3RU1DBUFHT4ZF9WN62,CON,2025-12-31,Coöperatieve Rabobank U.A.,44,27,14,3,6058,6.72,6,30.01|30.02|30.03|30.05.A|61.00|73.00.E,30.01,7.57,486,1
KFUXYFTU2LHQFQZDQG45,CON,2025-06-30,Kereskedelmi és Hitelbank csoport,44,5,39,0,2067,10.94,1,41.00,41.00,7.00,1956,1
724500A1FNICHSDF2I11,CON,2025-12-31,ASN Bank N.V.,43,27,15,1,2792,8.72,8,19.01|21.02|26.00.A|26.00.B|41.00|60.00.A|83.01.C|83.01.D,26.00.A|26.00.B|60.00.A,6.36,2139,9
F0HUI1NY1AZMJMD8LP67,CON,2025-06-30,HSBC Continental Europe,43,4,38,1,4442,4.94,7,24.00|41.00|45.00.A|45.00.B|63.02.B|63.02.C|67.01.A,67.01.A,7.14,4262,42
F0HUI1NY1AZMJMD8LP67,CON,2025-12-31,HSBC Continental Europe,43,4,38,1,4707,4.79,8,24.00|26.00.A|41.00|45.00.A|45.00.B|63.02.B|63.02.C|67.01.A,67.01.A,7.14,4262,42
529900RWC8ZYB066JF16,CON,2025-06-30,Bank of Valletta Plc,42,20,22,0,2169,9.84,2,43.00.A|43.00.B,43.00.A|43.00.B,6.28,2098,42
529900RWC8ZYB066JF16,CON,2025-12-31,Bank of Valletta Plc,42,20,22,0,2580,8.97,2,43.00.A|43.00.B,43.00.A|43.00.B,6.28,2101,42
5967007LIEEXZX5PU005,CON,2025-12-31,Sparebanken Møre SPA,41,8,29,4,1219,32.83,1,29.00,29.00,7.00,30,0
D1HEB8VEU6D9M8ZUXG17,CON,2025-12-31,UniCredit Bank Austria AG,41,18,22,1,2401,8.21,8,12.00|24.00|27.02.B|29.02.A|66.02.A|66.02.C|67.01.A|71.00,29.02.A|71.00,6.40,2595,40
529900JZTYE3W7WQH904,CON,2025-12-31,HASPA Finanzholding,40,26,11,3,2648,7.71,7,21.01.D|24.00|30.01|41.00|42.00.B|45.00.A|67.02,24.00|30.01|41.00|42.00.B|45.00.A,10.39,2543,10
D1HEB8VEU6D9M8ZUXG17,CON,2025-06-30,UniCredit Bank Austria AG,40,18,21,1,2163,9.18,7,24.00|27.02.B|29.02.A|66.02.A|66.02.C|67.01.A|71.00,29.02.A|71.00,6.40,2195,39
213800A1O379I6DMCU10,IND,2025-06-30,APS BANK P.L.C.,37,1,35,1,1464,13.11,7,25.00|41.00|60.00.A|60.00.C|66.01.A|66.02.D|66.02.F,41.00,6.43,1358,36
259400LGXW3K0GDAG361,CON,2025-06-30,Santander Bank Polska S.A.,37,1,36,0,3160,5.26,8,03.00|25.00|41.00|67.01.A|83.01.B|83.01.C|83.01.D|83.01.E,03.00,6.44,3868,37
259400LGXW3K0GDAG361,CON,2025-12-31,Santander Bank Polska S.A.,37,1,36,0,3784,4.60,8,03.00|25.00|41.00|67.01.A|83.01.B|83.01.C|83.01.D|83.01.E,03.00,6.44,4267,37
724500A1FNICHSDF2I11,CON,2025-06-30,ASN Bank N.V.,37,27,9,1,2157,8.61,7,21.02|26.00.A|26.00.B|41.00|60.00.A|83.01.C|83.01.D,26.00.A|26.00.B|60.00.A,6.28,2139,9
KX1WK48MPD4Y2NCUIZ63,CON,2025-06-30,Natixis,36,2,26,8,3815,4.37,6,04.00.A|09.01|09.03|61.00|67.01.A|83.01.D,61.00,6.03,4418,28
A5GWLFH3KM7YV2SFQL84,CON,2025-12-31,Belfius Bank,35,15,12,8,4359,4.32,8,24.00|25.00|26.01|41.00|42.00.B|63.02.C|90.01|91.00.A,25.00|26.01|42.00.B|90.01|91.00.A,6.93,3748,8
J4CP7MHCXR8DAQMKIL78,CON,2025-12-31,Banca Monte dei Paschi di Siena S.p.A.,35,10,25,0,6191,3.22,18,03.00|04.00.A|09.01|09.04|21.01.E|25.00|26.00.A|28.00|41.00|61.00|63.01.B|63.01.C|63.01.D|63.01.E|66.02.E|67.01.A|73.00.E|84.01,61.00|63.01.B|63.01.C|63.01.D|73.00.E,9.27,4672,35
5493007S4JE930SIUE86,CON,2025-12-31,ING Holding Deutschland GmbH,34,4,28,2,2427,7.68,7,30.01|30.02|30.05.A|66.01.A|67.01.A|80.00.D|93.00,67.01.A|93.00,8.74,2000,14
NHBDILHZTYCNBV5UYZ31,CON,2025-12-31,Svenska Handelsbanken - gruppen,34,13,19,2,5570,3.19,12,04.00.A|30.01|41.00|60.00.A|63.01.B|63.01.C|63.01.D|66.01.A|67.01.A|83.01.A|90.01|91.00.A,66.01.A|90.01|91.00.A,7.00,5076,18
549300IQZVZ949N37S44,CON,2025-06-30,Euroclear Holding,32,3,23,6,1099,14.51,4,61.00|67.01.A|68.00|84.01,67.01.A,6.15,1106,26
549300SXM92LQ05OJQ76,CON,2025-06-30,Sparebank 1 Nord-Norge SPA,32,23,8,1,1140,14.55,5,02.00|25.00|26.00.A|26.00.B|61.00,26.00.A|26.00.B|61.00,8.40,1060,7
AT0000000000043000VB,CON,2025-12-31,VOLKSBANK WIEN AG VB,32,29,3,0,3226,9.92,2,41.00|45.00.A,41.00|45.00.A,6.91,0,0
N747OI7JINV7RUUH6190,CON,2025-06-30,BPER Banca S.p.A.,32,0,32,0,4421,3.78,8,21.01.D|25.00|26.00.A|29.02.A|41.00|45.00.A|45.00.B|67.01.A,,5.29,4043,32
N747OI7JINV7RUUH6190,CON,2025-12-31,BPER Banca S.p.A.,32,0,32,0,5787,3.26,8,21.01.D|25.00|26.00.A|29.02.A|41.00|45.00.A|45.00.B|67.01.A,,5.29,4044,32
529900RQOBT3ZJMDRK43,CON,2025-12-31,Bank Frick AG,31,22,8,1,131,236.64,2,61.00|66.01.A,61.00|66.01.A,2.21,0,0
549300TRUWO2CD2G5692,CON,2025-12-31,"UNICREDIT, SOCIETA' PER AZIONI",31,0,30,1,9556,1.71,16,04.00.A|05.00.A|09.03|09.05|24.00|25.00|26.00.A|28.00|29.02.A|41.00|45.00.A|66.02.E|67.01.A|70.00|71.00|84.01,,5.81,8586,30
9CZ7TVMR36CYD5TZBS50,CON,2025-06-30,Banque Internationale à Luxembourg,31,4,26,1,4036,4.14,8,03.00|24.00|25.00|26.00.A|41.00|42.00.A|45.00.A|67.01.A,41.00|42.00.A|45.00.A,8.26,3446,30
9CZ7TVMR36CYD5TZBS50,CON,2025-12-31,Banque Internationale à Luxembourg,31,4,26,1,4498,3.68,8,03.00|24.00|25.00|26.00.A|41.00|42.00.A|45.00.A|67.01.A,41.00|42.00.A|45.00.A,8.26,3932,30
529900ODI3047E2LIV03,CON,2025-12-31,Nordea Bank Abp,30,4,23,3,6800,2.29,6,25.00|26.00.A|27.02.A|29.00|67.01.A|74.00.C,26.00.A|29.00|67.01.A,9.96,6292,21
549300TRUWO2CD2G5692,CON,2025-06-30,"UNICREDIT, SOCIETA' PER AZIONI",30,0,29,1,7403,1.96,15,04.00.A|05.00.A|09.03|09.05|24.00|25.00|26.00.A|29.02.A|41.00|45.00.A|66.02.E|67.01.A|70.00|71.00|84.01,,5.81,7931,29
549300IQZVZ949N37S44,CON,2025-12-31,Euroclear Holding,29,3,23,3,1492,11.23,4,61.00|67.01.A|68.00|84.01,67.01.A,6.15,1091,26
549300RG3H390KEL8896,CON,2025-12-31,Banca Transilvania,29,1,28,0,2695,6.09,9,21.01.E|30.02|41.00|73.00.C|80.00.E|83.01.A|83.01.C|83.01.D|83.01.E,83.01.C,6.07,2068,27
549300UOX05QGUJJ5707,IND,2025-12-31,Stadshypotek AB,29,6,23,0,1343,19.69,3,30.01|30.05.A|90.01,30.01|90.01,6.25,130,0
KX1WK48MPD4Y2NCUIZ63,CON,2025-12-31,Natixis,29,2,26,1,4812,3.14,7,04.00.A|04.00.B|09.01|09.03|61.00|67.01.A|83.01.D,61.00,6.03,4418,28
259400WNAOMT2E4OIS38,CON,2025-12-31,NEST BANK S.A.,28,21,5,2,402,69.65,3,30.01|61.00|66.01.A,61.00|66.01.A,3.43,0,0
549300L7YCATGO57ZE10,CON,2025-12-31,FINECOBANK BANCA FINECO S.P.A. (IN BREVE FINECOBANK S.P.A. OVVERO BANCA FINECO S.P.A. OVVERO FINECO BANCA S.P.A.),28,0,21,7,2909,4.95,9,23.00|61.00|67.01.A|74.00.F|83.01.A|83.01.B|83.01.C|83.01.D|83.01.E,,4.24,2745,21
PRNXTNXHBI0TSY1V8P17,CON,2025-12-31,Zagrebačka banka d.d.,28,2,25,1,2287,7.15,8,30.01|67.01.A|67.01.B|71.00|74.00.C|83.01.D|83.01.E|84.01,71.00,6.18,1627,24
2G5BKIC2CB69PRJH1W31,IND,2025-06-30,Barclays Bank Ireland plc,27,3,24,0,2602,5.10,6,03.00|10.00|41.00|45.00.A|67.01.A|84.01,10.00|67.01.A,12.92,2689,27
2G5BKIC2CB69PRJH1W31,IND,2025-12-31,Barclays Bank Ireland plc,27,3,24,0,3311,4.49,6,03.00|10.00|41.00|45.00.A|67.01.A|84.01,10.00|67.01.A,12.92,2697,27
3TK20IVIUJ8J3ZU0QE75,CON,2025-12-31,ING Bank N.V.,27,19,0,8,7391,3.65,4,04.00.A|19.01|26.00.A|26.00.B,19.01,7.45,0,0
815600F24AE25C9D1B94,CON,2025-12-31,MAURIZIO SELLA - SOCIETA' IN ACCOMANDITA PER AZIONI,27,0,0,27,2364,11.42,2,24.00|26.00.A,,2.07,0,0
529900HEKOENJHPNN480,CON,2025-12-31,Kuntarahoitus Oyj,26,6,11,9,1654,8.49,5,23.00|45.00.A|61.00|66.01.A|68.00,45.00.A,6.70,1408,7
5493001U1K6M7JOL5W45,CON,2025-12-31,Raiffeisen Bank csoport,26,0,2,24,3106,8.37,2,04.00.A|26.00.A,,1.73,0,0
FR9695005MSX1OYEMGDF,CON,2025-12-31,Groupe BPCE,26,24,1,1,6019,2.21,3,19.01|30.02|60.00.B,19.01|60.00.B,7.76,5760,3
J4CP7MHCXR8DAQMKIL78,CON,2025-06-30,Banca Monte dei Paschi di Siena S.p.A.,26,0,25,1,4424,3.03,14,03.00|04.00.A|09.01|09.04|21.01.E|24.00|25.00|26.00.A|41.00|63.02.A|63.02.B|66.02.E|67.01.A|84.01,,5.60,4146,25
2138009Y59EAR7H1UO97,CON,2025-06-30,"Akciju sabiedrība ""Citadele banka""",25,0,24,1,2884,4.23,5,24.00|41.00|45.00.B|47.00.A|67.01.A,,5.37,3033,24
VWMYAEQSTOPNV0SUGU82,CON,2025-06-30,"Bankinter, S.A.",25,12,13,0,3228,3.86,4,26.00.B|42.00.A|45.00.A|86.00,45.00.A|86.00,6.54,3245,14
2138009Y59EAR7H1UO97,CON,2025-12-31,"Akciju sabiedrība ""Citadele banka""",24,0,24,0,3326,3.57,4,41.00|45.00.B|47.00.A|67.01.A,,5.37,3390,24
213800DBQIB6VBNU5C64,CON,2025-06-30,Alpha Bank S.A.,24,19,5,0,2839,4.19,5,23.00|25.00|41.00|45.00.A|83.01.D,23.00|25.00|45.00.A,16.37,2889,24
213800DBQIB6VBNU5C64,CON,2025-12-31,Alpha Bank S.A.,24,19,5,0,3243,3.91,5,23.00|25.00|41.00|45.00.A|83.01.D,23.00|25.00|45.00.A,16.37,2892,24
549300U4LIZV0REEQQ46,CON,2025-06-30,"Kutxabank, S.A.",24,0,23,1,2197,5.36,6,02.00|09.05|24.00|25.00|45.00.A|66.01.A,,3.67,2281,23
549300U4LIZV0REEQQ46,CON,2025-12-31,"Kutxabank, S.A.",24,0,24,0,3478,3.81,6,02.00|09.05|24.00|25.00|45.00.A|66.01.A,,5.08,2816,23
95980020140005658381,IND,2025-06-30,"Aresbank, S.A.",24,20,3,1,523,34.33,6,21.01.D|61.00|66.01.A|67.01.A|73.00.E|74.00.F,61.00|66.01.A|67.01.A|74.00.F,7.59,176,1
PRNXTNXHBI0TSY1V8P17,CON,2025-06-30,Zagrebačka banka d.d.,24,2,22,0,1493,8.71,7,67.01.A|67.01.B|71.00|74.00.C|83.01.D|83.01.E|84.01,71.00,6.18,1263,24
529900ODI3047E2LIV03,CON,2025-06-30,Nordea Bank Abp,23,3,20,0,5750,2.01,5,25.00|26.00.A|27.02.A|67.01.A|74.00.C,26.00.A|67.01.A,9.96,5714,21
549300L7YCATGO57ZE10,CON,2025-06-30,FINECOBANK BANCA FINECO S.P.A. (IN BREVE FINECOBANK S.P.A. OVVERO BANCA FINECO S.P.A. OVVERO FINECO BANCA S.P.A.),23,0,21,2,2268,4.94,8,23.00|67.01.A|74.00.F|83.01.A|83.01.B|83.01.C|83.01.D|83.01.E,,4.24,2388,21
549300RFKNCOX56F8591,CON,2025-12-31,RAIFFEISEN BANK S.A.,22,2,18,2,3903,2.86,3,30.01|45.00.A|67.01.A,45.00.A,6.58,3801,18
N1FBEDJ5J41VKZLO2475,CON,2025-06-30,Citibank Europe plc,22,3,19,0,2924,5.11,7,21.01.A|21.01.D|22.01|41.00|44.00|68.00|83.01.C,41.00|44.00,8.04,1379,22
N1FBEDJ5J41VKZLO2475,CON,2025-12-31,Citibank Europe plc,22,3,19,0,1373,9.48,7,21.01.A|21.01.D|22.01|41.00|44.00|68.00|83.01.C,41.00|44.00,8.04,947,22
NICH5Q04ADUV9SN3Q390,CON,2025-06-30,BRED - Banque populaire,22,13,9,0,1984,6.61,3,21.01.D|21.02|67.01.A,21.01.D|21.02|67.01.A,7.23,1342,22
NICH5Q04ADUV9SN3Q390,CON,2025-12-31,BRED - Banque populaire,22,13,9,0,1577,7.54,3,21.01.D|21.02|67.01.A,21.01.D|21.02|67.01.A,7.23,1342,22
213800A1O379I6DMCU10,IND,2025-12-31,APS BANK P.L.C.,21,1,20,0,1821,6.04,4,25.00|41.00|66.02.D|66.02.F,41.00,6.43,1657,21
3157002JBFAI478MD587,CON,2025-12-31,"Tatra banka, a.s.",21,18,3,0,2127,4.78,2,45.00.A|61.00,45.00.A|61.00,9.92,2264,1
DIZES5CFO5K3I5R58746,CON,2025-06-30,Landesbank Hessen-Thüringen Girozentrale,21,8,13,0,5741,1.80,6,26.00.A|41.00|43.00.A|45.00.A|67.01.A|83.01.C,26.00.A|43.00.A|83.01.C,7.44,5900,21
DIZES5CFO5K3I5R58746,CON,2025-12-31,Landesbank Hessen-Thüringen Girozentrale,21,8,13,0,7075,1.55,6,26.00.A|41.00|43.00.A|45.00.A|67.01.A|83.01.C,26.00.A|43.00.A|83.01.C,7.44,6473,21
5493007S4JE930SIUE86,CON,2025-06-30,ING Holding Deutschland GmbH,20,4,15,1,2097,4.89,4,66.01.A|67.01.A|80.00.D|93.00,67.01.A|93.00,8.74,1995,14
5UMCZOEYKCVFAW8ZLO05,CON,2025-12-31,"National Bank of Greece, S.A.",20,17,1,2,2896,3.74,5,41.00|42.00.B|61.00|90.01|91.00.A,42.00.B|61.00|90.01|91.00.A,6.03,2455,6
5493009ML6YX83YHC820,CON,2025-06-30,Argenta Bank- en Verzekeringsgroep NV,19,0,19,0,2855,3.21,4,41.00|45.00.B|67.01.A|83.01.C,,5.81,3071,19
5493009ML6YX83YHC820,CON,2025-12-31,Argenta Bank- en Verzekeringsgroep NV,19,0,19,0,3789,2.59,4,41.00|45.00.B|67.01.A|83.01.C,,5.81,3535,19
M6AD1Y1KW32H8THQ6F76,CON,2025-06-30,Piraeus Financial Holdings,19,9,10,0,2989,5.70,2,45.00.A|71.00,45.00.A,6.20,343,0
VDYMYTQGZZ6DU0912C88,CON,2025-12-31,Bayerische Landesbank,19,0,18,1,5992,1.64,6,24.00|26.00.A|41.00|45.00.A|45.00.B|66.01.A,,5.58,5617,18
549300RG3H390KEL8896,CON,2025-06-30,Banca Transilvania,18,1,17,0,2253,4.09,7,21.01.E|41.00|80.00.E|83.01.A|83.01.C|83.01.D|83.01.E,83.01.C,6.07,2143,18
549300TK038P6EV4YU51,CON,2025-12-31,AB Artea bankas,18,0,13,5,2578,6.21,4,30.01|30.05.A|41.00|61.00,,3.13,322,6
969500STN7T9MRUMJ267,CON,2025-12-31,Bpifrance,18,9,9,0,2803,4.76,3,61.00|73.00.E|74.00.F,61.00|74.00.F,2.33,979,0
DZZ47B9A52ZJ6LT6VV95,CON,2025-12-31,Deutsche Pfandbriefbank AG,18,1,17,0,2835,3.50,4,30.01|30.02|63.02.C|71.00,30.01,6.28,2310,3
NMH2KF074RKAGTH4CM63,CON,2025-12-31,BNP PARIBAS BANK POLSKA S.A,18,2,16,0,2427,3.78,4,60.00.A|67.01.A|83.01.C|83.01.D,60.00.A,7.65,2336,18
R7CQUF1DQM73HUTV1078,IND,2025-12-31,"Banque et Caisse d´Epargne de l´Etat, Luxembourg",18,5,10,3,4145,2.56,7,21.01.A|24.00|26.00.B|29.00|29.02.A|41.00|42.00.B,26.00.B|29.00|42.00.B,8.84,2882,6
VDYMYTQGZZ6DU0912C88,CON,2025-06-30,Bayerische Landesbank,18,0,18,0,5082,1.77,5,24.00|26.00.A|41.00|45.00.A|45.00.B,,5.58,5075,18
259400DZXF7UJKK2AY35,CON,2025-12-31,mBank S.A.,17,0,15,2,4155,2.21,8,24.00|27.02.A|28.00|63.02.A|63.02.B|67.01.A|74.00.B|83.01.C,,4.30,3531,15
5299000F1CGJQ8NAXQ58,IND,2025-12-31,MERKANTI BANK LTD,17,0,0,17,360,47.22,4,61.00|66.01.A|73.00.E|74.00.F,,1.18,0,0
5493000UPYR7EEHN2R94,CON,2025-12-31,"Gorenjska banka d.d., Kranj",17,9,5,3,857,19.84,2,24.00|67.02,24.00,2.25,0,0
NMH2KF074RKAGTH4CM63,CON,2025-06-30,BNP PARIBAS BANK POLSKA S.A,17,1,16,0,1839,4.42,4,60.00.A|67.01.A|83.01.C|83.01.D,60.00.A,7.61,2005,17
PSNL19R2RXX5U3QWHI44,CON,2025-06-30,MEDIOBANCA - BANCA DI CREDITO FINANZIARIO S.P.A.,17,0,15,2,5185,3.00,5,04.00.B|30.01|30.02|30.05.A|90.01,,4.19,491,0
NHBDILHZTYCNBV5UYZ31,CON,2025-06-30,Svenska Handelsbanken - gruppen,16,1,11,4,4444,1.77,9,04.00.A|41.00|60.00.A|63.01.B|63.01.C|63.01.D|66.01.A|67.01.A|83.01.A,66.01.A,7.00,4575,12
R7CQUF1DQM73HUTV1078,IND,2025-06-30,"Banque et Caisse d´Epargne de l´Etat, Luxembourg",16,3,10,3,2878,2.78,6,21.01.A|24.00|26.00.B|29.02.A|41.00|42.00.B,26.00.B|42.00.B,8.84,2878,6
SI5RG2M0WQQLZCXKRM20,CON,2025-06-30,"Banco de Sabadell, S.A.",16,0,15,1,4641,1.70,10,21.01.A|24.00|25.00|42.00.A|45.00.A|45.00.B|66.01.A|66.02.C|80.00.A|83.01.D,,5.52,4766,14
213800A1O379I6DMCU10,IND,2025-09-30,APS BANK P.L.C.,15,0,15,0,304,16.45,2,60.00.A|60.00.C,,3.01,608,15
529900JZTYE3W7WQH904,CON,2025-06-30,HASPA Finanzholding,15,11,4,0,2231,3.39,6,21.01.D|24.00|41.00|42.00.B|45.00.A|60.00.A,41.00|42.00.B|45.00.A|60.00.A,10.39,2194,11
549300A2F46GR0UOM390,CON,2025-06-30,Erste&Steiermärkische Bank d.d.,15,0,14,1,2153,3.43,5,63.02.C|66.01.A|67.01.A|80.00.A|80.00.D,,3.71,2216,14
SI5RG2M0WQQLZCXKRM20,CON,2025-12-31,"Banco de Sabadell, S.A.",15,0,15,0,5796,1.34,9,21.01.A|25.00|42.00.A|45.00.A|45.00.B|66.01.A|66.02.C|80.00.A|83.01.D,,5.52,5378,14
Y28RT6GGYJ696PMW8T44,CON,2025-12-31,UniCredit csoport,15,10,2,3,2448,6.09,1,24.00,24.00,2.24,16,0
3DM5DPGI3W6OU6GJ4N92,CON,2025-12-31,BANCO BPI S.A.,14,0,11,3,2903,4.82,2,30.01|61.00,,3.21,0,0
5493000LM0MZ4JPMGM90,CON,2025-12-31,"Santander Consumer Finance, S.A.",14,5,5,4,2470,5.64,3,30.01|30.05.A|61.00,61.00,4.10,12,0
549300A2F46GR0UOM390,CON,2025-12-31,Erste&Steiermärkische Bank d.d.,14,0,13,1,2523,2.95,4,66.01.A|67.01.A|80.00.A|80.00.D,,3.71,2220,13
549300GKFG0RYRRQ1414,CON,2025-12-31,DNB BANK ASA,14,2,0,12,5167,1.46,4,26.01|27.02.A|41.00|62.02,62.02,7.95,4453,1
549300OLBL49CW8CT155,CON,2025-06-30,"Ibercaja Banco, S.A.",14,14,0,0,2265,3.19,2,45.00.A|90.01,45.00.A|90.01,6.56,2128,1
9KOGW2C2FCIOJQ7FF485,CON,2025-09-30,"Česká spořitelna, a.s.",14,9,4,1,308,16.11,1,61.00,61.00,2.30,561,0
F3JS33DEI6XQ4ZBPTN86,CON,2025-06-30,Skandinaviska Enskilda Banken - gruppen,14,1,13,0,5937,1.16,5,12.00|26.00.A|41.00|67.01.A|71.00,41.00,6.21,6154,14
H0YX5LBGKDVOWCXBZ594,CON,2025-06-30,SBAB Bank AB - Grupp,14,8,6,0,1555,4.61,5,24.00|25.00|42.00.B|45.00.A|72.00,42.00.B,9.92,1482,10
K8MS7FD7N5Z2WQ51AZ71,CON,2025-09-30,"Banco Bilbao Vizcaya Argentaria, S.A.",14,10,4,0,561,9.50,1,61.00,61.00,10.10,912,9
KGCEPHLVVKVRZYO1T647,CON,2025-12-31,BNP Paribas Fortis,14,0,13,1,2433,2.70,5,30.01|30.03|30.05.A|63.02.C|83.01.D,,3.67,2744,2
VWMYAEQSTOPNV0SUGU82,CON,2025-12-31,"Bankinter, S.A.",14,2,12,0,4565,1.68,4,26.00.B|42.00.A|45.00.A|86.00,45.00.A|86.00,6.54,3750,14
259400DZXF7UJKK2AY35,CON,2025-06-30,mBank S.A.,13,0,12,1,3013,2.15,5,24.00|27.02.A|67.01.A|74.00.B|83.01.C,,4.30,3047,12
529900XSTAE561178282,CON,2025-06-30,Raiffeisenbankengruppe OÖ Verbund eGen,13,0,12,1,3692,1.72,7,03.00|21.01.D|21.01.F|24.00|45.00.A|83.01.C|84.01,,5.35,3888,12
635400AKJBGNS5WNQL34,CON,2025-06-30,AIB Group plc,13,0,13,0,3930,1.62,6,04.00.A|25.00|45.00.A|67.01.A|80.00.A|80.00.D,,4.29,4084,13
635400AKJBGNS5WNQL34,CON,2025-12-31,AIB Group plc,13,0,13,0,4969,1.36,6,04.00.A|25.00|45.00.A|67.01.A|80.00.A|80.00.D,,4.29,4589,13
F3JS33DEI6XQ4ZBPTN86,CON,2025-12-31,Skandinaviska Enskilda Banken - gruppen,13,1,12,0,7404,0.92,4,26.00.A|41.00|67.01.A|71.00,41.00,6.21,6728,13
H8MIG1MMPR6JXUQVBM04,IND,2025-12-31,Bank BPH S.A.,13,0,8,5,311,41.80,3,30.01|61.00|66.01.A,,3.65,0,0
KR6LSKV3BTSJRD41IF75,CON,2025-12-31,"UniCredit Bank Czech Republic and Slovakia, a.s.",13,4,9,0,1883,3.44,3,29.02.B|60.00.A|67.01.A,60.00.A,7.69,1893,13
1FOLRR5RWTWWI397R131,IND,2025-12-31,Aktiebolaget Svensk Exportkredit,12,4,8,0,2215,2.70,8,24.00|25.00|26.00.A|41.00|45.00.A|63.01.B|63.01.C|63.01.D,24.00|63.01.B|63.01.C|63.01.D,14.20,2229,12
529900D5G4V6THXC5P79,IND,2025-06-30,Hrvatska poštanska banka d.d.,12,0,12,0,961,6.13,2,21.01.D|61.00,,3.18,996,2
529900D5G4V6THXC5P79,IND,2025-12-31,Hrvatska poštanska banka d.d.,12,0,12,0,1478,4.85,2,21.01.D|61.00,,3.18,998,2
529900LKIMB57HKF3545,CON,2025-12-31,Bank of China (Europe) S.A,12,10,2,0,1182,10.15,3,30.01|61.00|74.00.F,30.01|61.00|74.00.F,6.11,0,0
529900XSTAE561178282,CON,2025-12-31,Raiffeisenbankengruppe OÖ Verbund eGen,12,0,12,0,4135,1.43,6,03.00|21.01.D|21.01.F|45.00.A|83.01.C|84.01,,5.35,4247,12
DSNHHQ2B9X5N6OUJ1236,CON,2025-12-31,Norddeutsche Landesbank - Girozentrale -,12,8,2,2,6640,1.67,6,29.00|30.01|30.02|61.00|63.01.E|93.00,30.01|30.02|61.00,8.00,528,5
I6SS27Q1Q3385V753S50,IND,2025-06-30,Raiffeisenlandesbank Oberösterreich Aktiengesellschaft,12,0,11,1,3169,1.95,5,21.01.F|24.00|45.00.A|67.01.A|83.01.C,,5.35,2976,11
J4CP7MHCXR8DAQMKIL78,CON,2026-03-31,Banca Monte dei Paschi di Siena S.p.A.,12,11,0,1,515,11.66,2,61.00|73.00.E,61.00|73.00.E,9.27,514,7
P4GTT6GF1W40CVIMFR43,CON,2025-12-31,Powszechna Kasa Oszczednosci Bank Polski S.A.,12,0,12,0,3653,1.84,4,41.00|60.00.A|67.01.A|73.00.B,,4.53,2861,12
TUKDD90GPC79G1KOE162,CON,2025-06-30,Hamburg Commercial Bank AG,12,3,8,1,2603,2.31,8,24.00|66.01.A|82.00.A|82.00.C|83.01.A|83.01.B|83.01.C|84.01,83.01.A|84.01,9.43,2595,11
TUKDD90GPC79G1KOE162,CON,2025-12-31,Hamburg Commercial Bank AG,12,3,8,1,3219,2.06,8,24.00|66.01.A|82.00.A|82.00.C|83.01.A|83.01.B|83.01.C|84.01,83.01.A|84.01,9.43,2593,11
315700E9POA724IWFP59,CON,2025-06-30,J&amp;T FINANCE GROUP SE,11,0,11,0,1606,3.31,4,21.01.A|24.00|83.01.C|84.01,,5.00,1713,11
315700E9POA724IWFP59,CON,2025-12-31,J&amp;T FINANCE GROUP SE,11,0,11,0,2370,2.48,4,21.01.A|24.00|83.01.C|84.01,,5.00,2069,11
5299005UJX6K7BQKV086,CON,2025-12-31,OTP banka d.d.,11,10,0,1,1632,5.70,2,24.00|61.00,61.00,9.82,299,5
529900HNOAA1KXQJUQ27,CON,2025-06-30,"DZ BANK AG Deutsche Zentral-Genossenschaftsbank, Frankfurt am Main",11,3,8,0,3543,1.55,8,09.04|21.01.A|41.00|45.00.A|73.00.B|73.00.C|73.00.D|73.00.E,21.01.A|41.00,10.42,3569,9
5493000LKS7B3UTF7H35,CON,2025-06-30,Bank Polska Kasa Opieki S.A.,11,1,10,0,3349,1.64,4,21.01.A|41.00|60.00.A|67.01.A,60.00.A,8.13,3370,11
549300RFKNCOX56F8591,CON,2025-06-30,RAIFFEISEN BANK S.A.,11,1,10,0,3280,1.75,2,45.00.A|67.01.A,45.00.A,6.58,3022,11
549300RG3H390KEL8896,CON,2025-09-30,Banca Transilvania,11,0,11,0,313,12.76,1,73.00.C,,3.07,549,11
724500973ODKK3IFQ447,CON,2025-12-31,Adyen N.V.,11,0,0,11,1371,8.02,4,61.00|66.01.A|73.00.E|74.00.F,,2.69,0,0
I6SS27Q1Q3385V753S50,IND,2025-12-31,Raiffeisenlandesbank Oberösterreich Aktiengesellschaft,11,0,11,0,3027,1.73,4,21.01.F|45.00.A|67.01.A|83.01.C,,5.35,3318,11
P4GTT6GF1W40CVIMFR43,CON,2025-06-30,Powszechna Kasa Oszczednosci Bank Polski S.A.,11,0,11,0,2464,2.22,3,41.00|60.00.A|67.01.A,,4.53,2499,11
529900D5G4V6THXC5P79,IND,2025-09-30,Hrvatska poštanska banka d.d.,10,0,10,0,337,9.95,1,61.00,,2.06,668,0
529900FU4WJ2XT7BVE31,IND,2025-06-30,LBS Landesbausparkasse Süd,10,10,0,0,140,71.43,1,61.00,61.00,8.28,0,0
5493000LKS7B3UTF7H35,CON,2025-12-31,Bank Polska Kasa Opieki S.A.,10,0,10,0,3716,1.35,3,21.01.A|41.00|67.01.A,,4.34,3708,10
549300C6TUMDXNOVXS82,CON,2025-06-30,Länsförsäkringar Bank AB - gruppen,10,3,7,0,2690,1.85,4,21.01.F|25.00|41.00|66.01.A,25.00,6.42,2713,7
549300HFEHJOXGE4ZE63,CON,2025-12-31,SFIL S.A.,10,0,8,2,1552,3.08,4,24.00|41.00|67.01.A|73.00.E,,3.63,1694,8
549300SXM92LQ05OJQ76,CON,2025-12-31,Sparebank 1 Nord-Norge SPA,10,4,4,2,2375,2.91,5,02.00|18.01.A|25.00|26.00.A|26.00.B,18.01.A|26.00.A|26.00.B,8.40,1060,7
549300ZHFZ4CSK7VS460,CON,2025-06-30,Privredna Banka Zagreb d.d.,10,0,10,0,181,27.62,1,61.00,,1.85,181,0
815600DDCE9083CAC598,IND,2025-06-30,MEDIOBANCA PREMIER S.P.A.,10,2,8,0,1637,2.99,7,24.00|41.00|45.00.A|63.01.D|63.01.E|70.00|84.01,63.01.D|63.01.E,6.28,1707,10
815600DDCE9083CAC598,IND,2025-12-31,MEDIOBANCA PREMIER S.P.A.,10,2,8,0,1674,2.96,7,24.00|41.00|45.00.A|63.01.D|63.01.E|70.00|84.01,63.01.D|63.01.E,6.28,1707,10
959800VHSP2QBPNRF210,IND,2025-12-31,"Bank of Africa Europe, S.A.",10,9,0,1,416,24.04,2,61.00|66.01.A,61.00|66.01.A,6.83,0,0
DSNHHQ2B9X5N6OUJ1236,CON,2026-03-31,Norddeutsche Landesbank - Girozentrale -,10,8,2,0,540,9.36,2,61.00|63.01.E,61.00,8.00,528,5
DZZ47B9A52ZJ6LT6VV95,CON,2025-09-30,Deutsche Pfandbriefbank AG,10,0,6,4,432,7.76,2,60.00.A|61.00,,5.99,857,3
H0YX5LBGKDVOWCXBZ594,CON,2025-12-31,SBAB Bank AB - Grupp,10,4,6,0,2187,2.41,5,24.00|25.00|42.00.B|45.00.A|72.00,42.00.B,9.85,1959,10
N4JDFKKH2FTD8RKFXO39,CON,2025-06-30,Crédit industriel et commercial - CIC,10,1,8,1,4696,1.06,6,24.00|28.00|29.02.A|45.00.A|74.00.C|83.01.C,29.02.A,9.08,4739,9
NHBDILHZTYCNBV5UYZ31,CON,2025-09-30,Svenska Handelsbanken - gruppen,10,0,10,0,482,6.84,4,60.00.A|63.01.B|63.01.C|63.01.D,,4.68,979,10
1FOLRR5RWTWWI397R131,IND,2025-06-30,Aktiebolaget Svensk Exportkredit,9,1,8,0,2240,2.20,5,24.00|25.00|26.00.A|41.00|45.00.A,24.00,6.01,1855,9
22210058UCKT3BJTCN24,CON,2025-12-31,OTP Luxembourg S.à r.l.,9,2,6,1,2116,4.07,2,24.00|30.01,30.01,5.84,96,0
549300HFEHJOXGE4ZE63,CON,2025-06-30,SFIL S.A.,9,0,8,1,1375,3.25,3,24.00|41.00|67.01.A,,3.63,1390,8
549300UY81ESCZJ0GR95,CON,2025-06-30,First Investment Bank,9,8,1,0,2131,2.09,2,42.00.B|61.00,42.00.B|61.00,7.27,2174,1
635400C8EK6DRI12LJ39,CON,2025-06-30,Bank of Ireland Group plc,9,1,8,0,4403,1.02,5,21.02|24.00|26.00.A|41.00|67.01.A,41.00,9.49,4399,9
635400C8EK6DRI12LJ39,CON,2025-12-31,Bank of Ireland Group plc,9,1,8,0,5455,0.87,5,21.02|24.00|26.00.A|41.00|67.01.A,41.00,9.49,4905,9
724500PMK2A2M1SQQ228,CON,2025-12-31,Triodos Bank N.V.,9,0,7,2,1538,5.85,4,30.01|30.02|30.05.A|30.05.B,,3.33,0,0
969500LFTDNMONT2EP08,CON,2025-06-30,Caisse fédérale de crédit mutuel,9,1,7,1,4839,0.92,5,24.00|28.00|29.02.A|74.00.C|83.01.C,29.02.A,9.08,4935,8
BFXS5XCH7N0Y05NIXW11,CON,2025-09-30,ABN AMRO Bank N.V.,9,0,9,0,397,7.61,5,28.00|60.00.C|63.02.A|63.02.B|63.02.C,,6.00,786,9
FR9695005MSX1OYEMGDF,CON,2025-06-30,Groupe BPCE,9,6,2,1,6404,0.78,3,04.00.B|90.01|91.00.A,90.01|91.00.A,6.10,5070,4
FR969500TJ5KRTCJQWXH,CON,2025-06-30,Groupe Crédit Agricole,9,1,8,0,1437,2.63,4,41.00|42.00.A|45.00.A|45.00.B,41.00,7.17,1980,9
FR969500TJ5KRTCJQWXH,CON,2025-12-31,Groupe Crédit Agricole,9,1,8,0,1439,2.63,4,41.00|42.00.A|45.00.A|45.00.B,41.00,7.17,1980,9
5299007S3UH5RKUYDA52,IND,2025-06-30,DEUTSCHE APOTHEKER- UND ÄRZTEBANK EG,8,0,8,0,2420,1.66,3,21.01.A|41.00|84.01,,4.24,2403,8
5299007S3UH5RKUYDA52,IND,2025-12-31,DEUTSCHE APOTHEKER- UND ÄRZTEBANK EG,8,0,8,0,3214,1.33,3,21.01.A|41.00|84.01,,4.24,2815,8
549300C6TUMDXNOVXS82,CON,2025-12-31,Länsförsäkringar Bank AB - gruppen,8,3,5,0,3531,1.19,4,21.01.F|25.00|41.00|66.01.A,25.00,6.42,3169,7
549300X34UUBDEUL1Z91,CON,2025-06-30,HSBC Bank Malta p.l.c.,8,0,8,0,2263,1.91,4,21.01.B|41.00|42.00.A|45.00.B,,3.97,1927,8
549300X34UUBDEUL1Z91,CON,2025-12-31,HSBC Bank Malta p.l.c.,8,0,8,0,2204,1.94,4,21.01.B|41.00|42.00.A|45.00.B,,3.97,1927,8
815600E4E6DCD2D25E30,CON,2025-06-30,BANCO BPM SOCIETA' PER AZIONI,8,1,7,0,5342,0.78,3,09.04|41.00|67.01.A,41.00,6.10,4968,8
815600E4E6DCD2D25E30,CON,2025-12-31,BANCO BPM SOCIETA' PER AZIONI,8,1,7,0,6758,0.65,3,09.04|41.00|67.01.A,41.00,6.10,5548,8
DG3RU1DBUFHT4ZF9WN62,CON,2026-03-31,Coöperatieve Rabobank U.A.,8,1,6,1,533,7.85,1,61.00,,6.00,486,1
MMYX0N4ZEZ13Z4XCG897,IND,2025-12-31,THE BANK OF NEW YORK MELLON,8,0,0,8,1883,3.96,3,61.00|66.01.A|93.00,,0.61,135,0
529900LU7D396TOO3B50,CON,2025-12-31,Raiffeisenverband Salzburg eGen,7,1,6,0,449,15.25,2,30.01|90.01,30.01,6.98,10,4
529900TDG1TFZM39SF37,CON,2025-12-31,Baader Beteiligungs GmbH,7,0,1,6,410,17.07,3,24.00|61.00|66.01.A,,2.15,0,0
529900W3MOO00A18X956,CON,2025-12-31,OTP-csoport,7,1,6,0,3209,1.48,4,02.00|05.00.B|24.00|74.00.A,02.00,6.16,1507,6
549300RFKNCOX56F8591,CON,2026-03-31,RAIFFEISEN BANK S.A.,7,1,6,0,811,4.42,1,45.00.A,45.00.A,6.58,773,7
549300Z7V2WOFIMUEK50,CON,2025-12-31,UniCredit Bulbank AD,7,0,3,4,2910,2.33,5,26.00.A|26.00.B|29.00|30.01|66.01.A,,4.74,94,0
635400L14KNHZXPUZM19,CON,2025-06-30,Bank of Cyprus Holdings Public Limited Company,7,0,6,1,2479,1.36,4,24.00|41.00|43.00.A|67.01.A,,4.82,2667,6
635400L14KNHZXPUZM19,CON,2025-12-31,Bank of Cyprus Holdings Public Limited Company,7,0,6,1,3152,1.14,4,24.00|41.00|43.00.A|67.01.A,,4.82,3013,6
969500LFTDNMONT2EP08,CON,2025-12-31,Caisse fédérale de crédit mutuel,7,1,4,2,5424,0.65,5,24.00|29.02.A|30.05.A|74.00.C|83.01.C,29.02.A,9.08,5293,5
J4CP7MHCXR8DAQMKIL78,CON,2025-09-30,Banca Monte dei Paschi di Siena S.p.A.,7,3,4,0,500,4.69,7,28.00|63.01.B|63.01.C|63.01.D|63.01.E|63.02.A|63.02.B,63.01.B|63.01.C|63.01.D,8.51,992,7
KR6LSKV3BTSJRD41IF75,CON,2025-06-30,"UniCredit Bank Czech Republic and Slovakia, a.s.",7,0,7,0,1636,2.12,2,29.02.B|67.01.A,,5.77,1670,7
LIU16F6VZJSD6UKHD557,CON,2025-12-31,Nykredit Realkredit A/S,7,1,5,1,2968,1.17,7,04.00.B|21.01.A|21.01.D|67.01.B|67.02|74.00.C|83.01.A,67.02,6.43,3025,5
N4JDFKKH2FTD8RKFXO39,CON,2025-12-31,Crédit industriel et commercial - CIC,7,1,5,1,5229,0.68,5,24.00|29.02.A|45.00.A|74.00.C|83.01.C,29.02.A,9.08,5105,6
2138007WKF5CM2EUM824,IND,2025-12-31,"Citfin, spořitelní družstvo",6,5,1,0,334,17.96,2,61.00|66.01.A,61.00|66.01.A,9.26,0,0
213800GO21RWIB6O9Q29,CON,2025-12-31,Middelfart Sparekasse,6,1,2,3,297,20.20,3,30.01|61.00|91.00.A,91.00.A,11.08,0,0
3157002JBFAI478MD587,CON,2025-06-30,"Tatra banka, a.s.",6,5,1,0,2640,1.34,1,61.00,61.00,9.90,1841,1
529900I1UZV70CZRAU55,CON,2025-06-30,Raiffeisenbank Austria d.d.,6,2,4,0,2133,1.41,5,21.01.A|23.00|24.00|41.00|67.01.A,21.01.A,6.85,2121,5
529900W3MOO00A18X956,CON,2025-06-30,OTP-csoport,6,1,5,0,835,3.63,3,02.00|05.00.B|74.00.A,02.00,6.16,819,6
549300M6HRHPF3NQBP83,IND,2025-12-31,SPAREBANK 1 BOLIGKREDITT AS,6,0,4,2,1121,5.35,1,29.00,,0.31,0,0
549300TK038P6EV4YU51,CON,2026-03-31,AB Artea bankas,6,0,6,0,328,9.23,1,61.00,,3.06,322,6
549300UY81ESCZJ0GR95,CON,2025-09-30,First Investment Bank,6,5,1,0,287,7.03,1,61.00,61.00,7.06,567,1
5UMCZOEYKCVFAW8ZLO05,CON,2025-06-30,"National Bank of Greece, S.A.",6,5,1,0,2266,1.37,2,41.00|61.00,61.00,6.03,2098,6
5UMCZOEYKCVFAW8ZLO05,CON,2026-03-31,"National Bank of Greece, S.A.",6,6,0,0,365,8.31,1,90.01,90.01,2.07,357,0
724500D8WOYCL1BUCB80,CON,2025-12-31,Van Lanschot Kempen N.V.,6,0,2,4,1849,3.24,3,27.02.A|30.01|30.02,,3.95,0,0
8156007D348794DB1690,CON,2025-06-30,CRÉDIT AGRICOLE ITALIA S.P.A.,6,1,5,0,1532,1.99,5,21.01.B|21.01.F|24.00|60.00.A|70.00,70.00,6.89,1480,6
8156007D348794DB1690,CON,2025-12-31,CRÉDIT AGRICOLE ITALIA S.P.A.,6,1,5,0,1896,1.78,5,21.01.B|21.01.F|24.00|60.00.A|70.00,70.00,6.89,1481,6
815600AD83B2B6317788,CON,2025-06-30,CREDITO EMILIANO HOLDING SOCIETA' PER AZIONI,6,0,5,1,3724,0.83,4,24.00|41.00|67.01.A|71.00,,5.11,3468,5
815600AD83B2B6317788,CON,2025-12-31,CREDITO EMILIANO HOLDING SOCIETA' PER AZIONI,6,0,5,1,5148,0.66,4,24.00|41.00|67.01.A|71.00,,5.11,3977,5
851WYGNLUQLFZBSYGB56,CON,2026-03-31,COMMERZBANK Aktiengesellschaft,6,0,6,0,606,4.92,5,60.00.A|63.01.B|63.01.C|63.01.D|63.01.E,,3.96,613,6
9695002K2HDLD20JU790,CON,2025-06-30,AGENCE FRANCE LOCALE - SOCIETE TERRITORIALE,6,0,0,6,154,19.87,1,61.00,,0.62,148,0
9ZHRYM6F437SQJ6OUG95,CON,2025-09-30,Raiffeisen Bank International AG,6,0,5,1,559,3.58,2,12.00|61.00,,3.28,1115,4
LIU16F6VZJSD6UKHD557,CON,2025-06-30,Nykredit Realkredit A/S,6,1,5,0,2377,1.22,6,21.01.A|21.01.D|67.01.B|67.02|74.00.C|83.01.A,67.02,6.44,2528,5
MMYX0N4ZEZ13Z4XCG897,IND,2025-06-30,THE BANK OF NEW YORK MELLON,6,1,0,5,103,25.21,2,61.00|93.00,61.00,1.00,135,0
NHBDILHZTYCNBV5UYZ31,CON,2026-03-31,Svenska Handelsbanken - gruppen,6,0,6,0,492,6.09,4,60.00.A|63.01.B|63.01.C|63.01.D,,3.88,494,6
R0MUWSFPU8MPRO8K5P83,CON,2025-09-30,BNP Paribas,6,4,2,0,582,3.24,2,12.00|60.00.B,12.00|60.00.B,8.00,1271,6
TO822O0VT80V06K0FH57,CON,2025-12-31,"Caixa Geral de Depósitos, S.A.",6,0,6,0,2713,2.21,1,61.00,,1.95,0,0
0W2PZJM8XOY22M4GG883,CON,2025-06-30,DekaBank Deutsche Girozentrale,5,2,3,0,3448,0.73,4,04.00.A|45.00.A|67.01.A|74.00.C,04.00.A|45.00.A,7.45,3361,5
0W2PZJM8XOY22M4GG883,CON,2025-12-31,DekaBank Deutsche Girozentrale,5,2,3,0,4050,0.63,4,04.00.A|45.00.A|67.01.A|74.00.C,04.00.A|45.00.A,7.45,3926,5
213800TC9PZRBHMJW403,CON,2025-12-31,MDB Group Limited,5,1,4,0,1711,1.64,1,30.01,30.01,6.10,1343,1
222100PG81CES7H3HZ28,CON,2025-12-31,Aneto S.à r.l.,5,0,2,3,343,14.58,3,30.01|61.00|66.01.A,,3.32,0,0
3157002JBFAI478MD587,CON,2025-09-30,"Tatra banka, a.s.",5,5,0,0,431,3.89,1,61.00,61.00,9.91,855,0
3157002JBFAI478MD587,CON,2026-03-31,"Tatra banka, a.s.",5,5,0,0,434,5.81,1,61.00,61.00,9.93,426,0
52990045V2BWJN669Q34,CON,2025-12-31,Wüstenrot Wohnungswirtschaft registrierte Genossenschaft mit beschränkter Haftung,5,0,3,2,848,5.90,2,30.01|66.01.A,,3.97,0,0
5299005UJX6K7BQKV086,CON,2026-03-31,OTP banka d.d.,5,5,0,0,298,8.38,1,61.00,61.00,9.82,299,5
529900FZWXWNKF3O8394,CON,2025-12-31,Sparekassen Thy,5,0,0,5,536,9.33,1,61.00,,0.24,0,0
529900HNOAA1KXQJUQ27,CON,2025-12-31,"DZ BANK AG Deutsche Zentral-Genossenschaftsbank, Frankfurt am Main",5,3,2,0,6381,0.47,4,09.04|21.01.A|41.00|45.00.A,21.01.A|41.00,10.42,4176,5
549300CQ9NLEHMRCU505,IND,2025-12-31,"Cecabank, S.A.",5,1,2,2,603,8.29,2,30.01|66.01.A,66.01.A,10.00,0,0
549300IRGNL8Q3O8Y413,IND,2025-12-31,Eurobank Bulgaria,5,5,0,0,1652,3.03,1,61.00,61.00,10.22,0,0
549300S2T3FWVVXWJI89,CON,2025-06-30,"Slovenská sporiteľňa, a.s.",5,0,5,0,2031,1.22,2,66.02.C|74.00.A,,5.18,2077,5
549300S2T3FWVVXWJI89,CON,2025-12-31,"Slovenská sporiteľňa, a.s.",5,0,5,0,2256,1.04,2,66.02.C|74.00.A,,5.18,2553,5
549300UY81ESCZJ0GR95,CON,2025-12-31,First Investment Bank,5,3,2,0,2520,1.00,1,42.00.B,42.00.B,10.29,2462,2
549300VRM6G42M8OWN49,CON,2025-12-31,Sparebank 1 Østlandet,5,5,0,0,3409,1.45,3,18.01.A|42.00.B|46.00.A,18.01.A|42.00.B|46.00.A,12.43,41,0
7LVZJ6XRIE7VNZ4UBX81,CON,2025-06-30,BANCA MEDIOLANUM S.P.A.,5,0,5,0,2229,1.20,2,41.00|66.02.C,,4.31,1923,5
7LVZJ6XRIE7VNZ4UBX81,CON,2025-12-31,BANCA MEDIOLANUM S.P.A.,5,0,5,0,2709,1.08,2,41.00|66.02.C,,4.31,1928,5
969500A4IPKVUBH3CA90,CON,2025-12-31,Banque Delubac et Cie,5,0,0,5,160,31.25,1,61.00,,0.57,0,0
969500FYEXW795NPJO79,CON,2026-03-31,Caisse régionale de crédit agricole mutuel Brie Picardie,5,0,5,0,356,14.04,1,61.00,,2.23,0,0
KFUXYFTU2LHQFQZDQG45,CON,2025-12-31,Kereskedelmi és Hitelbank csoport,5,4,1,0,2311,1.17,1,30.01,30.01,7.08,1957,1
NNVPP80YIZGEY2314M97,CON,2025-06-30,ICCREA BANCA S.P.A. - ISTITUTO CENTRALE DEL CREDITO COOPERATIVO (IN FORMA ABBREVIATA: ICCREA BANCA S.P.A.),5,0,5,0,3186,0.86,3,05.00.A|25.00|41.00,,4.25,2650,5
NNVPP80YIZGEY2314M97,CON,2025-12-31,ICCREA BANCA S.P.A. - ISTITUTO CENTRALE DEL CREDITO COOPERATIVO (IN FORMA ABBREVIATA: ICCREA BANCA S.P.A.),5,0,5,0,3900,0.72,3,05.00.A|25.00|41.00,,4.25,3033,5
2138005MGIT3X9ZTMP37,IND,2025-12-31,Rønde Sparekasse,4,0,0,4,397,10.08,1,61.00,,1.19,0,0
213800KYUPNOQPAQL758,CON,2025-12-31,BANCO DE INVESTIMENTO GLOBAL S.A.,4,0,2,2,346,11.56,1,30.01,,3.18,0,0
213800P1P13ABO5R9V78,IND,2025-12-31,Societe Generale Bank - Cyprus Ltd,4,0,3,1,388,10.31,1,30.01,,3.72,0,0
213800X3Q9LSAKRUWY91,CON,2025-06-30,KBC Groupe,4,0,4,0,1454,1.37,2,41.00|45.00.A,,5.61,1465,4
213800X3Q9LSAKRUWY91,CON,2025-12-31,KBC Groupe,4,0,4,0,1552,1.33,2,41.00|45.00.A,,5.61,1465,4
2534005A84927EKSR789,CON,2025-12-31,Signet Bank AS,4,0,4,0,508,7.87,1,30.01,,3.74,0,0
254900WR3I1Z9NPC7D84,CON,2025-12-31,Kvika banki hf.,4,1,3,0,524,7.63,1,30.01,30.01,6.23,0,0
259400QHDOZWMJ103294,CON,2025-06-30,ALIOR BANK S.A.,4,3,1,0,208,10.13,1,30.02,30.02,6.90,187,0
259400QHDOZWMJ103294,CON,2025-12-31,ALIOR BANK S.A.,4,1,3,0,1692,2.13,1,30.02,30.02,6.00,187,0
5299008FEH4GQXGZNP50,CON,2025-12-31,"BANCO CTT, S.A.",4,0,3,1,486,8.23,1,30.01,,3.43,0,0
529900BI5KIGX6YLX375,CON,2025-12-31,Oberösterreichische Landesbank Aktiengesellschaft,4,0,2,2,913,4.38,1,30.01,,3.66,0,0
529900HNOAA1KXQJUQ27,CON,2025-09-30,"DZ BANK AG Deutsche Zentral-Genossenschaftsbank, Frankfurt am Main",4,0,4,0,574,2.27,2,73.00.C|73.00.D,,3.01,1192,4
529900LU7D396TOO3B50,CON,2025-06-30,Raiffeisenverband Salzburg eGen,4,0,4,0,10,200.00,1,90.01,,6.00,10,4
529900PR2ELW8QI1B775,IND,2025-12-31,DLR Kredit A/S,4,1,3,0,601,6.66,1,30.01,30.01,6.80,0,0
529900RPGHC6DQEQL615,IND,2025-12-31,International Asset Bank AD,4,0,2,2,1347,2.97,2,30.01|66.01.A,,3.61,0,0
529900SXEWPJ1MRRX537,CON,2025-12-31,Raiffeisen-Holding Niederösterreich-Wien registrierte Genossenschaft mit beschränkter Haftung,4,0,1,3,2488,1.61,1,30.01,,3.89,0,0
529900T32UL0CP1FZA06,CON,2025-12-31,ALLIANZ BANK FINANCIAL ADVISORS S.P.A.,4,1,3,0,288,13.89,1,30.01,30.01,6.06,0,0
549300DVPJYGNF2P7B03,CON,2025-09-30,Steiermärkische Bank und Sparkassen Aktiengesellschaft,4,4,0,0,462,2.91,2,63.02.A|63.02.C,63.02.A|63.02.C,7.76,911,4
549300IQZVZ949N37S44,CON,2025-09-30,Euroclear Holding,4,0,0,4,322,4.28,1,61.00,,0.63,613,0
549300O2UN9JLME31F08,IND,2025-12-31,UniCredit Banka Slovenija d.d.,4,0,3,1,1467,2.73,1,30.01,,4.51,0,0
549300TTZTKBUFKWH890,CON,2025-12-31,The Cyprus Development Bank Public Company Ltd,4,0,3,1,959,4.17,1,30.01,,3.65,0,0
549300UARE5MHTBUPJ19,CON,2025-12-31,Promontoria 19 Coöperatie U.A.,4,4,0,0,2436,1.64,1,42.00.B,42.00.B,9.57,0,0
549300V4H4USWZUCE073,IND,2025-12-31,"BISON BANK, SA",4,0,3,1,220,18.18,1,30.01,,3.40,0,0
635400F6HLXKXNJJX605,IND,2025-12-31,EXIM BANCA ROMANEASCA S.A.,4,0,3,1,2471,1.24,1,30.01,,3.38,753,1
743700PW2HDTPU3YRJ31,CON,2025-12-31,POP Pankkikeskus osk,4,0,3,1,1590,2.52,2,24.00|93.00,,1.53,0,0
81560027D07F9BDB8436,CON,2025-12-31,CASSA DI RISPARMIO DI ASTI S.P.A. (IN FORMA ABBREVIATA BANCA C.R. ASTI S.P.A.),4,1,2,1,673,5.94,2,61.00|66.01.A,61.00,1.99,0,0
8156005C22D0BF134C40,IND,2025-12-31,BANCA POPOLARE PUGLIESE - SOCIETA' COOPERATIVA PER AZIONI,4,0,2,2,546,7.33,1,30.01,,3.39,0,0
95980020140005881190,CON,2025-06-30,Banco de Crédito Social Cooperativo,4,1,3,0,2725,0.72,3,41.00|45.00.A|45.00.B,45.00.A,7.26,2831,4
95980020140005881190,CON,2025-12-31,Banco de Crédito Social Cooperativo,4,1,3,0,3040,0.64,3,41.00|45.00.A|45.00.B,45.00.A,7.26,3199,4
959800LQ598A5RQASA61,CON,2025-12-31,"Banca March, S.A.",4,1,3,0,2422,1.27,3,66.01.A|83.01.C|83.01.D,66.01.A,10.09,728,3
984500E4D07499C10435,CON,2025-12-31,TBI FINANCIAL SERVICES B.V.,4,3,1,0,1477,2.71,1,30.01,30.01,6.42,0,0
FR9695005MSX1OYEMGDF,CON,2026-03-31,Groupe BPCE,4,3,1,0,667,2.94,2,60.00.B|90.01,90.01,6.10,692,4
HWIPDOTRM1EKRPKYKH81,IND,2025-12-31,Northern Trust Global Services SE,4,0,2,2,290,13.79,1,61.00,,0.74,0,0
LOO0AWXR8GF142JCO404,CON,2025-06-30,CASSA CENTRALE BANCA - CREDITO COOPERATIVO ITALIANOSOCIETA' PER AZIONI (IN SIGLA CASSA CENTRALE BANCA),4,1,3,0,2543,0.77,4,21.01.A|21.01.D|21.02|73.00.D,73.00.D,6.45,2650,4
LOO0AWXR8GF142JCO404,CON,2025-12-31,CASSA CENTRALE BANCA - CREDITO COOPERATIVO ITALIANOSOCIETA' PER AZIONI (IN SIGLA CASSA CENTRALE BANCA),4,1,3,0,3339,0.67,4,21.01.A|21.01.D|21.02|73.00.D,73.00.D,6.45,2654,4
R0MUWSFPU8MPRO8K5P83,CON,2026-03-31,BNP Paribas,4,4,0,0,1003,2.04,2,60.00.B|74.00.D,60.00.B|74.00.D,10.55,958,4
RRUN0TCQ1K2JDV7MXO75,CON,2025-12-31,Oberbank AG,4,2,2,0,2501,1.54,1,30.01,30.01,6.63,98,0
1FOLRR5RWTWWI397R131,IND,2026-03-31,Aktiebolaget Svensk Exportkredit,3,3,0,0,398,3.77,3,63.01.B|63.01.C|63.01.D,63.01.B|63.01.C|63.01.D,14.20,397,3
259400DZXF7UJKK2AY35,CON,2025-09-30,mBank S.A.,3,0,3,0,442,2.28,3,28.00|63.02.A|63.02.B,,3.86,876,3
259400YLRTOBISHBVX41,CON,2025-09-30,ING Bank Slaski S.A.,3,2,1,0,327,3.08,3,60.00.A|63.02.A|63.02.B,63.02.A|63.02.B,7.21,646,3
2W8N8UU78PMDQKZENC08,CON,2025-12-31,Intesa Sanpaolo S.p.A.,3,0,1,2,8759,0.18,3,24.00|26.00.A|62.02,,3.02,7477,1
2ZCNRR8UK83OBTEK2170,CON,2025-06-30,UniCredit Bank GmbH,3,1,1,1,1680,0.88,2,24.00|66.01.A,66.01.A,6.18,1742,1
2ZCNRR8UK83OBTEK2170,CON,2025-12-31,UniCredit Bank GmbH,3,0,2,1,1737,0.75,3,24.00|60.00.A|66.01.A,,5.99,2257,2
5299004R4U60UMXLSE36,IND,2025-12-31,Sparkasse Karlsruhe,3,2,1,0,143,20.98,1,30.01,30.01,7.20,0,0
5299009EHB4RBGMI5828,IND,2025-12-31,Raiffeisen Landesbank Kärnten und Revisionsverband eGen,3,2,1,0,1625,1.78,1,30.01,30.01,7.07,65,0
529900GGYMNGRQTDOO93,CON,2025-12-31,BNG Bank N.V.,3,2,1,0,1538,1.95,1,42.00.B,42.00.B,3.10,0,0
529900NJYUGRO908KV84,CON,2025-12-31,ALLIANZ BULGARIA HOLDING,3,3,0,0,355,8.45,1,30.01,30.01,6.73,0,0
529900SEFOTJH1MLGZ92,IND,2025-12-31,Lægernes Bank A/S,3,0,1,2,220,13.64,1,30.01,,3.83,0,0
529900XB6RQ3XCELQO62,IND,2025-12-31,BENDURA BANK AG,3,0,3,0,184,16.30,1,61.00,,1.46,0,0
529900ZVK4VTIS0TOT43,IND,2025-12-31,DenizBank AG,3,0,0,3,383,7.83,1,61.00,,0.21,0,0
5493006QMFDDMYWIAM13,CON,2025-06-30,"Banco Santander, S.A.",3,0,1,2,6884,0.22,2,04.00.A|24.00,,5.99,6808,1
5493008QRHH0XCLJ4238,CON,2025-06-30,BRD-Groupe Société Générale SA,3,0,3,0,1315,1.13,1,73.00.C,,3.25,1344,3
5493008QRHH0XCLJ4238,CON,2025-09-30,BRD-Groupe Société Générale SA,3,0,3,0,239,4.66,1,73.00.C,,3.25,405,3
549300L1IEXJYJ2NUV45,IND,2025-12-31,Sparekassen Danmark,3,0,1,2,584,5.14,1,30.01,,3.27,0,0
549300L7YCATGO57ZE10,CON,2026-03-31,FINECOBANK BANCA FINECO S.P.A. (IN BREVE FINECOBANK S.P.A. OVVERO BANCA FINECO S.P.A. OVVERO FINECO BANCA S.P.A.),3,0,0,3,356,4.24,1,61.00,,0.50,352,0
549300MM2G2LFEPR2M50,IND,2025-12-31,Skandiabanken Aktiebolag (publ),3,1,2,0,1127,2.66,2,30.02|30.05.B,30.02,6.00,0,0
549300V1VN70Q7PQ7234,CON,2025-06-30,CRÉDIT AGRICOLE AUTO BANK S.P.A.,3,0,3,0,1297,1.15,3,21.01.D|67.01.B|74.00.A,,3.43,1319,3
549300V1VN70Q7PQ7234,CON,2025-12-31,CRÉDIT AGRICOLE AUTO BANK S.P.A.,3,0,3,0,1503,1.06,3,21.01.D|67.01.B|74.00.A,,3.43,1326,3
549300ZEF3QWM810M319,IND,2025-12-31,Ziklo Bank AB,3,0,1,2,1497,2.00,1,30.01,,3.65,0,0
815600B43BECA3919584,IND,2025-12-31,BANCA PROMOS S.P.A.,3,0,0,3,498,6.02,1,61.00,,0.52,0,0
959800LQ598A5RQASA61,CON,2025-06-30,"Banca March, S.A.",3,0,3,0,597,2.28,2,83.01.C|83.01.D,,4.15,716,3
9695007EQZDL89LUW373,CON,2025-12-31,Banque Banorient France,3,3,0,0,193,15.54,1,66.01.A,66.01.A,9.11,0,0
969500LFTDNMONT2EP08,CON,2025-09-30,Caisse fédérale de crédit mutuel,3,0,3,0,376,2.68,1,28.00,,3.22,742,3
969500VHT1ZNPVWOYF63,CON,2025-12-31,BNP Paribas Personal Finance,3,3,0,0,2378,1.19,1,27.02.A,27.02.A,12.47,133,0
9845006BAF66DZ35C849,CON,2025-12-31,Lunar Group A/S,3,0,2,1,392,7.65,1,30.01,,3.50,0,0
9CZ7TVMR36CYD5TZBS50,CON,2025-09-30,Banque Internationale à Luxembourg,3,3,0,0,481,2.09,1,61.00,61.00,1.97,951,0
DZZ47B9A52ZJ6LT6VV95,CON,2026-03-31,Deutsche Pfandbriefbank AG,3,0,3,0,449,3.37,2,60.00.A|63.02.C,,5.48,442,3
I7ETN0QQO2AHZZGHJ389,IND,2026-03-31,KOMMUNALBANKEN AS,3,1,1,1,654,2.36,3,24.00|61.00|71.00,61.00,10.73,617,1
K8MS7FD7N5Z2WQ51AZ71,CON,2026-03-31,"Banco Bilbao Vizcaya Argentaria, S.A.",3,0,3,0,551,2.72,1,61.00,,3.01,550,3
KR6LSKV3BTSJRD41IF75,CON,2025-09-30,"UniCredit Bank Czech Republic and Slovakia, a.s.",3,1,2,0,216,4.67,1,60.00.A,60.00.A,7.69,427,3
KR6LSKV3BTSJRD41IF75,CON,2026-03-31,"UniCredit Bank Czech Republic and Slovakia, a.s.",3,3,0,0,229,6.68,1,60.00.A,60.00.A,7.29,220,3
MAES062Z21O4RZ2U7M96,CON,2025-09-30,Danske Bank A/S,3,0,3,0,207,4.82,3,63.01.B|63.01.D|63.01.E,,4.28,416,3
N4JDFKKH2FTD8RKFXO39,CON,2025-09-30,Crédit industriel et commercial - CIC,3,0,3,0,363,2.77,1,28.00,,3.83,720,3
P4GTT6GF1W40CVIMFR43,CON,2025-09-30,Powszechna Kasa Oszczednosci Bank Polski S.A.,3,0,3,0,351,2.94,2,60.00.A|73.00.B,,3.79,670,3
21380033CFFM2V1ZCK65,CON,2025-12-31,SPARKASSE (HOLDINGS) MALTA LIMITED,2,0,0,2,490,4.08,1,61.00,,0.54,0,0
2138007JGI1M5YF7FJ53,CON,2025-12-31,Frøs Sparekasse,2,2,0,0,426,4.69,1,90.01,90.01,10.02,0,0
213800KGF4EFNUQKAT69,CON,2025-12-31,EUROBANK S.A.,2,1,0,1,3644,0.55,2,18.01.A|24.00,18.01.A,7.60,0,0
213800M7T3CYVZ3ZRT12,CON,2025-12-31,Sparebanken Norge,2,0,2,0,3036,0.33,1,24.00,,5.96,2936,1
213800UIIZ6YSEQB5S26,CON,2025-12-31,Clearstream Fund Centre Holding S.A.,2,0,0,2,732,2.73,2,61.00|73.00.E,,1.09,0,0
222100V03Y766EM5TZ83,IND,2025-12-31,Brown Brothers Harriman (Luxembourg) S.C.A.,2,0,1,1,207,9.66,2,90.01|91.00.A,,0.80,0,0
2W8N8UU78PMDQKZENC08,CON,2025-06-30,Intesa Sanpaolo S.p.A.,2,0,1,1,6619,0.15,2,24.00|26.00.A,,3.02,6879,1
485100FX5Y9YLAQLNP12,CON,2025-12-31,Revolut Holdings Europe UAB,2,0,0,2,1954,1.02,2,24.00|66.01.A,,2.21,0,0
529900AVGYYBVL1VNQ03,IND,2025-12-31,Kreditbanken A/S,2,0,1,1,762,2.62,1,30.01,,3.67,0,0
529900JG015JC10LED24,CON,2025-12-31,AS LHV Group,2,0,1,1,1841,1.09,1,24.00,,0.75,0,0
5493004WUGGU2BQI7F14,CON,2025-12-31,Landshypotek AB - gruppen,2,0,0,2,2067,0.97,1,27.02.A,,0.76,0,0
5493006QMFDDMYWIAM13,CON,2026-03-31,"Banco Santander, S.A.",2,0,2,0,591,1.62,2,63.02.A|63.02.B,,3.03,641,2
5493008QRHH0XCLJ4238,CON,2025-12-31,BRD-Groupe Société Générale SA,2,0,2,0,2413,0.54,0,,,3.03,1273,2
549300PZMFIQR79Q0T97,CON,2025-12-31,Íslandsbanki hf.,2,0,0,2,2216,0.78,2,24.00|90.01,,0.44,362,0
724500JIWG886A9RRT57,CON,2025-12-31,RBS Holdings N.V.,2,1,0,1,1565,0.68,2,24.00|66.01.A,66.01.A,6.04,1397,1
743700GC62JLHFBUND16,CON,2025-12-31,Aktia Bank Abp,2,0,0,2,2569,0.78,1,27.02.A,,0.32,0,0
7CUNS533WID6K7DGFI87,CON,2026-03-31,"CaixaBank, S.A.",2,0,2,0,571,1.75,1,12.00,,4.10,575,2
7LTWFZYICNSX8D621K86,CON,2025-09-30,DEUTSCHE BANK AKTIENGESELLSCHAFT,2,1,1,0,592,1.06,1,63.02.A,63.02.A,16.45,1297,2
8156007D348794DB1690,CON,2025-09-30,CRÉDIT AGRICOLE ITALIA S.P.A.,2,0,2,0,471,1.43,1,60.00.A,,3.79,927,2
9695000CG7B84NLR5984,CON,2025-12-31,Confédération Nationale du Crédit Mutuel,2,0,1,1,5499,0.31,2,24.00|41.00,,4.14,1049,1
969500EYG6U339D3TI84,CON,2025-06-30,Crédit Foncier de France,2,1,1,0,1002,1.04,2,74.00.F|83.01.D,74.00.F,4.32,913,1
984500ADEE3DE4F14F51,IND,2025-12-31,Kompasbank A/S,2,0,0,2,290,6.90,1,61.00,,1.34,0,0
BFXS5XCH7N0Y05NIXW11,CON,2026-03-31,ABN AMRO Bank N.V.,2,0,2,0,554,1.81,1,60.00.A,,5.41,554,2
I7ETN0QQO2AHZZGHJ389,IND,2025-12-31,KOMMUNALBANKEN AS,2,0,1,1,797,1.41,2,24.00|71.00,,4.68,617,1
LOO0AWXR8GF142JCO404,CON,2025-09-30,CASSA CENTRALE BANCA - CREDITO COOPERATIVO ITALIANOSOCIETA' PER AZIONI (IN SIGLA CASSA CENTRALE BANCA),2,2,0,0,355,1.89,1,73.00.D,73.00.D,6.45,706,2
MAES062Z21O4RZ2U7M96,CON,2026-03-31,Danske Bank A/S,2,0,2,0,399,2.50,2,60.00.A|63.01.C,,3.69,400,2
NMH2KF074RKAGTH4CM63,CON,2025-09-30,BNP PARIBAS BANK POLSKA S.A,2,2,0,0,328,2.06,1,60.00.A,60.00.A,7.65,645,2
R1IO4YJ0O79SMWVCHB58,IND,2025-12-31,Banque centrale de compensation,2,0,0,2,270,7.41,1,61.00,,0.58,0,0
213800KOJ5JSZ6ID2R91,IND,2025-12-31,Sparekassen Balling,1,1,0,0,379,2.64,1,91.00.A,91.00.A,9.87,0,0
213800M7T3CYVZ3ZRT12,CON,2025-06-30,Sparebanken Norge,1,0,1,0,2726,0.19,0,,,5.96,2557,1
213800MLL4APN9UP1J53,IND,2025-12-31,Rise Sparekasse,1,1,0,0,414,2.42,1,91.00.A,91.00.A,9.87,0,0
213800RZWHE5EUX9R444,CON,2025-12-31,Luminor Holding AS,1,0,0,1,2168,0.46,1,90.01,,0.45,0,0
213800TC9PZRBHMJW403,CON,2025-06-30,MDB Group Limited,1,0,1,0,1820,0.32,0,,,5.99,1344,1
254900RNFMDM0P11YR84,CON,2025-06-30,Atlantic Lux HoldCo S.à r.l.,1,0,0,1,2366,0.35,1,04.00.B,,0.33,455,0
2ZCNRR8UK83OBTEK2170,CON,2026-03-31,UniCredit Bank GmbH,1,0,1,0,547,0.91,1,60.00.A,,3.11,546,1
39120001JPAYYPDRNN92,IND,2025-12-31,Deutsche Bausparkasse Badenia Aktiengesellschaft,1,0,0,1,1104,0.91,1,66.01.A,,2.20,0,0
391200EEGLNXBBCVKC73,CON,2025-12-31,Erwerbsgesellschaft der S-Finanzgruppe mbH & Co. KG,1,0,0,1,5507,0.18,1,66.01.A,,2.10,91,0
5299001ADI8FLGT0GU28,IND,2025-12-31,Sparkasse KölnBonn,1,0,0,1,545,1.83,1,66.01.A,,2.02,0,0
5299002GPCR602QYJC04,CON,2025-12-31,KfW Beteiligungsholding GmbH,1,0,0,1,2935,0.33,1,04.00.B,,0.33,88,0
52990033C5FUEN4LMC06,IND,2025-12-31,BANCA POPOLARE DELL'ALTO ADIGE SOCIETA' PER AZIONI (IN TEDESCO SUDTIROLER VOLKSBANK A.G.),1,0,0,1,1372,0.73,1,24.00,,0.38,0,0
5299007S3UH5RKUYDA52,IND,2025-09-30,DEUTSCHE APOTHEKER- UND ÄRZTEBANK EG,1,0,1,0,450,0.74,1,63.02.B,,3.00,893,1
5299007S3UH5RKUYDA52,IND,2026-03-31,DEUTSCHE APOTHEKER- UND ÄRZTEBANK EG,1,0,1,0,455,1.10,1,63.02.B,,3.00,455,1
5299008I0TO44SUINZ71,IND,2025-12-31,Oldenburgische Landesbank Aktiengesellschaft,1,0,0,1,4660,0.21,1,42.00.B,,0.39,0,0
52990096Q5LMCH1WU462,CON,2025-12-31,"Československá obchodná banka, a.s.",1,0,1,0,1393,0.69,0,,,5.10,51,1
52990096Q5LMCH1WU462,CON,2026-03-31,"Československá obchodná banka, a.s.",1,0,1,0,54,9.52,0,,,5.10,51,1
529900B4OR3PD4V3AQ57,CON,2025-12-31,Finanzholding der Sparkasse in Bremen,1,0,0,1,535,1.87,1,66.01.A,,2.10,0,0
529900BIK4WRWS06MR52,IND,2025-12-31,Varengold Bank AG,1,0,0,1,206,4.85,1,66.01.A,,2.16,0,0
529900CJAJ0HDPPKUI53,IND,2025-12-31,Nassauische Sparkasse,1,0,0,1,358,2.79,1,66.01.A,,1.93,0,0
529900DSIVJWCUQUMP41,IND,2025-12-31,AKA Ausfuhrkredit-Gesellschaft mit beschränkter Haftung,1,0,0,1,387,2.58,1,66.01.A,,2.08,0,0
529900EM0ZU25V87GD50,IND,2025-12-31,ALTE LEIPZIGER Bauspar AG,1,0,0,1,293,3.41,1,66.01.A,,2.20,0,0
529900GM944JT8YIRL63,IND,2025-12-31,Münchener Hypothekenbank eG,1,0,0,1,5135,0.19,1,66.01.A,,2.17,0,0
529900IRBZTADXJB6757,CON,2025-12-31,flatexDEGIRO AG,1,0,0,1,1620,0.59,1,24.00,,0.10,88,0
529900J35NSHS856UA68,CON,2025-12-31,Sparekassen Kronjylland,1,0,0,1,522,1.92,1,90.01,,0.45,0,0
529900JZTYE3W7WQH904,CON,2025-09-30,HASPA Finanzholding,1,1,0,0,358,0.94,1,60.00.A,60.00.A,8.23,704,1
529900K16YGKC8BES892,IND,2025-06-30,Deutsche Kreditbank Aktiengesellschaft,1,0,0,1,1360,0.36,1,66.01.A,,2.18,1451,0
529900K16YGKC8BES892,IND,2025-12-31,Deutsche Kreditbank Aktiengesellschaft,1,0,0,1,2177,0.25,1,66.01.A,,2.18,1841,0
529900SSGT49ZZSWYE62,CON,2025-12-31,Volkswagen Financial Services AG,1,0,0,1,3298,0.27,1,24.00,,0.42,349,0
5493000LKS7B3UTF7H35,CON,2025-09-30,Bank Polska Kasa Opieki S.A.,1,1,0,0,337,0.99,1,60.00.A,60.00.A,8.13,673,1
54930056IRBXK0Q1FP96,CON,2025-06-30,"Abanca Corporacion Bancaria, S.A.",1,0,1,0,2552,0.36,1,66.01.A,,4.86,192,0
5493006Z4NTMNDDBGL49,IND,2025-09-30,ECCM Bank plc,1,0,0,1,409,2.44,1,61.00,,0.55,0,0
5493007BWYDPQZLZ0Y27,CON,2025-12-31,HYPO NOE Landesbank für Niederösterreich und Wien AG,1,0,0,1,1976,0.48,1,24.00,,0.18,97,0
5493009EIBTCB1X12G89,CON,2025-12-31,LGT Group Foundation,1,0,0,1,2785,0.34,1,24.00,,0.04,148,0
549300A2F46GR0UOM390,CON,2025-09-30,Erste&Steiermärkische Bank d.d.,1,0,1,0,478,0.70,1,63.02.C,,3.28,946,1
549300EHNXQVOI120S55,CON,2025-06-30,Coop Pank AS,1,0,1,0,1538,0.33,1,66.02.A,,3.04,1459,1
549300EHNXQVOI120S55,CON,2025-12-31,Coop Pank AS,1,0,1,0,1886,0.27,1,66.02.A,,3.04,1785,1
549300G3C8M0WXQCWH61,CON,2025-12-31,Caja Laboral Popular Coop. de Crédito,1,0,0,1,638,1.57,1,66.01.A,,2.22,0,0
549300HFEHJOXGE4ZE63,CON,2025-09-30,SFIL S.A.,1,0,0,1,293,1.15,1,73.00.E,,0.89,580,0
549300J0GSZ83GTKBZ89,CON,2025-12-31,OTP banka d.d.,1,0,0,1,1097,0.90,1,24.00,,0.29,10,0
549300L7YCATGO57ZE10,CON,2025-09-30,FINECOBANK BANCA FINECO S.P.A. (IN BREVE FINECOBANK S.P.A. OVVERO BANCA FINECO S.P.A. OVVERO FINECO BANCA S.P.A.),1,0,0,1,347,0.97,1,61.00,,0.50,689,0
549300LYFYVPUCG6SY25,CON,2025-12-31,"Banco Cooperativo Español, S.A.",1,0,0,1,1399,0.71,1,66.01.A,,2.33,0,0
549300M2IHOB9P5WE714,IND,2025-12-31,Swissquote Bank Europe S.A,1,0,0,1,622,1.61,1,24.00,,0.10,0,0
549300TL5406IC1XKD09,CON,2025-12-31,Saxo Bank A/S,1,0,0,1,1685,0.59,1,30.01,,2.17,0,0
549300TRUWO2CD2G5692,CON,2025-09-30,"UNICREDIT, SOCIETA' PER AZIONI",1,0,1,0,639,0.52,1,28.00,,3.57,1287,1
549300URJH9VSI58CS32,CON,2025-06-30,"Banco Santander Totta, SA",1,1,0,0,1864,0.25,0,,,6.00,2193,1
549300WDT1HWUMTUW770,IND,2025-06-30,Standard Chartered Bank AG,1,0,0,1,135,3.68,1,61.00,,0.23,137,0
549300ZBZQ6M21ZGGY79,IND,2025-12-31,China Merchants Bank (Europe) S.A,1,0,1,0,104,9.62,1,61.00,,0.65,0,0
5967007LIEEXZX8UHK11,CON,2025-12-31,SPAREBANK 1 SOGN OG FJORDANE,1,0,1,0,1234,0.81,1,90.01,,0.68,0,0
635400F6HLXKXNJJX605,IND,2025-06-30,EXIM BANCA ROMANEASCA S.A.,1,0,1,0,712,0.68,0,,,3.04,753,1
635400LCCIYHUL6ELA34,CON,2025-12-31,USB European (Holdings) Limited,1,0,0,1,448,2.23,1,61.00,,0.54,0,0
724500JIWG886A9RRT57,CON,2025-06-30,RBS Holdings N.V.,1,1,0,0,1563,0.34,1,66.01.A,66.01.A,6.04,1361,1
7437003B5WFBOIEFY714,CON,2025-06-30,OP Osuuskunta,1,0,0,1,2564,0.20,1,66.01.A,,2.04,2427,0
7437003B5WFBOIEFY714,CON,2025-12-31,OP Osuuskunta,1,0,0,1,3009,0.17,1,66.01.A,,2.07,2781,0
7437006WYM821IJ3MN73,CON,2025-12-31,Ålandsbanken Abp,1,0,0,1,2480,0.40,1,26.00.A,,0.75,0,0
743700FTBNXAUN57RH30,CON,2025-12-31,S-Pankki Oyj,1,0,0,1,1545,0.63,1,24.00,,0.10,43,0
7LTWFZYICNSX8D621K86,CON,2026-03-31,DEUTSCHE BANK AKTIENGESELLSCHAFT,1,0,1,0,598,0.80,1,12.00,,3.11,657,1
7V6Z97IO7R1SEAO84Q32,CON,2025-12-31,SpareBank 1 SMN,1,1,0,0,2267,0.44,1,18.01.A,18.01.A,8.65,0,0
81560064085A02B2B297,CON,2025-12-31,MEDIOCREDITO CENTRALE - BANCA DEL MEZZOGIORNO SPA,1,0,0,1,1653,0.60,1,61.00,,0.51,0,0
95980020140005012943,CON,2025-12-31,"Caja Rural de Aragón, Sociedad Cooperativa de Crédito",1,0,0,1,560,1.79,1,66.01.A,,2.05,0,0
95980020140005219553,IND,2025-12-31,"Caja Rural de Asturias, Sociedad Cooperativa de Crédito",1,0,0,1,451,2.22,1,66.01.A,,2.29,0,0
95980020140005220135,IND,2025-12-31,"Caja Rural de Granada, Sociedad Cooperativa de Crédito",1,0,0,1,1569,0.58,1,66.01.A,,2.28,148,0
95980020140005375335,CON,2025-12-31,"Caja Rural del Sur, S. Coop. de Crédito",1,0,0,1,502,1.99,1,66.01.A,,2.24,0,0
95980020140005439549,IND,2025-12-31,"Caja Rural de Navarra, S. Coop. de Crédito",1,0,0,1,1448,0.69,1,66.01.A,,2.31,8,0
95980020140005484654,CON,2025-12-31,"Caja Rural de Albacete, Ciudad Real y Cuenca, Sociedad Cooperativa de Crédito",1,0,0,1,1405,0.64,1,66.01.A,,2.30,148,0
95980020140005552166,CON,2025-12-31,"Eurocaja Rural, Sociedad Cooperativa de Crédito",1,0,0,1,1685,0.54,1,66.01.A,,2.02,160,0
95980020140005658381,IND,2025-12-31,"Aresbank, S.A.",1,0,1,0,275,2.22,1,21.01.D,,3.65,176,1
9695000CG7B84NLR5984,CON,2025-06-30,Confédération Nationale du Crédit Mutuel,1,0,1,0,1052,0.48,1,41.00,,4.14,1049,1
9695002K2HDLD20JU790,CON,2025-12-31,AGENCE FRANCE LOCALE - SOCIETE TERRITORIALE,1,0,0,1,1048,0.84,1,61.00,,0.48,148,0
969500EYG6U339D3TI84,CON,2025-12-31,Crédit Foncier de France,1,0,1,0,1091,0.50,1,83.01.D,,4.32,913,1
969500GVS02SJYG9S632,CON,2025-12-31,Carrefour banque,1,0,0,1,614,1.63,1,61.00,,1.25,0,0
9845009BE414FBF82130,CON,2025-12-31,FESTA HOLDING,1,1,0,0,290,3.45,1,66.01.A,66.01.A,6.30,0,0
BB3BGO3LCED63R8R9R41,CON,2025-12-31,BANK POLSKIEJ SPOLDZIELCZOSCI S.A.,1,1,0,0,1797,0.56,1,66.01.A,66.01.A,8.87,0,0
CXUHEGU3MADZ2CEV7C11,CON,2025-12-31,Eurobank Limited,1,0,0,1,2639,0.38,1,24.00,,0.15,0,0
D1HEB8VEU6D9M8ZUXG17,CON,2026-03-31,UniCredit Bank Austria AG,1,0,1,0,411,1.22,1,12.00,,3.24,408,1
DZZ47B9A52ZJ6LT6VV95,CON,2025-06-30,Deutsche Pfandbriefbank AG,1,0,1,0,2015,0.26,0,,,5.98,1869,1
F3JS33DEI6XQ4ZBPTN86,CON,2025-09-30,Skandinaviska Enskilda Banken - gruppen,1,0,1,0,549,0.60,1,12.00,,5.60,1112,1
FR9695005MSX1OYEMGDF,CON,2025-09-30,Groupe BPCE,1,1,0,0,371,0.89,1,60.00.B,60.00.B,6.00,752,1
GTQYZJON3I7SXRNJTT73,IND,2025-12-31,BSK 1818 AG,1,0,0,1,1990,0.50,1,66.01.A,,2.15,0,0
I6USJ58BDV2BO5KP3C31,CON,2025-12-31,"MONETA Money Bank, a.s.",1,0,0,1,1456,0.65,1,24.00,,0.30,77,0
KGCEPHLVVKVRZYO1T647,CON,2025-06-30,BNP Paribas Fortis,1,0,1,0,2118,0.23,1,83.01.D,,3.62,2230,1
KGCEPHLVVKVRZYO1T647,CON,2026-03-31,BNP Paribas Fortis,1,0,1,0,551,0.91,1,63.02.C,,3.41,543,1
MMYX0N4ZEZ13Z4XCG897,IND,2025-09-30,THE BANK OF NEW YORK MELLON,1,0,0,1,11,16.95,1,93.00,,0.47,48,0
NMH2KF074RKAGTH4CM63,CON,2026-03-31,BNP PARIBAS BANK POLSKA S.A,1,1,0,0,331,1.51,1,60.00.A,60.00.A,7.64,330,1
UI802FYJ52XDB7N4KN18,CON,2025-06-30,BANCA NAZIONALE DEL LAVORO S.P.A. (IN FORMA CONTRATTA BNL S.P.A.),1,0,1,0,459,1.10,1,70.00,,3.96,448,1
UI802FYJ52XDB7N4KN18,CON,2025-12-31,BANCA NAZIONALE DEL LAVORO S.P.A. (IN FORMA CONTRATTA BNL S.P.A.),1,0,1,0,2540,0.33,1,70.00,,3.96,448,1
