lei,bank_name,country,institution_type,n_einreichungen,n_meldungen,n_korrekturen,korrekturen_je_einreichung,umfangsklasse,max_fassungen,n_hoch,n_findings,hat_befund,hat_korrigiert
097900BEF50000000569,"Prvá stavebná sporiteľňa, a.s.",Slovakia,Other highest EEA,1,1,0,0.0000,1-3,1,0,0,nein,nein
0W2PZJM8XOY22M4GG883,DekaBank Deutsche Girozentrale,Germany,Large highest EEA,15,15,0,0.0000,9+,1,4,10,ja,nein
0W5QHUNYV4W7GJO62R27,HYPO TIROL BANK AG,Austria,Other highest EEA,7,7,0,0.0000,4-8,1,0,0,nein,nein
1FOLRR5RWTWWI397R131,Aktiebolaget Svensk Exportkredit,Sweden,Large highest EEA,23,16,7,0.3043,9+,3,8,24,ja,ja
1VUV7VQFKUOQSJ21A208,Credit agricole corporate and investment bank,France,Large subsidiaries,4,4,0,0.0000,4-8,1,0,0,nein,nein
2138002PVBMEHILJ1340,Mitsubishi UFJ Investor Services and Banking (Luxembourg) S.A.,Luxembourg,Other highest EEA,3,3,0,0.0000,1-3,1,0,0,nein,nein
21380033CFFM2V1ZCK65,SPARKASSE (HOLDINGS) MALTA LIMITED,Malta,Other highest EEA,7,5,2,0.2857,4-8,2,0,2,ja,ja
2138003IGGAUDLPNC244,Izola Bank plc,Malta,Other highest EEA,1,1,0,0.0000,1-3,1,0,0,nein,nein
2138003Z5ZVN16GFYV70,"Banco Finantia, SA",Portugal,Other highest EEA,1,1,0,0.0000,1-3,1,0,0,nein,nein
2138004FIUXU3B2MR537,"Caixa Económica Montepio Geral, Caixa Económica Bancária, S.A.",Portugal,Large highest EEA,7,7,0,0.0000,4-8,1,0,0,nein,nein
21380057HUGFEAF25W84,NOBA Group,Sweden,Other highest EEA,6,6,0,0.0000,4-8,1,0,0,nein,nein
2138005M92IEIQVEL297,AS Inbank,Estonia,Other highest EEA,9,9,0,0.0000,9+,1,0,0,nein,nein
2138005MGIT3X9ZTMP37,Rønde Sparekasse,Denmark,Other highest EEA,6,5,1,0.1667,4-8,2,0,4,ja,ja
2138007F5HA5FFJROB80,"Akciju sabiedrība ""Rietumu Banka""",Latvia,Other highest EEA,6,4,2,0.3333,4-8,2,0,0,nein,ja
2138007JGI1M5YF7FJ53,Frøs Sparekasse,Denmark,Other highest EEA,5,4,1,0.2000,4-8,2,2,2,ja,ja
2138007WKF5CM2EUM824,"Citfin, spořitelní družstvo",Czech,Other highest EEA,4,4,0,0.0000,4-8,1,5,6,ja,nein
213800984CWACNBY8F31,Sparekassen for Nr. Nebel og Omegn,Denmark,Other highest EEA,5,5,0,0.0000,4-8,1,0,0,nein,nein
2138009Y59EAR7H1UO97,"Akciju sabiedrība ""Citadele banka""",Latvia,Large highest EEA,20,18,2,0.1000,9+,2,0,49,ja,ja
213800A1O379I6DMCU10,APS BANK P.L.C.,Malta,Large highest EEA,17,17,0,0.0000,9+,1,2,73,ja,nein
213800C78WI8VFJCYR09,Sparekassen Bredebro,Denmark,Other highest EEA,7,5,2,0.2857,4-8,2,0,0,nein,ja
213800CBW4NPFP73ZK64,ANCORIA INVESTMENTS PLC,Cyprus,Other highest EEA,9,9,0,0.0000,9+,1,0,0,nein,nein
213800CQ92347ZCS9V73,"ATLÂNTICO EUROPA, SGPS, SA",Portugal,Other highest EEA,5,5,0,0.0000,4-8,1,0,0,nein,nein
213800DBQIB6VBNU5C64,Alpha Bank S.A.,Greece,Large highest EEA,12,12,0,0.0000,9+,1,38,48,ja,nein
213800GO21RWIB6O9Q29,Middelfart Sparekasse,Denmark,Other highest EEA,4,4,0,0.0000,4-8,1,1,6,ja,nein
213800HDJ876ACJXXD05,AIKGROUP (CY) LIMITED,Cyprus,Large highest EEA,6,6,0,0.0000,4-8,1,0,0,nein,nein
213800JF3JFF6MMR2P36,Fynske Bank A/S,Denmark,Other highest EEA,5,5,0,0.0000,4-8,1,0,0,nein,nein
213800KGF4EFNUQKAT69,EUROBANK S.A.,Greece,Large highest EEA,6,6,0,0.0000,4-8,1,1,2,ja,nein
213800KOJ5JSZ6ID2R91,Sparekassen Balling,Denmark,Other highest EEA,6,5,1,0.1667,4-8,2,1,1,ja,ja
213800KYUPNOQPAQL758,BANCO DE INVESTIMENTO GLOBAL S.A.,Portugal,Other highest EEA,5,5,0,0.0000,4-8,1,0,4,ja,nein
213800M7T3CYVZ3ZRT12,Sparebanken Norge,Norway,Large highest EEA,15,15,0,0.0000,9+,1,0,3,ja,nein
213800MLL4APN9UP1J53,Rise Sparekasse,Denmark,Other highest EEA,5,5,0,0.0000,4-8,1,1,1,ja,nein
213800P1P13ABO5R9V78,Societe Generale Bank - Cyprus Ltd,Cyprus,Other highest EEA,4,4,0,0.0000,4-8,1,0,4,ja,nein
213800RENLNKMWZV8767,Lollands Bank A/S,Denmark,Other highest EEA,5,5,0,0.0000,4-8,1,0,0,nein,nein
213800RZWHE5EUX9R444,Luminor Holding AS,Estonia,Large highest EEA,5,5,0,0.0000,4-8,1,0,1,ja,nein
213800TC9PZRBHMJW403,MDB Group Limited,Malta,Large subsidiaries,13,13,0,0.0000,9+,1,1,6,ja,nein
213800TKOS7J5UA3ZI07,EUROPE ARAB BANK SA,France,Other highest EEA,3,3,0,0.0000,1-3,1,0,0,nein,nein
213800UIIZ6YSEQB5S26,Clearstream Fund Centre Holding S.A.,Luxembourg,Other highest EEA,5,5,0,0.0000,4-8,1,0,2,ja,nein
213800UK7516IBWZO445,Borbjerg Sparekasse,Denmark,Other highest EEA,5,5,0,0.0000,4-8,1,0,0,nein,nein
213800UYAHIRLZ4NSN67,Lån & Spar Bank A/S,Denmark,Other highest EEA,9,9,0,0.0000,9+,1,0,0,nein,nein
213800X3Q9LSAKRUWY91,KBC Groupe,Belgium,Large highest EEA,22,18,4,0.1818,9+,3,0,8,ja,ja
213800ZOI1EW481WPV90,FCM Bank Ltd,Malta,Other highest EEA,3,3,0,0.0000,1-3,1,0,0,nein,nein
22210058UCKT3BJTCN24,OTP Luxembourg S.à r.l.,Luxembourg,Large subsidiaries,8,8,0,0.0000,4-8,1,2,9,ja,nein
222100PG81CES7H3HZ28,Aneto S.à r.l.,Luxembourg,Other highest EEA,5,5,0,0.0000,4-8,1,0,5,ja,nein
222100V03Y766EM5TZ83,Brown Brothers Harriman (Luxembourg) S.C.A.,Luxembourg,,8,6,2,0.2500,4-8,2,0,2,ja,ja
2534005A84927EKSR789,Signet Bank AS,Latvia,Other highest EEA,4,4,0,0.0000,4-8,1,0,4,ja,nein
254900RNFMDM0P11YR84,Atlantic Lux HoldCo S.à r.l.,Luxembourg,Large highest EEA,7,7,0,0.0000,4-8,1,0,1,ja,nein
254900WR3I1Z9NPC7D84,Kvika banki hf.,Iceland,Other highest EEA,4,4,0,0.0000,4-8,1,1,4,ja,nein
2594000ZNGGQZXZKXH36,VELOBANK SA,Poland,Other highest EEA,6,5,1,0.1667,4-8,2,0,0,nein,ja
2594009RV746A68X4G95,Wschodni Bank Spoldzielczy w Chelmie,Poland,Other highest EEA,2,1,1,0.5000,1-3,2,0,0,nein,ja
259400BILZFH923Q1N56,WARMINSKO - MAZURSKI BANK SPOLDZIELCZY,Poland,Other highest EEA,6,5,1,0.1667,4-8,2,0,0,nein,ja
259400DAAAR5M4A6SI23,Bank Pocztowy S.A.,Poland,Other highest EEA,4,4,0,0.0000,4-8,1,0,0,nein,nein
259400DZXF7UJKK2AY35,mBank S.A.,Poland,Large subsidiaries,14,12,2,0.1429,9+,2,0,33,ja,ja
259400GZKACLCASLRW25,KRAKOWSKI BANK SPOLDZIELCZY,Poland,Other highest EEA,6,5,1,0.1667,4-8,2,0,0,nein,ja
259400L03ZTD1W99FZ91,BANK SPOLDZIELCZY W BRODNICY,Poland,Other highest EEA,5,5,0,0.0000,4-8,1,0,0,nein,nein
259400LGXW3K0GDAG361,Santander Bank Polska S.A.,Poland,Large subsidiaries,23,19,4,0.1739,9+,3,2,74,ja,ja
259400OFDZ9KPZEO8K78,BANK MILLENNIUM SA,Poland,Large subsidiaries,3,2,1,0.3333,1-3,2,0,0,nein,ja
259400P9KF07OP2K5P83,SGB-Bank S.A.,Poland,Large highest EEA,1,1,0,0.0000,1-3,1,0,0,nein,nein
259400QHDOZWMJ103294,ALIOR BANK S.A.,Poland,Other highest EEA,16,16,0,0.0000,9+,1,4,8,ja,nein
259400WNAOMT2E4OIS38,NEST BANK S.A.,Poland,Other highest EEA,4,4,0,0.0000,4-8,1,21,28,ja,nein
259400YLRTOBISHBVX41,ING Bank Slaski S.A.,Poland,Large subsidiaries,21,20,1,0.0476,9+,2,72,192,ja,ja
2G5BKIC2CB69PRJH1W31,Barclays Bank Ireland plc,Ireland,Large highest EEA,17,17,0,0.0000,9+,1,6,54,ja,nein
2W8N8UU78PMDQKZENC08,Intesa Sanpaolo S.p.A.,Italy,Large highest EEA,18,16,2,0.1111,9+,3,0,5,ja,ja
2ZCNRR8UK83OBTEK2170,UniCredit Bank GmbH,Germany,Large subsidiaries,12,12,0,0.0000,9+,1,1,7,ja,nein
31570010000000004460,Raiffeisenbank a.s.,Czech,Large subsidiaries,7,6,1,0.1429,4-8,2,0,0,nein,ja
31570014BNQ1Q99CNQ35,PPF Financial Holdings AS,Czech,Large highest EEA,5,5,0,0.0000,4-8,1,0,0,nein,nein
31570020000000004154,"Privatbanka, a.s.",Slovakia,Other highest EEA,1,1,0,0.0000,1-3,1,0,0,nein,nein
3157002JBFAI478MD587,"Tatra banka, a.s.",Slovakia,Large subsidiaries,28,19,9,0.3214,9+,3,33,37,ja,ja
3157006K4C7PJT790450,BANCA CENTRALA COOPERATISTA CREDITCOOP,Romania,Other highest EEA,2,2,0,0.0000,1-3,1,0,0,nein,nein
315700E9POA724IWFP59,J&amp;T FINANCE GROUP SE,Czech,Large highest EEA,15,15,0,0.0000,9+,1,0,22,ja,nein
315700K45LRKNGMUIW27,"Prima banka Slovensko, a.s.",Slovakia,Large highest EEA,11,11,0,0.0000,9+,1,0,0,nein,nein
39120001JPAYYPDRNN92,Deutsche Bausparkasse Badenia Aktiengesellschaft,Germany,Other highest EEA,5,5,0,0.0000,4-8,1,0,1,ja,nein
391200EEGLNXBBCVKC73,Erwerbsgesellschaft der S-Finanzgruppe mbH & Co. KG,Germany,Large highest EEA,7,6,1,0.1429,4-8,2,36,70,ja,ja
391200MQTYA14WRXOV43,Raiffeisenbank Plankstetten AG,Germany,Other highest EEA,1,1,0,0.0000,1-3,1,0,0,nein,nein
3DM5DPGI3W6OU6GJ4N92,BANCO BPI S.A.,Portugal,Large subsidiaries,8,8,0,0.0000,4-8,1,0,14,ja,nein
3H0Q3U74FVFED2SHZT16,MBH bankcsoport,Hungary,Large highest EEA,21,18,3,0.1429,9+,2,68,216,ja,ja
3M5E1GQGKL17HI6CPN30,Jyske Bank A/S,Denmark,Large highest EEA,4,4,0,0.0000,4-8,1,0,0,nein,nein
3TK20IVIUJ8J3ZU0QE75,ING Bank N.V.,Netherlands,Large subsidiaries,6,6,0,0.0000,4-8,1,19,27,ja,nein
485100FX5Y9YLAQLNP12,Revolut Holdings Europe UAB,Lithuania,Large highest EEA,8,8,0,0.0000,4-8,1,0,2,ja,nein
5299000F1CGJQ8NAXQ58,MERKANTI BANK LTD,Malta,Other highest EEA,5,5,0,0.0000,4-8,1,0,17,ja,nein
5299000PCY1EP8QJFV48,United Bulgarian Bank AD,Bulgaria,Large subsidiaries,7,7,0,0.0000,4-8,1,0,0,nein,nein
5299000R7WZOVIFHLN21,BFS SozialFinanz AG,Germany,Other highest EEA,5,5,0,0.0000,4-8,1,0,0,nein,nein
5299001ADI8FLGT0GU28,Sparkasse KölnBonn,Germany,Other highest EEA,6,6,0,0.0000,4-8,1,0,1,ja,nein
5299001PEMDU9N24CH60,DELAVSKA HRANILNICA d.d. LJUBLJANA,Slovenia,Other highest EEA,5,5,0,0.0000,4-8,1,0,0,nein,nein
52990026HQOTT4AJP655,GLS Gemeinschaftsbank e.G.,Germany,Other highest EEA,5,5,0,0.0000,4-8,1,0,0,nein,nein
5299002GPCR602QYJC04,KfW Beteiligungsholding GmbH,Germany,Large highest EEA,6,6,0,0.0000,4-8,1,0,1,ja,nein
52990033C5FUEN4LMC06,BANCA POPOLARE DELL'ALTO ADIGE SOCIETA' PER AZIONI (IN TEDESCO SUDTIROLER VOLKSBANK A.G.),Italy,Other highest EEA,6,6,0,0.0000,4-8,1,0,1,ja,nein
5299003ATVTQVPTW4735,BTV Vier Länder Bank AG,Austria,Other highest EEA,3,2,1,0.3333,1-3,2,0,0,nein,ja
52990045V2BWJN669Q34,Wüstenrot Wohnungswirtschaft registrierte Genossenschaft mit beschränkter Haftung,Austria,Other highest EEA,5,5,0,0.0000,4-8,1,0,5,ja,nein
5299004R4U60UMXLSE36,Sparkasse Karlsruhe,Germany,Other highest EEA,4,4,0,0.0000,4-8,1,2,3,ja,nein
5299005743YY767PR386,Dragsholm Sparekasse,Denmark,Other highest EEA,5,5,0,0.0000,4-8,1,0,0,nein,nein
5299005OACOC1C1OFJ11,Raiffeisen-Landesbank Tirol AG,Austria,Other highest EEA,10,9,1,0.1000,9+,2,0,0,nein,ja
5299005UJX6K7BQKV086,OTP banka d.d.,Croatia,Large subsidiaries,9,9,0,0.0000,9+,1,15,16,ja,nein
52990061592SQLEJN964,Volksbank Mittelhessen eG,Germany,Other highest EEA,3,3,0,0.0000,1-3,1,0,0,nein,nein
5299007QVIQ7IO64NX37,UBS Europe SE,Germany,Large highest EEA,1,1,0,0.0000,1-3,1,0,0,nein,nein
5299007S3UH5RKUYDA52,DEUTSCHE APOTHEKER- UND ÄRZTEBANK EG,Germany,Large highest EEA,16,16,0,0.0000,9+,1,0,18,ja,nein
52990089LBIKLBM8YB23,VR Bank Nord eG,Germany,Other highest EEA,5,5,0,0.0000,4-8,1,0,0,nein,nein
5299008FEH4GQXGZNP50,"BANCO CTT, S.A.",Portugal,Other highest EEA,3,3,0,0.0000,1-3,1,0,4,ja,nein
5299008I0TO44SUINZ71,Oldenburgische Landesbank Aktiengesellschaft,Germany,Large highest EEA,7,7,0,0.0000,4-8,1,0,1,ja,nein
52990093INYLJNWHQ228,Volksbank eG - Die Gestalterbank,Germany,Other highest EEA,5,5,0,0.0000,4-8,1,0,0,nein,nein
52990096Q5LMCH1WU462,"Československá obchodná banka, a.s.",Slovakia,Large subsidiaries,7,7,0,0.0000,4-8,1,0,2,ja,nein
5299009EHB4RBGMI5828,Raiffeisen Landesbank Kärnten und Revisionsverband eGen,Austria,Other highest EEA,9,9,0,0.0000,9+,1,2,3,ja,nein
529900AVGYYBVL1VNQ03,Kreditbanken A/S,Denmark,Other highest EEA,5,5,0,0.0000,4-8,1,0,2,ja,nein
529900B4OR3PD4V3AQ57,Finanzholding der Sparkasse in Bremen,Germany,Other highest EEA,3,3,0,0.0000,1-3,1,0,1,ja,nein
529900B91AUH0YTEXN10,National-Bank Aktiengesellschaft,Germany,Other highest EEA,5,5,0,0.0000,4-8,1,0,0,nein,nein
529900B9P29R8W03IX88,BKS Bank AG,Austria,Other highest EEA,3,3,0,0.0000,1-3,1,0,0,nein,nein
529900BHRYZ464GFD289,GRENKE AG,Germany,Other highest EEA,8,8,0,0.0000,4-8,1,0,0,nein,nein
529900BI5KIGX6YLX375,Oberösterreichische Landesbank Aktiengesellschaft,Austria,Other highest EEA,9,5,4,0.4444,9+,2,0,4,ja,ja
529900BIK4WRWS06MR52,Varengold Bank AG,Germany,Other highest EEA,4,4,0,0.0000,4-8,1,0,1,ja,nein
529900C3SHT3Q94H3W82,Bank11 Holding GmbH,Germany,Other highest EEA,5,5,0,0.0000,4-8,1,0,0,nein,nein
529900C9OP6Y0DPYSK11,VR Bank RheinAhrEifel eG,Germany,Other highest EEA,5,5,0,0.0000,4-8,1,0,0,nein,nein
529900CJAJ0HDPPKUI53,Nassauische Sparkasse,Germany,Other highest EEA,5,5,0,0.0000,4-8,1,0,1,ja,nein
529900D5G4V6THXC5P79,Hrvatska poštanska banka d.d.,Croatia,Large highest EEA,16,13,3,0.1875,9+,2,0,34,ja,ja
529900DEAYRUPP22B339,Mercedes-Benz Bank AG,Germany,Other highest EEA,4,3,1,0.2500,4-8,2,0,0,nein,ja
529900DPOQPLDSF3R482,Kaiser Partner Privatbank AG,Liechtenstein,Other highest EEA,4,4,0,0.0000,4-8,1,0,0,nein,nein
529900DSIVJWCUQUMP41,AKA Ausfuhrkredit-Gesellschaft mit beschränkter Haftung,Germany,Other highest EEA,6,5,1,0.1667,4-8,2,0,1,ja,ja
529900DXTOU2U9IZDY54,meine Volksbank Raiffeisenbank eG,Germany,Other highest EEA,5,5,0,0.0000,4-8,1,0,0,nein,nein
529900E0WY09Z3H21393,VR Bank Rhein-Neckar eG,Germany,Other highest EEA,3,3,0,0.0000,1-3,1,0,0,nein,nein
529900EKPN8EYA3AX590,Texim Bank AD,Bulgaria,Other highest EEA,8,8,0,0.0000,4-8,1,0,0,nein,nein
529900EM0ZU25V87GD50,ALTE LEIPZIGER Bauspar AG,Germany,Other highest EEA,4,4,0,0.0000,4-8,1,0,1,ja,nein
529900FEID5L4H2T2L70,Raiffeisen Landesbank Vorarlberg mit Revisionsverband eGen,Austria,Other highest EEA,5,5,0,0.0000,4-8,1,0,0,nein,nein
529900FU4WJ2XT7BVE31,LBS Landesbausparkasse Süd,Germany,Large highest EEA,2,2,0,0.0000,1-3,1,10,10,ja,nein
529900FZWXWNKF3O8394,Sparekassen Thy,Denmark,Other highest EEA,7,6,1,0.1429,4-8,2,0,5,ja,ja
529900GEH0DAUTAXUA94,DSK Bank AD,Bulgaria,Large subsidiaries,4,2,2,0.5000,4-8,2,0,0,nein,ja
529900GFT28SEW1QSG52,BfW - Bank für Wohnungswirtschaft AG,Germany,,1,1,0,0.0000,1-3,1,0,0,nein,nein
529900GGYMNGRQTDOO93,BNG Bank N.V.,Netherlands,Large highest EEA,8,7,1,0.1250,4-8,2,2,3,ja,ja
529900GM944JT8YIRL63,Münchener Hypothekenbank eG,Germany,Large highest EEA,5,5,0,0.0000,4-8,1,0,1,ja,nein
529900HC4LDSGK0NCJ85,LBS Landesbausparkasse NordWest,Germany,Other highest EEA,5,5,0,0.0000,4-8,1,0,0,nein,nein
529900HEKOENJHPNN480,Kuntarahoitus Oyj,Finland,Large highest EEA,22,14,8,0.3636,9+,3,33,74,ja,ja
529900HNOAA1KXQJUQ27,"DZ BANK AG Deutsche Zentral-Genossenschaftsbank, Frankfurt am Main",Germany,Large highest EEA,21,21,0,0.0000,9+,1,6,20,ja,nein
529900I1UZV70CZRAU55,Raiffeisenbank Austria d.d.,Croatia,Large subsidiaries,14,14,0,0.0000,9+,1,34,59,ja,nein
529900IRBZTADXJB6757,flatexDEGIRO AG,Germany,Other highest EEA,8,8,0,0.0000,4-8,1,0,1,ja,nein
529900J35NSHS856UA68,Sparekassen Kronjylland,Denmark,Other highest EEA,6,5,1,0.1667,4-8,2,0,1,ja,ja
529900JCAE554QUYE140,Sparkasse Westmünsterland,Germany,Other highest EEA,3,3,0,0.0000,1-3,1,0,0,nein,nein
529900JG015JC10LED24,AS LHV Group,Estonia,Large highest EEA,6,6,0,0.0000,4-8,1,0,2,ja,nein
529900JRKG8AEYL65326,VR Bank Heilbronn Schwäbisch Hall eG,Germany,Other highest EEA,3,3,0,0.0000,1-3,1,0,0,nein,nein
529900JZTYE3W7WQH904,HASPA Finanzholding,Germany,Large highest EEA,16,16,0,0.0000,9+,1,38,56,ja,nein
529900JZXXU699FCKK89,Bausparkasse Schwäbisch Hall Aktiengesellschaft - Bausparkasse der Volksbanken und Raiffeisenbanken,Germany,Large subsidiaries,13,13,0,0.0000,9+,1,0,0,nein,nein
529900K16YGKC8BES892,Deutsche Kreditbank Aktiengesellschaft,Germany,Large subsidiaries,14,12,2,0.1429,9+,2,0,2,ja,ja
529900KRVTRP5RWP9K95,Santander Consumer Holding GmbH,Germany,Large subsidiaries,6,6,0,0.0000,4-8,1,0,0,nein,nein
529900L89TGSPV9OU151,Porsche Bank Aktiengesellschaft,Austria,Other highest EEA,3,3,0,0.0000,1-3,1,0,0,nein,nein
529900LIZVBUANJ20E31,BBBank eG,Germany,Other highest EEA,5,5,0,0.0000,4-8,1,0,0,nein,nein
529900LKIMB57HKF3545,Bank of China (Europe) S.A,Luxembourg,Other highest EEA,4,4,0,0.0000,4-8,1,10,12,ja,nein
529900LU7D396TOO3B50,Raiffeisenverband Salzburg eGen,Austria,Other highest EEA,7,7,0,0.0000,4-8,1,1,11,ja,nein
529900MQJIQGD8N3YV53,Hannoversche Volksbank eG,Germany,Other highest EEA,3,3,0,0.0000,1-3,1,0,0,nein,nein
529900N2ZB1B52JB2F83,CASSA CENTRALE RAIFFEISEN DELL'ALTO ADIGE - RAIFFEISEN-LANDESBANK SUEDTIROL A.G.,Italy,Other highest EEA,7,7,0,0.0000,4-8,1,0,0,nein,nein
529900NJYUGRO908KV84,ALLIANZ BULGARIA HOLDING,Bulgaria,Other highest EEA,5,5,0,0.0000,4-8,1,3,3,ja,nein
529900NNQW9IAE32GQ07,GRAWE-Vermögensverwaltung,Austria,Other highest EEA,6,6,0,0.0000,4-8,1,0,0,nein,nein
529900ODI3047E2LIV03,Nordea Bank Abp,Finland,Large highest EEA,17,16,1,0.0588,9+,2,7,53,ja,ja
529900OE1FOAM50XLP72,Liechtensteinische Landesbank AG,Liechtenstein,Large highest EEA,6,3,3,0.5000,4-8,3,0,0,nein,ja
529900OKPZTTS50FXP26,Advanzia Bank S.A.,Luxembourg,Other highest EEA,10,5,5,0.5000,9+,3,0,0,nein,ja
529900OLW8QPFMTBDC23,Neue Bank AG,Liechtenstein,Other highest EEA,2,2,0,0.0000,1-3,1,0,0,nein,nein
529900P8BY9HZTZ82T70,Volksbank Kraichgau eG,Germany,Other highest EEA,5,5,0,0.0000,4-8,1,0,0,nein,nein
529900PR2ELW8QI1B775,DLR Kredit A/S,Denmark,Large highest EEA,6,6,0,0.0000,4-8,1,1,4,ja,nein
529900PUK9IU39VCWK54,Volksbank in Ostwestfalen eG,Germany,Other highest EEA,5,5,0,0.0000,4-8,1,0,0,nein,nein
529900Q2C3I7VCILLG45,FIMBank plc,Malta,Other highest EEA,9,6,3,0.3333,9+,2,0,0,nein,ja
529900QYEJ2GYSWK1F08,RLB-Stmk Verbund eGen,Austria,Other highest EEA,8,7,1,0.1250,4-8,2,0,0,nein,ja
529900RCLERIIXF4QM23,bank99 AG,Austria,Other highest EEA,6,6,0,0.0000,4-8,1,0,0,nein,nein
529900RPGHC6DQEQL615,International Asset Bank AD,Bulgaria,Other highest EEA,5,5,0,0.0000,4-8,1,0,4,ja,nein
529900RQOBT3ZJMDRK43,Bank Frick AG,Liechtenstein,Other highest EEA,3,3,0,0.0000,1-3,1,22,31,ja,nein
529900RWC8ZYB066JF16,Bank of Valletta Plc,Malta,Large highest EEA,14,14,0,0.0000,9+,1,40,84,ja,nein
529900S1KHKOEQL5CK20,Wüstenrot Bausparkasse Aktiengesellschaft,Germany,Large highest EEA,7,7,0,0.0000,4-8,1,0,0,nein,nein
529900SEFOTJH1MLGZ92,Lægernes Bank A/S,Denmark,Other highest EEA,14,6,8,0.5714,9+,4,0,3,ja,ja
529900SS7ZWCX82U3W60,DEUTSCHE BANK S.P.A.,Italy,Large subsidiaries,5,5,0,0.0000,4-8,1,0,0,nein,nein
529900SSGT49ZZSWYE62,Volkswagen Financial Services AG,Germany,Large highest EEA,5,5,0,0.0000,4-8,1,0,1,ja,nein
529900SXEWPJ1MRRX537,Raiffeisen-Holding Niederösterreich-Wien registrierte Genossenschaft mit beschränkter Haftung,Austria,Large highest EEA,8,6,2,0.2500,4-8,2,0,4,ja,ja
529900T32UL0CP1FZA06,ALLIANZ BANK FINANCIAL ADVISORS S.P.A.,Italy,Other highest EEA,7,5,2,0.2857,4-8,2,1,4,ja,ja
529900T7MYZUMMW4O176,Berliner Volksbank eG,Germany,Other highest EEA,3,3,0,0.0000,1-3,1,0,0,nein,nein
529900TDG1TFZM39SF37,Baader Beteiligungs GmbH,Germany,Other highest EEA,4,2,2,0.5000,4-8,3,0,7,ja,ja
529900U5XAEYOT68AC40,EFG Bank (Luxembourg) S.A.,Luxembourg,,4,4,0,0.0000,4-8,1,0,0,nein,nein
529900UHDH7QLRMEJQ86,Sigma Bank AG,Liechtenstein,Other highest EEA,6,4,2,0.3333,4-8,2,0,0,nein,ja
529900UIRB65OY6U4B21,Lombard Bank Malta plc,Malta,Other highest EEA,7,7,0,0.0000,4-8,1,0,0,nein,nein
529900UKZBMDBDZIXD62,Addiko Bank AG,Austria,Other highest EEA,8,8,0,0.0000,4-8,1,0,0,nein,nein
529900V3O1M5IHMOSF46,State Street Europe Holdings Germany S.a.r.l. & Co. KG,Germany,Large highest EEA,2,2,0,0.0000,1-3,1,0,0,nein,nein
529900VS0F7BA91P4I60,Alpha Bank Cyprus Limited,Cyprus,Large subsidiaries,4,4,0,0.0000,4-8,1,0,0,nein,nein
529900VVDOKMRRAHZ894,Bank GPB International S.A.,Luxembourg,Other highest EEA,7,6,1,0.1429,4-8,2,0,0,nein,ja
529900W3MOO00A18X956,OTP-csoport,Hungary,Large highest EEA,27,14,13,0.4815,9+,6,2,13,ja,ja
529900WF3IXMJXSVJ831,Vereinigte Volksbanken eG,Germany,Other highest EEA,1,1,0,0.0000,1-3,1,0,0,nein,nein
529900XB6RQ3XCELQO62,BENDURA BANK AG,Liechtenstein,Other highest EEA,3,3,0,0.0000,1-3,1,0,3,ja,nein
529900XDLJV1P7HBAH18,Sparkasse Holstein,Germany,Other highest EEA,5,5,0,0.0000,4-8,1,0,0,nein,nein
529900XSTAE561178282,Raiffeisenbankengruppe OÖ Verbund eGen,Austria,Large highest EEA,21,16,5,0.2381,9+,3,0,25,ja,ja
529900ZMDTSQYEYCKL45,VR TeilhaberBank Metropolregion Nürnberg eG,Germany,Other highest EEA,5,5,0,0.0000,4-8,1,0,0,nein,nein
529900ZVK4VTIS0TOT43,DenizBank AG,Austria,Other highest EEA,5,5,0,0.0000,4-8,1,0,3,ja,nein
5493000LKS7B3UTF7H35,Bank Polska Kasa Opieki S.A.,Poland,Large highest EEA,20,17,3,0.1500,9+,2,2,22,ja,ja
5493000LM0MZ4JPMGM90,"Santander Consumer Finance, S.A.",Spain,Large subsidiaries,6,6,0,0.0000,4-8,1,5,14,ja,nein
5493000UPYR7EEHN2R94,"Gorenjska banka d.d., Kranj",Slovenia,Large subsidiaries,5,5,0,0.0000,4-8,1,9,17,ja,nein
5493000YPN33HF74SN02,Bank of Montreal Europe plc,Ireland,Other highest EEA,9,8,1,0.1111,9+,2,0,0,nein,ja
5493001BABFV7P27OW30,"Nova Ljubljanska Banka d.d., Ljubljana",Slovenia,Large highest EEA,4,4,0,0.0000,4-8,1,0,0,nein,nein
5493001U1K6M7JOL5W45,Raiffeisen Bank csoport,Hungary,Large subsidiaries,6,6,0,0.0000,4-8,1,0,26,ja,nein
5493002DPKDEC2JN1Y86,Sparekassen Sjælland-Fyn A/S,Denmark,Other highest EEA,11,8,3,0.2727,9+,4,0,0,nein,ja
5493002K643MZPQEK497,Banco Bradesco Europa S.A.,Luxembourg,Other highest EEA,2,2,0,0.0000,1-3,1,0,0,nein,nein
5493003BDYD5VPGUQS04,UniCredit Bank S.A.,Romania,Large subsidiaries,9,9,0,0.0000,9+,1,0,0,nein,nein
5493003RJ3TPV33W0108,Union Bancaire Privée (Europe) S.A.,Luxembourg,Other highest EEA,3,3,0,0.0000,1-3,1,0,0,nein,nein
5493004D82XDFVPWQJ91,Ikano Bank AB (publ),Sweden,Other highest EEA,6,6,0,0.0000,4-8,1,0,0,nein,nein
5493004WUGGU2BQI7F14,Landshypotek AB - gruppen,Sweden,Other highest EEA,7,7,0,0.0000,4-8,1,0,2,ja,nein
54930056FHWP7GIWYY08,Morgan Stanley Europe SE,Germany,Large highest EEA,2,2,0,0.0000,1-3,1,0,0,nein,nein
54930056IRBXK0Q1FP96,"Abanca Corporacion Bancaria, S.A.",Spain,Large highest EEA,5,5,0,0.0000,4-8,1,0,1,ja,nein
54930060Q00W1SRIUI57,vdk bank,Belgium,Other highest EEA,4,4,0,0.0000,4-8,1,0,0,nein,nein
5493006QMFDDMYWIAM13,"Banco Santander, S.A.",Spain,Large highest EEA,22,19,3,0.1364,9+,2,0,51,ja,ja
5493006Z4NTMNDDBGL49,ECCM Bank plc,Malta,Other highest EEA,5,5,0,0.0000,4-8,1,0,1,ja,nein
5493007BWYDPQZLZ0Y27,HYPO NOE Landesbank für Niederösterreich und Wien AG,Austria,Other highest EEA,13,10,3,0.2308,9+,3,0,1,ja,ja
5493007QRSX9DS2CM858,China Construction Bank (Europe) S.A.,Luxembourg,Other highest EEA,3,3,0,0.0000,1-3,1,0,0,nein,nein
5493007S4JE930SIUE86,ING Holding Deutschland GmbH,Germany,Large subsidiaries,17,12,5,0.2941,9+,3,8,54,ja,ja
5493007SJLLCTM6J6M37,"Unicaja Banco, S.A.",Spain,Large highest EEA,2,2,0,0.0000,1-3,1,0,0,nein,nein
5493007SWCCN9S3J2748,Bigbank AS,Estonia,Large highest EEA,5,5,0,0.0000,4-8,1,0,0,nein,nein
54930080G2M7EJ097A27,BluOr Bank AS,Latvia,Other highest EEA,7,4,3,0.4286,4-8,3,0,0,nein,ja
5493008QOCP58OLEN998,Investeringsmaatschappij Argenta - Société d'investissements Argenta - Investierungsgesellschaft Arg,Belgium,Large highest EEA,8,8,0,0.0000,4-8,1,0,0,nein,nein
5493008QRHH0XCLJ4238,BRD-Groupe Société Générale SA,Romania,Large subsidiaries,14,11,3,0.2143,9+,2,0,8,ja,ja
5493009EIBTCB1X12G89,LGT Group Foundation,Liechtenstein,Large highest EEA,13,10,3,0.2308,9+,3,0,1,ja,ja
5493009ML6YX83YHC820,Argenta Bank- en Verzekeringsgroep NV,Belgium,Large subsidiaries,18,18,0,0.0000,9+,1,0,38,ja,nein
5493009VJC01E4H6HH77,Avanza - Grupp,Sweden,Other highest EEA,4,4,0,0.0000,4-8,1,0,0,nein,nein
5493009W2E2YDCXY6S81,"NOVO BANCO, S.A.",Portugal,Large subsidiaries,5,5,0,0.0000,4-8,1,0,0,nein,nein
549300A2F46GR0UOM390,Erste&Steiermärkische Bank d.d.,Croatia,Large subsidiaries,12,12,0,0.0000,9+,1,0,30,ja,nein
549300BZZFFS0SOWR325,Ford Bank GmbH,Germany,Other highest EEA,3,3,0,0.0000,1-3,1,0,0,nein,nein
549300C6TUMDXNOVXS82,Länsförsäkringar Bank AB - gruppen,Sweden,Large highest EEA,19,18,1,0.0526,9+,2,6,18,ja,ja
549300CQ9NLEHMRCU505,"Cecabank, S.A.",Spain,Other highest EEA,6,5,1,0.1667,4-8,2,1,5,ja,ja
549300D7SF4JSQDV7040,Mirabaud & Cie (Europe) S.A.,Luxembourg,Other highest EEA,2,2,0,0.0000,1-3,1,0,0,nein,nein
549300DVPJYGNF2P7B03,Steiermärkische Bank und Sparkassen Aktiengesellschaft,Austria,Large subsidiaries,13,12,1,0.0769,9+,2,20,100,ja,ja
549300DYPOFMXOR7XM56,Crelan,Belgium,Large highest EEA,12,11,1,0.0833,9+,2,0,120,ja,ja
549300EHNXQVOI120S55,Coop Pank AS,Estonia,Large highest EEA,16,15,1,0.0625,9+,2,0,2,ja,ja
549300F7FBD744MEP844,Banque Raiffeisen,Luxembourg,Other highest EEA,3,3,0,0.0000,1-3,1,0,0,nein,nein
549300FH0WJAPEHTIQ77,BofA Securities Europe SA,France,Large highest EEA,13,13,0,0.0000,9+,1,0,0,nein,nein
549300FRBP5L0O1HY885,Sparbanken Syd,Sweden,Other highest EEA,4,4,0,0.0000,4-8,1,0,0,nein,nein
549300G3C8M0WXQCWH61,Caja Laboral Popular Coop. de Crédito,Spain,Other highest EEA,6,6,0,0.0000,4-8,1,0,1,ja,nein
549300GKFG0RYRRQ1414,DNB BANK ASA,Norway,Large highest EEA,19,18,1,0.0526,9+,2,476,491,ja,ja
549300HFEHJOXGE4ZE63,SFIL S.A.,France,Large highest EEA,19,15,4,0.2105,9+,3,0,20,ja,ja
549300HUKIA1IZQHFZ83,Erste Bank der oesterreichischen Sparkassen AG,Austria,Large subsidiaries,7,7,0,0.0000,4-8,1,0,0,nein,nein
549300IQZVZ949N37S44,Euroclear Holding,Belgium,Large highest EEA,14,14,0,0.0000,9+,1,6,65,ja,nein
549300IRGNL8Q3O8Y413,Eurobank Bulgaria,Bulgaria,Large subsidiaries,5,5,0,0.0000,4-8,1,5,5,ja,nein
549300J0GSZ83GTKBZ89,OTP banka d.d.,Slovenia,Large subsidiaries,5,5,0,0.0000,4-8,1,0,1,ja,nein
549300JB1P61FUTPEZ75,"Všeobecná úverová banka, a.s.",Slovakia,Large subsidiaries,20,18,2,0.1000,9+,2,16,121,ja,ja
549300JECLPX13NZLU57,Danske Andelskassers Bank A/S,Denmark,Other highest EEA,6,6,0,0.0000,4-8,1,0,0,nein,nein
549300JSC82O1L4XV837,Nordnet - Grupp,Sweden,Other highest EEA,5,5,0,0.0000,4-8,1,0,0,nein,nein
549300KOORG6SN9LMO68,IIG Bank (Malta) Ltd,Malta,Other highest EEA,6,5,1,0.1667,4-8,2,0,0,nein,ja
549300L1IEXJYJ2NUV45,Sparekassen Danmark,Denmark,Other highest EEA,5,5,0,0.0000,4-8,1,0,3,ja,nein
549300L7YCATGO57ZE10,FINECOBANK BANCA FINECO S.P.A. (IN BREVE FINECOBANK S.P.A. OVVERO BANCA FINECO S.P.A. OVVERO FINECO BANCA S.P.A.),Italy,Large highest EEA,18,18,0,0.0000,9+,1,0,55,ja,nein
549300LYFYVPUCG6SY25,"Banco Cooperativo Español, S.A.",Spain,Other highest EEA,6,6,0,0.0000,4-8,1,0,1,ja,nein
549300M2IHOB9P5WE714,Swissquote Bank Europe S.A,Luxembourg,Other highest EEA,5,5,0,0.0000,4-8,1,0,1,ja,nein
549300M6HRHPF3NQBP83,SPAREBANK 1 BOLIGKREDITT AS,Norway,Other highest EEA,3,3,0,0.0000,1-3,1,0,6,ja,nein
549300MM2G2LFEPR2M50,Skandiabanken Aktiebolag (publ),Sweden,Other highest EEA,7,7,0,0.0000,4-8,1,1,3,ja,nein
549300MSY5NIVC0BME80,CIB Bankcsoport,Hungary,Large subsidiaries,3,3,0,0.0000,1-3,1,0,0,nein,nein
549300ND1MQ8SNNYMJ22,AS SEB Pank,Estonia,Large subsidiaries,8,7,1,0.1250,4-8,2,0,0,nein,ja
549300NYKK9MWM7GGW15,ING Groep N.V.,Netherlands,Large highest EEA,25,21,4,0.1600,9+,2,39,219,ja,ja
549300O2UN9JLME31F08,UniCredit Banka Slovenija d.d.,Slovenia,Large subsidiaries,11,5,6,0.5455,9+,6,0,4,ja,ja
549300O3HXYXXUHR0897,Klarna - Grupp,Sweden,Other highest EEA,8,8,0,0.0000,4-8,1,0,0,nein,nein
549300OL514RA0SXJJ44,Clearstream Banking S.A.,Luxembourg,Large subsidiaries,4,4,0,0.0000,4-8,1,0,0,nein,nein
549300OLBL49CW8CT155,"Ibercaja Banco, S.A.",Spain,Large highest EEA,17,16,1,0.0588,9+,2,79,79,ja,ja
549300OMTXWX1144LP69,"Akciju sabiedrība ""Reģionālā investīciju banka""",Latvia,Other highest EEA,9,5,4,0.4444,9+,3,0,0,nein,ja
549300PZMFIQR79Q0T97,Íslandsbanki hf.,Iceland,Large highest EEA,14,10,4,0.2857,9+,3,0,2,ja,ja
549300Q3OIWRHQUQM052,SpareBank 1 Sør-Norge,Norway,Large highest EEA,9,9,0,0.0000,9+,1,86,315,ja,nein
549300RFKNCOX56F8591,RAIFFEISEN BANK S.A.,Romania,Large subsidiaries,19,17,2,0.1053,9+,2,4,40,ja,ja
549300RG3H390KEL8896,Banca Transilvania,Romania,Large highest EEA,16,16,0,0.0000,9+,1,2,58,ja,nein
549300RMML7KXP6M1Y98,BANCO BAI EUROPA S.A.,Portugal,Other highest EEA,5,5,0,0.0000,4-8,1,0,0,nein,nein
549300S2T3FWVVXWJI89,"Slovenská sporiteľňa, a.s.",Slovakia,Large subsidiaries,23,12,11,0.4783,9+,4,0,10,ja,ja
549300SBPFE9JX7N8J82,AB SEB bankas,Lithuania,Large subsidiaries,7,7,0,0.0000,4-8,1,0,0,nein,nein
549300SGF4BS54YG8M65,Citco Bank Nederland N.V.,Netherlands,Other highest EEA,10,9,1,0.1000,9+,2,0,0,nein,ja
549300SXM92LQ05OJQ76,Sparebank 1 Nord-Norge SPA,Norway,Other highest EEA,4,4,0,0.0000,4-8,1,27,42,ja,nein
549300TDPXT0OW2AY198,FinAx,Belgium,Other highest EEA,3,3,0,0.0000,1-3,1,0,0,nein,nein
549300TEJKOLFN65KR76,BNF Bank plc,Malta,Other highest EEA,6,6,0,0.0000,4-8,1,0,0,nein,nein
549300TJREQ7GHIXWR36,Swedbank Hypotek AB,Sweden,Large subsidiaries,17,15,2,0.1176,9+,2,0,0,nein,ja
549300TK038P6EV4YU51,AB Artea bankas,Lithuania,Large highest EEA,7,7,0,0.0000,4-8,1,0,24,ja,nein
549300TL5406IC1XKD09,Saxo Bank A/S,Denmark,Large highest EEA,10,7,3,0.3000,9+,2,0,1,ja,ja
549300TLZPT6JELDWM92,Landsbankinn hf.,Iceland,Large highest EEA,3,3,0,0.0000,1-3,1,0,0,nein,nein
549300TRUWO2CD2G5692,"UNICREDIT, SOCIETA' PER AZIONI",Italy,Large highest EEA,16,16,0,0.0000,9+,1,0,62,ja,nein
549300TTZTKBUFKWH890,The Cyprus Development Bank Public Company Ltd,Cyprus,Other highest EEA,8,8,0,0.0000,4-8,1,0,4,ja,nein
549300U4LIZV0REEQQ46,"Kutxabank, S.A.",Spain,Large highest EEA,16,16,0,0.0000,9+,1,0,48,ja,nein
549300UARE5MHTBUPJ19,Promontoria 19 Coöperatie U.A.,Netherlands,Large highest EEA,4,4,0,0.0000,4-8,1,4,4,ja,nein
549300UOX05QGUJJ5707,Stadshypotek AB,Sweden,Large subsidiaries,8,8,0,0.0000,4-8,1,6,29,ja,nein
549300URJH9VSI58CS32,"Banco Santander Totta, SA",Portugal,Large subsidiaries,13,13,0,0.0000,9+,1,71,94,ja,nein
549300UY81ESCZJ0GR95,First Investment Bank,Bulgaria,Large highest EEA,20,12,8,0.4000,9+,5,16,20,ja,ja
549300V1VN70Q7PQ7234,CRÉDIT AGRICOLE AUTO BANK S.P.A.,Italy,Large subsidiaries,12,12,0,0.0000,9+,1,0,6,ja,nein
549300V4H4USWZUCE073,"BISON BANK, SA",Portugal,Other highest EEA,5,5,0,0.0000,4-8,1,0,4,ja,nein
549300VRM6G42M8OWN49,Sparebank 1 Østlandet,Norway,Other highest EEA,12,10,2,0.1667,9+,3,5,5,ja,ja
549300WDT1HWUMTUW770,Standard Chartered Bank AG,Germany,Other highest EEA,6,3,3,0.5000,4-8,3,0,1,ja,ja
549300X34UUBDEUL1Z91,HSBC Bank Malta p.l.c.,Malta,Large subsidiaries,11,11,0,0.0000,9+,1,0,16,ja,nein
549300XGJX6FOWLOI640,FIDEURAM - INTESA SANPAOLO PRIVATE BANKING S.P.A.,Italy,Large subsidiaries,8,5,3,0.3750,4-8,2,0,0,nein,ja
549300XWJHRKLHU2PS28,ERSTE csoport,Hungary,Large subsidiaries,9,9,0,0.0000,9+,1,16,52,ja,nein
549300YV6LXRPJO3U576,Merkur Andelskasse,Denmark,Other highest EEA,4,4,0,0.0000,4-8,1,0,0,nein,nein
549300YW95G1VBBGGV07,"AS ""SEB banka""",Latvia,Large subsidiaries,7,7,0,0.0000,4-8,1,0,0,nein,nein
549300Z7V2WOFIMUEK50,UniCredit Bulbank AD,Bulgaria,Large subsidiaries,17,6,11,0.6471,9+,10,0,7,ja,ja
549300ZBZQ6M21ZGGY79,China Merchants Bank (Europe) S.A,Luxembourg,Other highest EEA,5,5,0,0.0000,4-8,1,0,1,ja,nein
549300ZEF3QWM810M319,Ziklo Bank AB,Sweden,Other highest EEA,10,5,5,0.5000,9+,2,0,3,ja,ja
549300ZHFZ4CSK7VS460,Privredna Banka Zagreb d.d.,Croatia,Large subsidiaries,14,10,4,0.2857,9+,3,5,74,ja,ja
549300ZK53CNGEEI6A29,J.P. Morgan SE,Germany,Large highest EEA,11,11,0,0.0000,9+,1,0,0,nein,nein
549300ZOE0EU2VKF6M35,Lombard Odier (Europe) S.A.,Luxembourg,Other highest EEA,3,3,0,0.0000,1-3,1,0,0,nein,nein
5967007LIEEXZX51WW28,SPAREBANKEN ØST,Norway,Other highest EEA,7,7,0,0.0000,4-8,1,0,0,nein,nein
5967007LIEEXZX5PU005,Sparebanken Møre SPA,Norway,Other highest EEA,9,5,4,0.4444,9+,5,8,41,ja,ja
5967007LIEEXZX659K67,DNB BOLIGKREDITT AS,Norway,Large subsidiaries,3,3,0,0.0000,1-3,1,0,0,nein,nein
5967007LIEEXZX76AW36,OBOS-BANKEN AS,Norway,Other highest EEA,6,6,0,0.0000,4-8,1,0,0,nein,nein
5967007LIEEXZX8UHK11,SPAREBANK 1 SOGN OG FJORDANE,Norway,Other highest EEA,4,3,1,0.2500,4-8,2,0,1,ja,ja
5UMCZOEYKCVFAW8ZLO05,"National Bank of Greece, S.A.",Greece,Large highest EEA,15,15,0,0.0000,9+,1,28,32,ja,nein
635400AKJBGNS5WNQL34,AIB Group plc,Ireland,Large highest EEA,22,18,4,0.1818,9+,2,0,26,ja,ja
635400C8EK6DRI12LJ39,Bank of Ireland Group plc,Ireland,Large highest EEA,18,18,0,0.0000,9+,1,2,18,ja,nein
635400DTNHVYGZODKQ93,Permanent TSB Group Holdings Plc,Ireland,Large highest EEA,4,4,0,0.0000,4-8,1,0,0,nein,nein
635400F6HLXKXNJJX605,EXIM BANCA ROMANEASCA S.A.,Romania,Large highest EEA,10,10,0,0.0000,9+,1,0,5,ja,nein
635400JLGKETPVVGPW53,De Lage Landen International B.V.,Netherlands,Large subsidiaries,4,4,0,0.0000,4-8,1,0,0,nein,nein
635400L14KNHZXPUZM19,Bank of Cyprus Holdings Public Limited Company,Ireland,Large highest EEA,18,18,0,0.0000,9+,1,0,14,ja,nein
635400LCCIYHUL6ELA34,USB European (Holdings) Limited,Ireland,Other highest EEA,5,5,0,0.0000,4-8,1,0,1,ja,nein
6TJCK1B7E7UTXP528Y04,Citigroup Global Markets Europe AG,Germany,Large highest EEA,19,12,7,0.3684,9+,4,0,0,nein,ja
724500973ODKK3IFQ447,Adyen N.V.,Netherlands,Other highest EEA,6,6,0,0.0000,4-8,1,0,11,ja,nein
724500A1FNICHSDF2I11,ASN Bank N.V.,Netherlands,Large highest EEA,15,15,0,0.0000,9+,1,54,80,ja,nein
724500AG21Z9GIJE4735,WP XII Financial Holdings Coöperatief U.A.,Netherlands,Other highest EEA,4,4,0,0.0000,4-8,1,0,0,nein,nein
724500AH42V5X8BCPE49,Achmea Bank N.V.,Netherlands,Other highest EEA,5,5,0,0.0000,4-8,1,0,0,nein,nein
724500BICUQ0LF1AH770,Nationale-Nederlanden Bank N.V.,Netherlands,Other highest EEA,5,5,0,0.0000,4-8,1,0,0,nein,nein
724500D8WOYCL1BUCB80,Van Lanschot Kempen N.V.,Netherlands,Other highest EEA,7,7,0,0.0000,4-8,1,0,6,ja,nein
724500JIWG886A9RRT57,RBS Holdings N.V.,Netherlands,Large highest EEA,19,12,7,0.3684,9+,4,2,3,ja,ja
724500M4G9AVEMHMV291,bunq Holding B.V.,Netherlands,Other highest EEA,4,4,0,0.0000,4-8,1,0,0,nein,nein
724500PMK2A2M1SQQ228,Triodos Bank N.V.,Netherlands,Other highest EEA,7,6,1,0.1429,4-8,2,0,9,ja,ja
724500SF1CI8OD5AHI07,HCBG Holding B.V.,Netherlands,Other highest EEA,3,3,0,0.0000,1-3,1,0,0,nein,nein
724500ZNT2I60RYZQI38,Anadolubank Nederland N.V.,Netherlands,Other highest EEA,13,7,6,0.4615,9+,2,0,0,nein,ja
7437003B5WFBOIEFY714,OP Osuuskunta,Finland,Large highest EEA,18,18,0,0.0000,9+,1,0,2,ja,nein
7437005892K69S3MW344,Säästöpankkiliitto osk,Finland,Other highest EEA,9,9,0,0.0000,9+,1,0,0,nein,nein
7437006WYM821IJ3MN73,Ålandsbanken Abp,Finland,Other highest EEA,4,4,0,0.0000,4-8,1,0,1,ja,nein
743700FTBNXAUN57RH30,S-Pankki Oyj,Finland,Other highest EEA,11,10,1,0.0909,9+,2,0,1,ja,ja
743700GC62JLHFBUND16,Aktia Bank Abp,Finland,Other highest EEA,7,7,0,0.0000,4-8,1,0,2,ja,nein
743700PW2HDTPU3YRJ31,POP Pankkikeskus osk,Finland,Other highest EEA,7,7,0,0.0000,4-8,1,0,4,ja,nein
747DLM6L5TO7LXZY5T60,Scotiabank (Ireland) Designated Activity Company,Ireland,Other highest EEA,6,6,0,0.0000,4-8,1,0,0,nein,nein
7CUNS533WID6K7DGFI87,"CaixaBank, S.A.",Spain,Large highest EEA,17,17,0,0.0000,9+,1,2,98,ja,nein
7LTWFZYICNSX8D621K86,DEUTSCHE BANK AKTIENGESELLSCHAFT,Germany,Large highest EEA,22,21,1,0.0455,9+,2,34,255,ja,ja
7LVZJ6XRIE7VNZ4UBX81,BANCA MEDIOLANUM S.P.A.,Italy,Large highest EEA,16,14,2,0.1250,9+,2,0,10,ja,ja
7V6Z97IO7R1SEAO84Q32,SpareBank 1 SMN,Norway,Other highest EEA,4,4,0,0.0000,4-8,1,1,1,ja,nein
81560017C4A61A529235,CASSA DI RISPARMIO DI FERMO S.P.A. (IN FORMA ABBREVIATA CARIFERMO S.P.A.),Italy,Other highest EEA,5,5,0,0.0000,4-8,1,0,0,nein,nein
81560027D07F9BDB8436,CASSA DI RISPARMIO DI ASTI S.P.A. (IN FORMA ABBREVIATA BANCA C.R. ASTI S.P.A.),Italy,Other highest EEA,4,4,0,0.0000,4-8,1,1,4,ja,nein
81560035485BD7DB3590,BANCO DI CREDITO P.AZZOAGLIO - S.P.A.,Italy,Other highest EEA,3,3,0,0.0000,1-3,1,0,0,nein,nein
8156003A4FB445454553,CASSA DI RISPARMIO DI BOLZANO S.P.A. - SUDTIROLER SPARKASSE AG,Italy,Other highest EEA,5,5,0,0.0000,4-8,1,0,0,nein,nein
8156003D79D064FB5360,CASSA LOMBARDA - S.P.A.,Italy,,4,4,0,0.0000,4-8,1,0,0,nein,nein
8156004BBB6E6B9B6F10,BANCA POPOLARE DI PUGLIA E BASILICATA - SOCIETA' COOPERATIVA PER AZIONI,Italy,Other highest EEA,5,5,0,0.0000,4-8,1,0,0,nein,nein
81560051AAE0E0F10021,CHERRY BANK S.P.A. (CON ACRONIMO CHERRY BANK O CHERRY),Italy,Other highest EEA,1,1,0,0.0000,1-3,1,0,0,nein,nein
8156005420362AE59184,BANCA IFIS S.P.A. (OVVERO IFIS BANCA S.P.A. O IN FORMA ABBREVIATA IFIS S.P.A.),Italy,Other highest EEA,6,6,0,0.0000,4-8,1,0,0,nein,nein
8156005C22D0BF134C40,BANCA POPOLARE PUGLIESE - SOCIETA' COOPERATIVA PER AZIONI,Italy,Other highest EEA,5,5,0,0.0000,4-8,1,0,4,ja,nein
81560062CEAE87A85C80,AREPO BP S.P.A.,Italy,Other highest EEA,8,5,3,0.3750,4-8,2,0,0,nein,ja
81560064085A02B2B297,MEDIOCREDITO CENTRALE - BANCA DEL MEZZOGIORNO SPA,Italy,Other highest EEA,3,3,0,0.0000,1-3,1,0,1,ja,nein
815600722FAEE18D6013,BANCA DEL FUCINO S.P.A.,Italy,Other highest EEA,5,5,0,0.0000,4-8,1,0,0,nein,nein
8156007C053DC07AC307,CREDITO LOMBARDO VENETO S.P.A.,Italy,Other highest EEA,5,5,0,0.0000,4-8,1,0,0,nein,nein
8156007D348794DB1690,CRÉDIT AGRICOLE ITALIA S.P.A.,Italy,Large subsidiaries,12,12,0,0.0000,9+,1,2,14,ja,nein
815600848DEFE160E913,IBL ISTITUTO BANCARIO DEL LAVORO S.P.A. (IN FORMA ABBREVIATA IBL BANCA),Italy,Other highest EEA,8,6,2,0.2500,4-8,2,0,0,nein,ja
8156008B43CE788F4932,BANCA AGRICOLA POPOLARE DI SICILIA SOCIETA' COOPERATIVA PER AZIONI,Italy,Other highest EEA,5,5,0,0.0000,4-8,1,0,0,nein,nein
8156008FC57F3F707049,ENTE CAMBIANO SOCIETA' COOPERATIVA PER AZIONI,Italy,Other highest EEA,5,4,1,0.2000,4-8,2,0,0,nein,ja
815600903231FA2E7698,BANCA GENERALI - SOCIETA' PER AZIONI (IN FORMA ABBREVIATA GENERBANCA),Italy,Other highest EEA,8,8,0,0.0000,4-8,1,0,0,nein,nein
815600914B5015427B51,ZURICH ITALY BANK S.P.A.,Italy,Other highest EEA,3,3,0,0.0000,1-3,1,0,0,nein,nein
8156009F9B6BB7745A32,PRIVATA HOLDING S.R.L.,Italy,Other highest EEA,3,3,0,0.0000,1-3,1,0,0,nein,nein
815600A029117B20DD63,ILLIMITY BANK S.P.A.,Italy,Other highest EEA,2,2,0,0.0000,1-3,1,0,0,nein,nein
815600A32DA05F693F24,LA CASSA DI RAVENNA S.P.A.,Italy,Other highest EEA,4,3,1,0.2500,4-8,2,0,0,nein,ja
815600AD83B2B6317788,CREDITO EMILIANO HOLDING SOCIETA' PER AZIONI,Italy,Large highest EEA,21,18,3,0.1429,9+,2,0,12,ja,ja
815600B43BECA3919584,BANCA PROMOS S.P.A.,Italy,Other highest EEA,5,5,0,0.0000,4-8,1,0,3,ja,nein
815600B5C61A10BBB451,BANCA SISTEMA S.P.A.,Italy,Other highest EEA,5,5,0,0.0000,4-8,1,0,0,nein,nein
815600B6B356EC776E54,CASSA DI RISPARMIO DI VOLTERRA S.P.A.,Italy,Other highest EEA,9,5,4,0.4444,9+,3,0,0,nein,ja
815600BEE9123CD92E12,BANCA VALSABBINA SOCIETA' COOPERATIVA PER AZIONI (IN BREVE LA VALSABBINA),Italy,Other highest EEA,5,5,0,0.0000,4-8,1,0,0,nein,nein
815600DDCE9083CAC598,MEDIOBANCA PREMIER S.P.A.,Italy,Large subsidiaries,19,15,4,0.2105,9+,3,4,20,ja,ja
815600E4E6DCD2D25E30,BANCO BPM SOCIETA' PER AZIONI,Italy,Large highest EEA,18,18,0,0.0000,9+,1,2,16,ja,nein
815600F24AE25C9D1B94,MAURIZIO SELLA - SOCIETA' IN ACCOMANDITA PER AZIONI,Italy,Other highest EEA,11,7,4,0.3636,9+,3,0,27,ja,ja
815600FDD3EB3EA03194,BANCA POPOLARE DEL LAZIO SOCIETA' COOPERATIVA,Italy,Other highest EEA,6,6,0,0.0000,4-8,1,0,0,nein,nein
851WYGNLUQLFZBSYGB56,COMMERZBANK Aktiengesellschaft,Germany,Large highest EEA,26,19,7,0.2692,9+,3,120,220,ja,ja
894500N55FUZ70ZQ1784,Green Opera Finance Invest AB,Sweden,Other highest EEA,7,6,1,0.1429,4-8,2,0,0,nein,ja
8IBZUGJ7JPLH368JE346,Goldman Sachs Bank Europe SE,Germany,Large highest EEA,15,15,0,0.0000,9+,1,0,0,nein,nein
95980020140005012943,"Caja Rural de Aragón, Sociedad Cooperativa de Crédito",Spain,Other highest EEA,5,4,1,0.2000,4-8,2,0,1,ja,ja
95980020140005219553,"Caja Rural de Asturias, Sociedad Cooperativa de Crédito",Spain,Other highest EEA,7,5,2,0.2857,4-8,2,0,1,ja,ja
95980020140005220135,"Caja Rural de Granada, Sociedad Cooperativa de Crédito",Spain,Other highest EEA,12,7,5,0.4167,9+,3,0,1,ja,ja
95980020140005375335,"Caja Rural del Sur, S. Coop. de Crédito",Spain,Other highest EEA,5,5,0,0.0000,4-8,1,0,1,ja,nein
95980020140005439549,"Caja Rural de Navarra, S. Coop. de Crédito",Spain,Other highest EEA,7,7,0,0.0000,4-8,1,0,1,ja,nein
95980020140005484654,"Caja Rural de Albacete, Ciudad Real y Cuenca, Sociedad Cooperativa de Crédito",Spain,Other highest EEA,10,7,3,0.3000,9+,3,0,1,ja,ja
95980020140005552166,"Eurocaja Rural, Sociedad Cooperativa de Crédito",Spain,Other highest EEA,6,5,1,0.1667,4-8,2,0,1,ja,ja
95980020140005658381,"Aresbank, S.A.",Spain,Other highest EEA,5,5,0,0.0000,4-8,1,20,25,ja,nein
95980020140005881190,Banco de Crédito Social Cooperativo,Spain,Large highest EEA,18,18,0,0.0000,9+,1,2,8,ja,nein
9598002AYDQER7DXLR16,GRUCAJRURAL INVERSIONES SL,Spain,Other highest EEA,2,2,0,0.0000,1-3,1,0,0,nein,nein
959800LQ598A5RQASA61,"Banca March, S.A.",Spain,Other highest EEA,9,9,0,0.0000,9+,1,1,7,ja,nein
959800R86KE31EAVRC30,LIBERTY PARTNERS S.L.U.,Spain,Other highest EEA,8,6,2,0.2500,4-8,2,0,0,nein,ja
959800VHSP2QBPNRF210,"Bank of Africa Europe, S.A.",Spain,Other highest EEA,6,6,0,0.0000,4-8,1,9,10,ja,nein
96950001WI712W7PQG45,RCI Banque,France,Large highest EEA,21,12,9,0.4286,9+,5,170,361,ja,ja
9695000CG7B84NLR5984,Confédération Nationale du Crédit Mutuel,France,Large highest EEA,12,11,1,0.0833,9+,2,0,3,ja,ja
9695002JOWSRCLLLNY11,Edmond de Rothschild (France),France,Other highest EEA,5,5,0,0.0000,4-8,1,0,0,nein,nein
9695002K2HDLD20JU790,AGENCE FRANCE LOCALE - SOCIETE TERRITORIALE,France,Other highest EEA,5,5,0,0.0000,4-8,1,0,7,ja,nein
96950041VJ1QP0B69503,Crédit mutuel Arkéa,France,Large subsidiaries,16,16,0,0.0000,9+,1,2,193,ja,nein
96950066U5XAAIRCPA78,La Banque Postale,France,Large highest EEA,2,1,1,0.5000,1-3,2,0,0,nein,ja
9695007EQZDL89LUW373,Banque Banorient France,France,Other highest EEA,5,5,0,0.0000,4-8,1,3,3,ja,nein
969500A3Y5KTGJEMDZ32,Caisse régionale de crédit agricole mutuel du Languedoc,France,Large subsidiaries,5,5,0,0.0000,4-8,1,0,0,nein,nein
969500A4IPKVUBH3CA90,Banque Delubac et Cie,France,Other highest EEA,1,1,0,0.0000,1-3,1,0,5,ja,nein
969500A9SZ8YP1810S21,Caisse d'épargne et de prévoyance Aquitaine Poitou-Charentes,France,Large subsidiaries,3,3,0,0.0000,1-3,1,0,0,nein,nein
969500AGACQ54Q3UF243,Caisse régionale de crédit agricole mutuel de Centre France - Crédit agricole  Centre France (3ème du nom),France,Large subsidiaries,4,4,0,0.0000,4-8,1,0,0,nein,nein
969500B5DNR7Q1ACGD23,Caisse régionale de crédit agricole mutuel Atlantique Vendée,France,Large subsidiaries,7,5,2,0.2857,4-8,2,47,69,ja,ja
969500CJCTMI93QJKK89,Axa banque,France,Other highest EEA,6,3,3,0.5000,4-8,3,16,52,ja,ja
969500EVOBAGHKZEXA33,Banque populaire Alsace Lorraine Champagne,France,Large subsidiaries,4,4,0,0.0000,4-8,1,0,0,nein,nein
969500EYG6U339D3TI84,Crédit Foncier de France,France,Large subsidiaries,9,7,2,0.2222,9+,2,1,3,ja,ja
969500F3KYDJBFS4XM73,Bank Audi France,France,Other highest EEA,4,4,0,0.0000,4-8,1,0,0,nein,nein
969500FF9M4SBM5VHR15,Caisse régionale de crédit agricole mutuel Nord de France,France,Large subsidiaries,6,6,0,0.0000,4-8,1,0,0,nein,nein
969500FYEXW795NPJO79,Caisse régionale de crédit agricole mutuel Brie Picardie,France,Large subsidiaries,6,5,1,0.1667,4-8,2,0,5,ja,ja
969500GVS02SJYG9S632,Carrefour banque,France,Other highest EEA,4,4,0,0.0000,4-8,1,0,1,ja,nein
969500JJWO4PQG0R1C58,CAISSE D'EPARGNE ET DE PREVOYANCE GRAND EST EUROPE,France,Large subsidiaries,4,4,0,0.0000,4-8,1,0,0,nein,nein
969500JM7VIGQIPZOL49,BANQUE POPULAIRE AUVERGNE RHONE ALPES,France,Large subsidiaries,4,4,0,0.0000,4-8,1,0,0,nein,nein
969500LFTDNMONT2EP08,Caisse fédérale de crédit mutuel,France,Large subsidiaries,12,11,1,0.0833,9+,2,2,19,ja,ja
969500O971S0I6U24G84,Compagnie Financière Holding Mixte Milleis,France,Other highest EEA,2,1,1,0.5000,1-3,2,0,0,nein,ja
969500ORP9FTJYI28L37,Caisse régionale de crédit agricole mutuel des Savoie,France,Large subsidiaries,4,4,0,0.0000,4-8,1,0,0,nein,nein
969500PI25OKPKTD9364,Caisse régionale de crédit agricole mutuel de Paris et d'Ile-de-France,France,Large subsidiaries,5,5,0,0.0000,4-8,1,0,0,nein,nein
969500SJXM8MW32ZVG75,Caisse d'épargne et de prévoyance Bretagne-Pays de Loire,France,Large subsidiaries,4,4,0,0.0000,4-8,1,0,0,nein,nein
969500STN7T9MRUMJ267,Bpifrance,France,Large highest EEA,10,10,0,0.0000,9+,1,9,18,ja,nein
969500TU5ZMYBIWP0R51,Caisse d'Epargne CEPAC,France,Large subsidiaries,5,3,2,0.4000,4-8,2,0,0,nein,ja
969500V9BSEN0HWUIC23,Ebi SA,France,Other highest EEA,1,1,0,0.0000,1-3,1,0,0,nein,nein
969500VHT1ZNPVWOYF63,BNP Paribas Personal Finance,France,Large subsidiaries,11,9,2,0.1818,9+,3,3,3,ja,ja
969500VR2NA6ANMTXH21,Caisse d'épargne et de prévoyance de Rhône Alpes,France,Large subsidiaries,3,3,0,0.0000,1-3,1,0,0,nein,nein
969500W34S6NCZWYBV47,Caisse d'épargne et de prévoyance Ile-de-France,France,Large subsidiaries,3,3,0,0.0000,1-3,1,0,0,nein,nein
969500W8SBCXNX1DG443,Banque populaire Rives de Paris,France,Large subsidiaries,4,4,0,0.0000,4-8,1,0,0,nein,nein
969500WFZ7C2IBN9TB80,Banque populaire Grand Ouest,France,Large subsidiaries,5,4,1,0.2000,4-8,2,0,0,nein,ja
969500WJ4V0WNG8Q5L42,Caisse régionale de crédit agricole mutuel Centre-Est,France,Large subsidiaries,4,4,0,0.0000,4-8,1,0,0,nein,nein
969500X8MO6M37C47827,Caisse régionale de crédit agricole mutuel d'Aquitaine,France,Large subsidiaries,4,4,0,0.0000,4-8,1,0,0,nein,nein
9845006BAF66DZ35C849,Lunar Group A/S,Denmark,Other highest EEA,5,5,0,0.0000,4-8,1,0,3,ja,nein
9845006C7B5CC707X660,Swedbank Baltics AS,Latvia,Large subsidiaries,2,2,0,0.0000,1-3,1,0,0,nein,nein
9845009BE414FBF82130,FESTA HOLDING,Bulgaria,Other highest EEA,3,3,0,0.0000,1-3,1,1,1,ja,nein
984500ADEE3DE4F14F51,Kompasbank A/S,Denmark,Other highest EEA,8,5,3,0.3750,4-8,2,0,2,ja,ja
984500E4D07499C10435,TBI FINANCIAL SERVICES B.V.,Netherlands,Other highest EEA,11,7,4,0.3636,9+,3,3,4,ja,ja
9CZ7TVMR36CYD5TZBS50,Banque Internationale à Luxembourg,Luxembourg,Large highest EEA,18,17,1,0.0556,9+,2,11,65,ja,ja
9KOGW2C2FCIOJQ7FF485,"Česká spořitelna, a.s.",Czech,Large subsidiaries,15,14,1,0.0667,9+,2,71,137,ja,ja
9ZHRYM6F437SQJ6OUG95,Raiffeisen Bank International AG,Austria,Large highest EEA,22,18,4,0.1818,9+,2,8,147,ja,ja
A5GWLFH3KM7YV2SFQL84,Belfius Bank,Belgium,Large highest EEA,19,18,1,0.0526,9+,2,182,349,ja,ja
AT0000000000043000VB,VOLKSBANK WIEN AG VB,Austria,Large highest EEA,11,7,4,0.3636,9+,2,29,32,ja,ja
B64D6Y3LBJS4ANNPCU93,NIBC Bank N.V.,Netherlands,Other highest EEA,8,8,0,0.0000,4-8,1,0,0,nein,nein
B81CK4ESI35472RHJ606,Landesbank Baden-Württemberg,Germany,Large highest EEA,2,2,0,0.0000,1-3,1,0,0,nein,nein
BB3BGO3LCED63R8R9R41,BANK POLSKIEJ SPOLDZIELCZOSCI S.A.,Poland,Large highest EEA,7,6,1,0.1429,4-8,2,1,1,ja,ja
BFXS5XCH7N0Y05NIXW11,ABN AMRO Bank N.V.,Netherlands,Large highest EEA,18,18,0,0.0000,9+,1,80,357,ja,nein
CXUHEGU3MADZ2CEV7C11,Eurobank Limited,Cyprus,Large subsidiaries,8,8,0,0.0000,4-8,1,0,1,ja,nein
D1HEB8VEU6D9M8ZUXG17,UniCredit Bank Austria AG,Austria,Large subsidiaries,14,13,1,0.0714,9+,2,36,82,ja,ja
DG3RU1DBUFHT4ZF9WN62,Coöperatieve Rabobank U.A.,Netherlands,Large highest EEA,12,9,3,0.2500,9+,3,28,52,ja,ja
DIZES5CFO5K3I5R58746,Landesbank Hessen-Thüringen Girozentrale,Germany,Large highest EEA,18,16,2,0.1111,9+,2,16,42,ja,ja
DSNHHQ2B9X5N6OUJ1236,Norddeutsche Landesbank - Girozentrale -,Germany,Large highest EEA,11,10,1,0.0909,9+,2,16,22,ja,ja
DZZ47B9A52ZJ6LT6VV95,Deutsche Pfandbriefbank AG,Germany,Large highest EEA,17,16,1,0.0588,9+,2,1,32,ja,ja
EQYXK86SF381Q21S3020,Bank of America Europe Designated Activity Company,Ireland,Large highest EEA,13,13,0,0.0000,9+,1,0,0,nein,nein
EV2XZWMLLXF2QRX0CD47,Kommuninvest - Grupp,Sweden,Large highest EEA,17,16,1,0.0588,9+,2,34,260,ja,ja
F0HUI1NY1AZMJMD8LP67,HSBC Continental Europe,France,Large highest EEA,23,11,12,0.5217,9+,6,8,86,ja,ja
F3JS33DEI6XQ4ZBPTN86,Skandinaviska Enskilda Banken - gruppen,Sweden,Large highest EEA,29,18,11,0.3793,9+,2,2,28,ja,ja
FR9695005MSX1OYEMGDF,Groupe BPCE,France,Large highest EEA,26,20,6,0.2308,9+,2,34,40,ja,ja
FR969500TJ5KRTCJQWXH,Groupe Crédit Agricole,France,Large highest EEA,3,3,0,0.0000,1-3,1,2,18,ja,nein
G8ZTNESVNKW4NN761W05,ABN AMRO Clearing Bank N.V.,Netherlands,Large subsidiaries,8,8,0,0.0000,4-8,1,0,0,nein,nein
GDI8P8WHFH4PS5YTU851,"HAITONG BANK, S.A.",Portugal,Other highest EEA,7,7,0,0.0000,4-8,1,0,0,nein,nein
GP5DT10VX1QRQUKVBK64,AL Sydbank A/S,Denmark,Large highest EEA,2,2,0,0.0000,1-3,1,0,0,nein,nein
GTQYZJON3I7SXRNJTT73,BSK 1818 AG,Germany,Large subsidiaries,3,3,0,0.0000,1-3,1,0,1,ja,nein
H0YX5LBGKDVOWCXBZ594,SBAB Bank AB - Grupp,Sweden,Large highest EEA,15,13,2,0.1333,9+,2,12,24,ja,ja
H8MIG1MMPR6JXUQVBM04,Bank BPH S.A.,Poland,Other highest EEA,5,5,0,0.0000,4-8,1,0,13,ja,nein
HWIPDOTRM1EKRPKYKH81,Northern Trust Global Services SE,Luxembourg,Other highest EEA,10,6,4,0.4000,9+,2,0,4,ja,ja
I6SS27Q1Q3385V753S50,Raiffeisenlandesbank Oberösterreich Aktiengesellschaft,Austria,Large subsidiaries,13,13,0,0.0000,9+,1,0,23,ja,nein
I6USJ58BDV2BO5KP3C31,"MONETA Money Bank, a.s.",Czech,Other highest EEA,10,8,2,0.2000,9+,3,0,1,ja,ja
I7ETN0QQO2AHZZGHJ389,KOMMUNALBANKEN AS,Norway,Large highest EEA,6,6,0,0.0000,4-8,1,1,5,ja,nein
J48C8PCSJVUBR8KCW529,BANCA POPOLARE DI SONDRIO SOCIETA' PER AZIONI,Italy,Large subsidiaries,8,8,0,0.0000,4-8,1,0,0,nein,nein
J4CP7MHCXR8DAQMKIL78,Banca Monte dei Paschi di Siena S.p.A.,Italy,Large highest EEA,19,18,1,0.0526,9+,2,24,80,ja,ja
JLS56RAMYQZECFUF2G44,ING Belgie,Belgium,Large subsidiaries,4,4,0,0.0000,4-8,1,276,458,ja,nein
JU1U6S0DG9YLT7N8ZV32,"Banco Comercial Português, SA",Portugal,Large highest EEA,14,14,0,0.0000,9+,1,42,109,ja,nein
K8MS7FD7N5Z2WQ51AZ71,"Banco Bilbao Vizcaya Argentaria, S.A.",Spain,Large highest EEA,24,16,8,0.3333,9+,3,82,243,ja,ja
KFUXYFTU2LHQFQZDQG45,Kereskedelmi és Hitelbank csoport,Hungary,Large subsidiaries,14,14,0,0.0000,9+,1,9,49,ja,nein
KGCEPHLVVKVRZYO1T647,BNP Paribas Fortis,Belgium,Large subsidiaries,35,35,0,0.0000,9+,1,0,16,ja,nein
KR6LSKV3BTSJRD41IF75,"UniCredit Bank Czech Republic and Slovakia, a.s.",Czech,Large subsidiaries,16,14,2,0.1250,9+,2,8,26,ja,ja
KX1WK48MPD4Y2NCUIZ63,Natixis,France,Large subsidiaries,9,7,2,0.2222,9+,2,4,65,ja,ja
LIU16F6VZJSD6UKHD557,Nykredit Realkredit A/S,Denmark,Large highest EEA,14,12,2,0.1429,9+,2,2,13,ja,ja
LOO0AWXR8GF142JCO404,CASSA CENTRALE BANCA - CREDITO COOPERATIVO ITALIANOSOCIETA' PER AZIONI (IN SIGLA CASSA CENTRALE BANCA),Italy,Large highest EEA,19,16,3,0.1579,9+,2,4,10,ja,ja
M312WZV08Y7LYUC71685,Swedbank - Grupp,Sweden,Large highest EEA,23,19,4,0.1739,9+,3,0,0,nein,ja
M6AD1Y1KW32H8THQ6F76,Piraeus Financial Holdings,Greece,Large highest EEA,7,7,0,0.0000,4-8,1,9,19,ja,nein
MAES062Z21O4RZ2U7M96,Danske Bank A/S,Denmark,Large highest EEA,20,18,2,0.1000,9+,2,155,266,ja,ja
MKP1B7E76TN04CD85Z79,BANK OCHRONY ŚRODOWISKA SA,Poland,Other highest EEA,10,10,0,0.0000,9+,1,0,0,nein,nein
MMYX0N4ZEZ13Z4XCG897,THE BANK OF NEW YORK MELLON,Belgium,Large highest EEA,12,12,0,0.0000,9+,1,1,15,ja,nein
N1FBEDJ5J41VKZLO2475,Citibank Europe plc,Ireland,Large highest EEA,20,16,4,0.2000,9+,3,6,44,ja,ja
N4JDFKKH2FTD8RKFXO39,Crédit industriel et commercial - CIC,France,Large subsidiaries,11,11,0,0.0000,9+,1,2,20,ja,nein
N747OI7JINV7RUUH6190,BPER Banca S.p.A.,Italy,Large highest EEA,16,16,0,0.0000,9+,1,0,64,ja,nein
NHBDILHZTYCNBV5UYZ31,Svenska Handelsbanken - gruppen,Sweden,Large highest EEA,29,19,10,0.3448,9+,3,14,66,ja,ja
NICH5Q04ADUV9SN3Q390,BRED - Banque populaire,France,Large subsidiaries,7,7,0,0.0000,4-8,1,26,44,ja,nein
NMH2KF074RKAGTH4CM63,BNP PARIBAS BANK POLSKA S.A,Poland,Large subsidiaries,19,18,1,0.0526,9+,2,6,38,ja,ja
NNVPP80YIZGEY2314M97,ICCREA BANCA S.P.A. - ISTITUTO CENTRALE DEL CREDITO COOPERATIVO (IN FORMA ABBREVIATA: ICCREA BANCA S.P.A.),Italy,Large highest EEA,19,18,1,0.0526,9+,2,0,10,ja,ja
O2RNE8IBXP4R0TD8PU41,Société générale S.A.,France,Large highest EEA,17,16,1,0.0588,9+,2,435,971,ja,ja
P4GTT6GF1W40CVIMFR43,Powszechna Kasa Oszczednosci Bank Polski S.A.,Poland,Large highest EEA,17,16,1,0.0588,9+,2,0,26,ja,ja
PQOH26KWDF7CG10L6792,Erste Group Bank AG,Austria,Large highest EEA,8,8,0,0.0000,4-8,1,62,63,ja,nein
PRNXTNXHBI0TSY1V8P17,Zagrebačka banka d.d.,Croatia,Large subsidiaries,15,15,0,0.0000,9+,1,4,52,ja,nein
PSNL19R2RXX5U3QWHI44,MEDIOBANCA - BANCA DI CREDITO FINANZIARIO S.P.A.,Italy,Large subsidiaries,17,15,2,0.1176,9+,2,0,17,ja,ja
PWEFG14QWWESISQ84C69,IKB Deutsche Industriebank Aktiengesellschaft,Germany,Other highest EEA,4,4,0,0.0000,4-8,1,0,0,nein,nein
Q5BP2UEQ48R75BOTCB92,"Československá obchodní banka, a.s.",Czech,Large subsidiaries,9,8,1,0.1111,9+,2,0,0,nein,ja
QS3ZEAHRBZY9228Z0111,Bank Julius Baer Europe S.A.,Luxembourg,Other highest EEA,4,4,0,0.0000,4-8,1,0,0,nein,nein
R0MUWSFPU8MPRO8K5P83,BNP Paribas,France,Large highest EEA,22,20,2,0.0909,9+,2,62,196,ja,ja
R1IO4YJ0O79SMWVCHB58,Banque centrale de compensation,France,Large highest EEA,4,4,0,0.0000,4-8,1,0,2,ja,nein
R7CQUF1DQM73HUTV1078,"Banque et Caisse d´Epargne de l´Etat, Luxembourg",Luxembourg,Large highest EEA,15,15,0,0.0000,9+,1,8,34,ja,nein
RG3IZJKPYQ4H6IQPIC08,Addiko Bank d.d.,Croatia,Large subsidiaries,10,10,0,0.0000,9+,1,0,0,nein,nein
RRUN0TCQ1K2JDV7MXO75,Oberbank AG,Austria,Other highest EEA,9,9,0,0.0000,9+,1,2,4,ja,nein
RUOKPID0PZ0UWJYU9J61,John Deere Bank S.A.,Luxembourg,Other highest EEA,1,1,0,0.0000,1-3,1,0,0,nein,nein
RY3KI4Q2655O2GIL8D68,BANCA INVESTIS S.P.A.,Italy,Other highest EEA,4,4,0,0.0000,4-8,1,0,0,nein,nein
SI5RG2M0WQQLZCXKRM20,"Banco de Sabadell, S.A.",Spain,Large highest EEA,28,16,12,0.4286,9+,2,0,31,ja,ja
SX0CI4F7GVW5530ZMN03,Wells Fargo Bank International Unlimited Company,Ireland,Other highest EEA,5,5,0,0.0000,4-8,1,0,0,nein,nein
TO822O0VT80V06K0FH57,"Caixa Geral de Depósitos, S.A.",Portugal,Large highest EEA,6,6,0,0.0000,4-8,1,0,6,ja,nein
TPS0Q8GFSZF45ZZFL873,Société Générale Luxembourg,Luxembourg,Large subsidiaries,5,5,0,0.0000,4-8,1,0,0,nein,nein
TUKDD90GPC79G1KOE162,Hamburg Commercial Bank AG,Germany,Large highest EEA,14,14,0,0.0000,9+,1,6,24,ja,nein
UAIAINAJ28P30E5GWE37,BGL BNP Paribas,Luxembourg,Large subsidiaries,7,6,1,0.1429,4-8,2,0,0,nein,ja
UI802FYJ52XDB7N4KN18,BANCA NAZIONALE DEL LAVORO S.P.A. (IN FORMA CONTRATTA BNL S.P.A.),Italy,Large subsidiaries,18,16,2,0.1111,9+,2,0,2,ja,ja
VDYMYTQGZZ6DU0912C88,Bayerische Landesbank,Germany,Large highest EEA,14,14,0,0.0000,9+,1,0,37,ja,nein
VWMYAEQSTOPNV0SUGU82,"Bankinter, S.A.",Spain,Large highest EEA,13,13,0,0.0000,9+,1,14,39,ja,nein
XLEZHWWOI4HFQDGL4793,BANK HANDLOWY W WARSZAWIE SA,Poland,Large subsidiaries,13,13,0,0.0000,9+,1,0,0,nein,nein
XTC5E2QFTEF0435JWL77,Nederlandse Financierings-Maatschappij voor Ontwikkelingslanden N.V.,Netherlands,Other highest EEA,5,5,0,0.0000,4-8,1,0,0,nein,nein
Y28RT6GGYJ696PMW8T44,UniCredit csoport,Hungary,Large subsidiaries,5,5,0,0.0000,4-8,1,10,15,ja,nein
