lei,wikidata_id,name,mitarbeiter,mitarbeiter_stand,gruendung,rechtsform,boersennotiert
0W2PZJM8XOY22M4GG883,Q1183542,DekaBank Deutsche Girozentrale,5727,2024-12-31,1918,Anstalt des öffentlichen Rechts,nein
0W5QHUNYV4W7GJO62R27,Q1641284,Hypo Tirol Bank,519,2016-12-31,1901,Aktiengesellschaft,nein
1FOLRR5RWTWWI397R131,Q10684798,Swedish Export Credit Corporation,,,1962,Aktiebolag,nein
21380057HUGFEAF25W84,Q27016811,Noba Bank Group,,,2003,Bankaktiebolag,nein
2138007F5HA5FFJROB80,Q4048312,Rietumu Bank,388,2023-01-01,1992,akciju sabiedrība,nein
2138007JGI1M5YF7FJ53,Q12313116,Q12313116,169,2022-01-01,1872,særlig finansiel virksomhed,nein
2138009Y59EAR7H1UO97,Q14239556,Citadele-Bank,1097,2023-01-01,2010,akciju sabiedrība,nein
213800DBQIB6VBNU5C64,Q747394,Alpha Bank,8487,,1879,Anonymi Etaireia,ja
213800GO21RWIB6O9Q29,Q12327047,Q12327047,372,2022-01-01,1853,særlig finansiel virksomhed,nein
213800JF3JFF6MMR2P36,Q16323595,Fynske Bank,190,2022-01-01,2000,Aktieselskab,ja
213800M7T3CYVZ3ZRT12,Q7573582,Sparebanken Vest,720,2019-01-01,1982,Sparebank,ja
213800RENLNKMWZV8767,Q12324823,Lollands Bank,119,2022-01-01,1907,Aktieselskab,ja
213800TKOS7J5UA3ZI07,Q131550121,Q131550121,,,2018,société anonyme à conseil d'administration (s.a.i.),nein
213800UYAHIRLZ4NSN67,Q12325311,Lån og Spar Bank,479,2022-01-01,1880,Aktieselskab,ja
213800X3Q9LSAKRUWY91,Q29560723,KBC Group,36030,2016-01-01,1998,Aktiengesellschaft,ja
2534005A84927EKSR789,Q12103619,Signet Bank,149,2023-01-01,1991,akciju sabiedrība,nein
254900WR3I1Z9NPC7D84,Q115167572,Q115167572,,,,limited company,nein
259400DZXF7UJKK2AY35,Q1160928,mBank,,,1986,spółka akcyjna,ja
259400LGXW3K0GDAG361,Q806653,Erste Bank Polska,,,,spółka akcyjna,ja
259400OFDZ9KPZEO8K78,Q4855947,Bank Millennium,,,1989,spółka akcyjna,ja
259400QHDOZWMJ103294,Q9148395,Alior Bank,,,2008,spółka akcyjna,ja
259400YLRTOBISHBVX41,Q1410383,ING Bank Śląski,7215,2025-12-31,1988,spółka akcyjna,ja
2W8N8UU78PMDQKZENC08,Q1343118,Intesa Sanpaolo,,,2007,società per azioni,ja
2ZCNRR8UK83OBTEK2170,Q220189,Unicredit Bank,13405,2017-12-31,1998,Gesellschaft mit beschränkter Haftung,nein
31570010000000004460,Q24282825,Raiffeisenbank,2966,2019-12-31,1993,Akciová společnost,nein
31570014BNQ1Q99CNQ35,Q65561346,PPF Financial Holdings,,,2021,Akciová společnost,nein
3157002JBFAI478MD587,Q1718069,Tatra Banka,3726,2019-01-01,1990,akciová spoločnosť,nein
3157006K4C7PJT790450,Q12725891,BANCA CENTRALA COOPERATISTA CREDITCOOP,160,2023-12-31,1851,Genossenschaftsbank,nein
315700E9POA724IWFP59,Q20120422,J&T Finance Group,3009,2023-01-01,1994,Evropská společnost,nein
315700K45LRKNGMUIW27,Q13538661,Prima Banka,,,1993,akciová spoločnosť,nein
39120001JPAYYPDRNN92,Q1202200,Deutsche Bausparkasse Badenia,,,1931,Aktiengesellschaft,nein
391200EEGLNXBBCVKC73,Q56825902,Erwerbsgesellschaft der S-Finanzgruppe mbH & Co. KG,,,,Kommanditgesellschaft,nein
3DM5DPGI3W6OU6GJ4N92,Q537886,Banco Português de Investimento,,,1981,Sociedade Anónima,ja
3M5E1GQGKL17HI6CPN30,Q136672,Jyske Bank,4000,2024-09-15,1967,Aktieselskab,ja
3TK20IVIUJ8J3ZU0QE75,Q2304977,ING Bank N.V.,,,1881,Naamloze Vennootschap,nein
485100FX5Y9YLAQLNP12,Q133822054,"Revolut Holdings Europe, UAB",,,,,nein
5299000R7WZOVIFHLN21,Q131467194,BFS SozialFinanz AG,,,,Aktiengesellschaft,nein
5299001ADI8FLGT0GU28,Q1681035,Sparkasse KölnBonn,,,2005,Anstalt des öffentlichen Rechts,nein
52990026HQOTT4AJP655,Q521818,GLS Gemeinschaftsbank,514,2017-12-31,1974,eingetragene Genossenschaft,nein
5299003ATVTQVPTW4735,Q806665,Bank für Tirol und Vorarlberg,,,1904,Aktiengesellschaft,nein
5299004R4U60UMXLSE36,Q2307494,Sparkasse Karlsruhe,,,1812,Anstalt des öffentlichen Rechts,nein
52990061592SQLEJN964,Q2531746,Volksbank Mittelhessen,1400,2015-12-31,1858,eingetragene Genossenschaft,nein
5299007S3UH5RKUYDA52,Q1202059,Deutsche Apotheker- und Ärztebank,2563,2017-01-01,1902,eingetragene Genossenschaft,nein
52990089LBIKLBM8YB23,Q15133387,VR Bank Nord,310,2016-12-31,1911,eingetragene Genossenschaft,nein
5299008I0TO44SUINZ71,Q879591,Oldenburgische Landesbank,1486,2025-02-21,1868,Aktiengesellschaft,nein
52990093INYLJNWHQ228,Q18413524,Volksbank Schwarzwald Baar Hegau,453,2016-12-31,1867,eingetragene Genossenschaft,nein
52990096Q5LMCH1WU462,Q46078814,Československá obchodná banka,2563,2016-01-01,2008,akciová spoločnosť,nein
529900AVGYYBVL1VNQ03,Q57695431,Kreditbanken,,,1926,Aktieselskab,ja
529900B91AUH0YTEXN10,Q1966870,National-Bank,,,1921,Aktiengesellschaft,nein
529900BHRYZ464GFD289,Q1545677,Grenke AG,,,1978,Aktiengesellschaft,nein
529900BI5KIGX6YLX375,Q1566184,HYPO Oberösterreich,404,2016-12-31,1890,Aktiengesellschaft,nein
529900BIK4WRWS06MR52,Q481206,Varengold Bank,74,2014-12-31,1995,Aktiengesellschaft,ja
529900C9OP6Y0DPYSK11,Q14544544,VR Bank RheinAhrEifel,500,2017-12-31,1866,eingetragene Genossenschaft,nein
529900CJAJ0HDPPKUI53,Q1751833,Nassauische Sparkasse,,,1804,Anstalt des öffentlichen Rechts,nein
529900DEAYRUPP22B339,Q872078,Mercedes-Benz Bank AG,1906,2014-12-31,1967,Aktiengesellschaft,nein
529900DSIVJWCUQUMP41,Q294110,AKA Ausfuhrkredit,101,2016-01-01,1952,Gesellschaft mit beschränkter Haftung,nein
529900DXTOU2U9IZDY54,Q2506474,Volksbank Raiffeisenbank Rosenheim-Chiemsee,,,1881,eingetragene Genossenschaft,nein
529900E0WY09Z3H21393,Q1432913,VR Bank Rhein-Neckar,671,2016-12-31,1998,eingetragene Genossenschaft,nein
529900GGYMNGRQTDOO93,Q2623882,BNG Bank,,,1914,Naamloze Vennootschap,nein
529900GM944JT8YIRL63,Q1293054,Münchener Hypothekenbank,462,2014-12-31,1896,eingetragene Genossenschaft,nein
529900HNOAA1KXQJUQ27,Q524424,DZ Bank,24642,,2001,Aktiengesellschaft,nein
529900IRBZTADXJB6757,Q1427303,flatexDEGIRO,,,1999,Aktiengesellschaft,ja
529900J35NSHS856UA68,Q12336588,Sparekassen Kronjylland,800,2022-01-01,1829,særlig finansiel virksomhed,nein
529900JCAE554QUYE140,Q1567929,Sparkasse Westmünsterland,,,2003,Anstalt des öffentlichen Rechts,nein
529900JG015JC10LED24,Q65256025,LHV Group,,,,Aktiengesellschaft,nein
529900JRKG8AEYL65326,Q15802937,VR Bank Heilbronn Schwäbisch Hall eG,601,2022-12-31,1857,eingetragene Genossenschaft,nein
529900JZXXU699FCKK89,Q811873,Bausparkasse Schwäbisch Hall,14033,,1931,Aktiengesellschaft,nein
529900K16YGKC8BES892,Q1203255,Deutsche Kreditbank,3731,2018-12-31,1990,Aktiengesellschaft,nein
529900LIZVBUANJ20E31,Q795504,BBBank,1491,2018-01-01,1921,eingetragene Genossenschaft,nein
529900MQJIQGD8N3YV53,Q1576297,Hannoversche Volksbank,903,2017-12-31,1860,eingetragene Genossenschaft,nein
529900ODI3047E2LIV03,Q1123823,Nordea,28989,2025-12-31,2001,julkinen osakeyhtiö,ja
529900OKPZTTS50FXP26,Q651601,Advanzia Bank,204,2020-12-31,2005,Société anonyme (Luxemburg),nein
529900P8BY9HZTZ82T70,Q15853120,Volksbank Kraichgau,549,2016-12-31,1867,eingetragene Genossenschaft,nein
529900PR2ELW8QI1B775,Q30594280,DLR Kredit,258,2022-01-01,2000,Aktieselskab,nein
529900PUK9IU39VCWK54,Q1486563,Volksbank Bielefeld-Gütersloh eG,774,2017-12-31,1892,eingetragene Genossenschaft,nein
529900RCLERIIXF4QM23,Q91200481,bank99,,,,Aktiengesellschaft,nein
529900RQOBT3ZJMDRK43,Q137779175,Bank Frick,,,,,nein
529900S1KHKOEQL5CK20,Q2597130,Wüstenrot Bausparkasse,1282,2016-12-31,1921,Aktiengesellschaft,nein
529900T7MYZUMMW4O176,Q821855,Berliner Volksbank eG,1793,2017-01-01,1946,eingetragene Genossenschaft,nein
529900UKZBMDBDZIXD62,Q27926559,Addiko Bank,,,1896,Aktiengesellschaft,nein
529900VS0F7BA91P4I60,Q131554121,Q131554121,,,,,nein
529900W3MOO00A18X956,Q912778,OTP Bank,,,1949,Q129261741,ja
529900WF3IXMJXSVJ831,Q2514976,Vereinigte Volksbanken,,,2000,Aktiengesellschaft,nein
529900XDLJV1P7HBAH18,Q1439313,Sparkasse Holstein,,,2006,Anstalt des öffentlichen Rechts,nein
529900ZMDTSQYEYCKL45,Q137779141,VR-Bank Erlangen-Höchstadt-Herzogenaurach,334,2016-12-31,1978,eingetragene Genossenschaft,nein
5493000LKS7B3UTF7H35,Q806642,Bank Polska Kasa Opieki,,,1929,spółka akcyjna,ja
5493000LM0MZ4JPMGM90,Q1277898,Santander Consumer Finance,13800,2010-12-31,1963,sociedad anónima,nein
5493001BABFV7P27OW30,Q1481509,Nova Ljubljanska banka,4050,2009-12-31,1994,Q129263376,nein
5493002DPKDEC2JN1Y86,Q42143219,Sparekassen Sjælland-Fyn,546,2022-01-01,1825,Aktieselskab,ja
5493004D82XDFVPWQJ91,Q3132183,Q3132183,,,1995,Aktiebolag,nein
54930056IRBXK0Q1FP96,Q9598744,Abanca,,,2011,sociedad anónima,nein
54930060Q00W1SRIUI57,Q2395237,vdk bank,300,,1926,Aktiengesellschaft,nein
5493006QMFDDMYWIAM13,Q806215,Grupo Santander,194000,2015-01-01,1857,Anonyme Gesellschaft,ja
5493007BWYDPQZLZ0Y27,Q1641280,Hypo Noe Gruppe,,,1888,Aktiengesellschaft,nein
5493007SJLLCTM6J6M37,Q20908850,Unicaja Banco,7850,2022-01-01,2011,Anonyme Gesellschaft,ja
5493008QRHH0XCLJ4238,Q796927,BRD – Groupe Société Générale,5854,2023-12-31,1923,Aktiengesellschaft,nein
549300C6TUMDXNOVXS82,Q6710869,Länsförsäkringar Bank Aktiebolag,,,1996,Aktiebolag,nein
549300CQ9NLEHMRCU505,Q17624732,Cecabank,,,2012,,nein
549300DVPJYGNF2P7B03,Q1555572,Steiermärkische Sparkasse,2380,2016-12-31,1825,Aktiengesellschaft,nein
549300FH0WJAPEHTIQ77,Q131535600,Q131535600,,,2018,société anonyme à conseil d'administration (s.a.i.),nein
549300GKFG0RYRRQ1414,Q80788,DNB Bank,9020,2019-01-01,2002,Allmennaksjeselskap,ja
549300HFEHJOXGE4ZE63,Q19945263,SFIL SA,412,2024-01-01,2013,société anonyme à conseil d'administration (s.a.i.),nein
549300JB1P61FUTPEZ75,Q12778981,Všeobecná úverová banka,3776,http://www,1990,akciová spoločnosť,nein
549300JECLPX13NZLU57,Q28031941,Danske Andelskassers Bank,338,2022-01-01,1969,Aktieselskab,ja
549300L1IEXJYJ2NUV45,Q23784306,Sparekassen Danmark,1346,2022-01-01,1871,selvejende institution,nein
549300L7YCATGO57ZE10,Q3745690,FinecoBank,,,1999,società per azioni,nein
549300ND1MQ8SNNYMJ22,Q2205755,SEB Pank,,,1992,Aktiengesellschaft,nein
549300NYKK9MWM7GGW15,Q645708,ING-Gruppe,64298,2025-01-01,1991,Naamloze Vennootschap,ja
549300O3HXYXXUHR0897,Q1165072,Klarna,,,2007,Aktiengesellschaft,nein
549300OL514RA0SXJJ44,Q132775437,Clearstream Banking SA,,,,,nein
549300OLBL49CW8CT155,Q5907815,Ibercaja Banco,,,2011,sociedad anónima,nein
549300OMTXWX1144LP69,Q104429630,Regionala investiciju banka,137,2023-01-01,2001,akciju sabiedrība,nein
549300Q3OIWRHQUQM052,Q7573553,SpareBank 1 SR-Bank,953,2019-01-01,1976,Allmennaksjeselskap,ja
549300RG3H390KEL8896,Q806161,Banca Transilvania,9547,2023-12-31,1993,Aktiengesellschaft,ja
549300S2T3FWVVXWJI89,Q7541907,Slovenská sporiteľňa,3540,2023-12-31,1994,akciová spoločnosť,nein
549300SBPFE9JX7N8J82,Q7389567,SEB bankas,1399,2024-01-01,1990,Akcinė bendrovė,nein
549300SXM92LQ05OJQ76,Q7573578,SpareBank 1 Nord-Norge,891,,1989,Sparebank,ja
549300TK038P6EV4YU51,Q391518,Artea Bank,481,2012-01-01,1992,Akcinė bendrovė,nein
549300TL5406IC1XKD09,Q1325291,Saxo Bank,2427,2025-01-01,1992,Aktieselskab,nein
549300TRUWO2CD2G5692,Q45568,UniCredit,,,1998,società per azioni,ja
549300UY81ESCZJ0GR95,Q4349698,First Investment Bank,,,1997,Q126870168,nein
549300VRM6G42M8OWN49,Q7573575,SpareBank 1 Østlandet,150,,1988,Sparebank,nein
549300YV6LXRPJO3U576,Q12326678,Merkur Andelskasse,123,2022-01-01,1982,særlig finansiel virksomhed,nein
549300YW95G1VBBGGV07,Q7389564,SEB banka,871,2023-01-01,1993,akciju sabiedrība,nein
549300ZHFZ4CSK7VS460,Q7246343,Privredna banka Zagreb,,,1962,joint stock company,ja
549300ZK53CNGEEI6A29,Q113465027,J.P. Morgan SE,,,,Europäische Aktiengesellschaft,nein
5967007LIEEXZX51WW28,Q17082672,Sparebanken Øst,180,,1843,Sparebank,ja
5967007LIEEXZX5PU005,Q857336,Sparebanken Møre,459,2026-05-12,1985,Sparebank,ja
5967007LIEEXZX8UHK11,Q4573634,SpareBank 1 Sogn og Fjordane,309,2026-05-12,1988,Sparebank,nein
5UMCZOEYKCVFAW8ZLO05,Q1816028,National Bank of Greece,24187,,1841,Anonymi Etaireia,ja
6TJCK1B7E7UTXP528Y04,Q113465134,Citigroup Global Markets Europe AG,,,,Aktiengesellschaft,nein
724500973ODKK3IFQ447,Q4686934,Adyen,,,2006,Naamloze Vennootschap,ja
724500AH42V5X8BCPE49,Q18746491,Achmea Bank,,,,Naamloze Vennootschap,nein
724500PMK2A2M1SQQ228,Q688452,Triodos Bank,1271,2016-12-31,1980,Naamloze Vennootschap,nein
724500ZNT2I60RYZQI38,Q131554125,Q131554125,,,,,nein
743700GC62JLHFBUND16,Q4353753,Aktia Bank,,,1825,julkinen osakeyhtiö,ja
7CUNS533WID6K7DGFI87,Q847225,Caixabank,35736,2019-12-31,2011,Anonyme Gesellschaft,ja
7LTWFZYICNSX8D621K86,Q66048,Deutsche Bank,90130,2023-12-31,1870,Aktiengesellschaft,ja
7LVZJ6XRIE7VNZ4UBX81,Q3633712,Banca Mediolanum,,,1991,società per azioni,nein
7V6Z97IO7R1SEAO84Q32,Q7573579,Sparebank 1 SMN,1500,,1823,Sparebank,ja
81560027D07F9BDB8436,Q3661919,Cassa di Risparmio di Asti,,,1842,società per azioni,nein
8156005420362AE59184,Q2882022,Banca Ifis,,,1983,società per azioni,nein
81560064085A02B2B297,Q16530902,Mediocredito Centrale - Banca del Mezzogiorno,,,1952,società per azioni unipersonale,nein
815600903231FA2E7698,Q3633705,Banca Generali,,,1998,società per azioni,nein
815600E4E6DCD2D25E30,Q27331643,Banco BPM,,,2017,società per azioni,ja
851WYGNLUQLFZBSYGB56,Q1113764,Commerzbank,38565,2023-12-31,1870,Aktiengesellschaft,ja
8IBZUGJ7JPLH368JE346,Q113465110,Goldman Sachs Bank Europe SE,,,,Europäische Aktiengesellschaft,nein
95980020140005658381,Q19604339,Aresbank,,,,sociedad anónima,nein
959800LQ598A5RQASA61,Q578252,Banca March,,,1926,sociedad anónima,nein
96950001WI712W7PQG45,Q2443747,RCI Banque,,,1974,société anonyme à conseil d'administration (s.a.i.),nein
9695002JOWSRCLLLNY11,Q115580204,Q115580204,,,1957,SA à directoire (s.a.i.),nein
96950041VJ1QP0B69503,Q3006236,Crédit mutuel Arkéa,10000,,2001,other cooperative corporation with a board of directors,nein
9695007EQZDL89LUW373,Q131548691,Q131548691,,,1976,société anonyme à conseil d'administration (s.a.i.),nein
969500A3Y5KTGJEMDZ32,Q17176845,Q17176845,,,2006,Q112176927,nein
969500A4IPKVUBH3CA90,Q137779161,Q131548745,,,2018,ordinary limited partnership,nein
969500A9SZ8YP1810S21,Q131538719,Q131538719,,,1908,Q112176856,nein
969500AGACQ54Q3UF243,Q3006171,Q3006171,,,2002,Q112176927,nein
969500B5DNR7Q1ACGD23,Q3006170,Q3006170,,,2001,Q112176927,ja
969500CJCTMI93QJKK89,Q2874703,Q2874703,,,2002,société anonyme à conseil d'administration (s.a.i.),nein
969500EVOBAGHKZEXA33,Q126013036,Banque populaire Alsace Lorraine Champagne,,,1956,Q98886406,nein
969500EYG6U339D3TI84,Q3006216,Crédit Foncier de France,,,1852,société anonyme à conseil d'administration (s.a.i.),nein
969500F3KYDJBFS4XM73,Q131548682,Q131548682,,,1979,société anonyme à conseil d'administration (s.a.i.),nein
969500FF9M4SBM5VHR15,Q17176836,Crédit Agricole Nord de France,,,2001,Q112177177,nein
969500FYEXW795NPJO79,Q17176818,Q17176818,,,2005,Q112176927,nein
969500GVS02SJYG9S632,Q2940182,Carrefour Banque,,,1981,société anonyme à conseil d'administration (s.a.i.),nein
969500JJWO4PQG0R1C58,Q131538758,Q131538758,,,1973,Q98886605,nein
969500JM7VIGQIPZOL49,Q56653772,Banque populaire Auvergne Rhône Alpes,,,1955,other cooperative corporation with a board of directors,nein
969500LFTDNMONT2EP08,Q2883390,Caisse Fédérale de Crédit Mutuel,,,1882,Q98886502,nein
969500ORP9FTJYI28L37,Q17176842,Q17176842,,,1979,Q112176927,nein
969500PI25OKPKTD9364,Q17176822,Crédit agricole d'Île-de-France,3622,,1901,Q112176927,ja
969500SJXM8MW32ZVG75,Q130379709,Q130379709,,,1993,Q98886605,nein
969500STN7T9MRUMJ267,Q2362964,Bpifrance,,,2012,société anonyme à conseil d'administration (s.a.i.),nein
969500TU5ZMYBIWP0R51,Q48751698,Q48751698,,,1984,SA à directoire (s.a.i.),nein
969500VHT1ZNPVWOYF63,Q109414146,BNP PARIBAS PERSONAL FINANCE,,,1954,société anonyme à conseil d'administration (s.a.i.),nein
969500VR2NA6ANMTXH21,Q131538745,Q131538745,,,1991,Q112176856,nein
969500W34S6NCZWYBV47,Q131538770,Q131538770,,,1991,Q2933280,nein
969500W8SBCXNX1DG443,Q126013130,Banque Populaire Rives de Paris,,,1985,Q98886406,nein
969500WFZ7C2IBN9TB80,Q56653727,Banque populaire Grand Ouest,,,1957,other cooperative corporation with a board of directors,nein
969500WJ4V0WNG8Q5L42,Q16545079,Q16545079,,,1995,Q112176927,nein
969500X8MO6M37C47827,Q3006180,Q3006180,,,2000,Q112176903,nein
9845006C7B5CC707X660,Q124978718,Swedbank Baltics,421,2023-01-01,2021,akciju sabiedrība,nein
9KOGW2C2FCIOJQ7FF485,Q341100,Česká spořitelna,9829,2023-01-01,1823,Akciová společnost,ja
9ZHRYM6F437SQJ6OUG95,Q2127528,Raiffeisen Bank International,50000,2016-12-31,2010,Aktiengesellschaft,ja
A5GWLFH3KM7YV2SFQL84,Q1956014,Belfius Bank,,,1962,Aktiengesellschaft,nein
B64D6Y3LBJS4ANNPCU93,Q1299444,NIBC Bank,,,1945,Naamloze Vennootschap,nein
B81CK4ESI35472RHJ606,Q451814,Landesbank Baden-Württemberg,10839,2016-12-31,1999,Anstalt des öffentlichen Rechts,nein
BFXS5XCH7N0Y05NIXW11,Q287471,ABN AMRO,20872,2023-12-31,1991,Naamloze Vennootschap,ja
D1HEB8VEU6D9M8ZUXG17,Q697619,Bank Austria,35534,2015-12-31,1991,Aktiengesellschaft,nein
DG3RU1DBUFHT4ZF9WN62,Q252004,Rabobank,,,1972,coöperatie uitgesloten van aansprakelijkheid,nein
DIZES5CFO5K3I5R58746,Q464702,Landesbank Hessen-Thüringen,6148,2015-12-31,1953,Anstalt des öffentlichen Rechts,nein
DSNHHQ2B9X5N6OUJ1236,Q561418,Nord/LB,6427,2016-12-31,1970,Anstalt des öffentlichen Rechts,nein
DZZ47B9A52ZJ6LT6VV95,Q15857244,Deutsche Pfandbriefbank,824,2015-12-31,1869,Aktiengesellschaft,nein
F0HUI1NY1AZMJMD8LP67,Q3125186,HSBC Continental Europe,,,2005,société anonyme à conseil d'administration (s.a.i.),nein
F3JS33DEI6XQ4ZBPTN86,Q975655,Skandinaviska Enskilda Banken,,,1972,Bankaktiebolag,ja
G8ZTNESVNKW4NN761W05,Q113465558,ABN AMRO Clearing Bank N.V.,,,,Naamloze Vennootschap,nein
GP5DT10VX1QRQUKVBK64,Q138865494,Q825159,2034,2022-01-01,1970,Aktieselskab,ja
GTQYZJON3I7SXRNJTT73,Q319888,Landesbank Berlin,,,2006,Aktiengesellschaft,nein
H0YX5LBGKDVOWCXBZ594,Q62233,Q62233,,,1985,Aktiebolag,nein
H8MIG1MMPR6JXUQVBM04,Q674093,Bank BPH,,,1989,spółka akcyjna,ja
I6SS27Q1Q3385V753S50,Q259010,Raiffeisenlandesbank Oberösterreich,,,2004,Aktiengesellschaft,nein
I6USJ58BDV2BO5KP3C31,Q24282966,MONETA Bank,3074,2019-01-01,1998,Akciová společnost,ja
I7ETN0QQO2AHZZGHJ389,Q369851,Kommunalbanken,74,2018-01-01,1927,Aktiengesellschaft,nein
J4CP7MHCXR8DAQMKIL78,Q46730,Banca Monte dei Paschi di Siena,25781,2017-06-30,1472,Körperschaft des öffentlichen Rechts,ja
JLS56RAMYQZECFUF2G44,Q18126001,ING Belgium,,,1935,Aktiengesellschaft,nein
JU1U6S0DG9YLT7N8ZV32,Q118581,Banco Comercial Português,,,1985,Sociedade Anónima,ja
K8MS7FD7N5Z2WQ51AZ71,Q806189,Banco Bilbao Vizcaya Argentaria,127174,,1999,sociedad anónima,ja
KGCEPHLVVKVRZYO1T647,Q796827,BNP Paribas Fortis,,,1990,Aktiengesellschaft,nein
KR6LSKV3BTSJRD41IF75,Q11878398,UniCredit Bank Czech Republic,3242,2021-01-01,1996,Akciová společnost,nein
KX1WK48MPD4Y2NCUIZ63,Q571156,Natixis,16000,2020-12-31,2006,société anonyme à conseil d'administration (s.a.i.),ja
M312WZV08Y7LYUC71685,Q1145493,Swedbank,,,1997,Aktiebolag,ja
MAES062Z21O4RZ2U7M96,Q1636974,Danske Bank,21022,2022-01-01,1871,Aktieselskab,ja
MKP1B7E76TN04CD85Z79,Q4855958,Bank Ochrony Środowiska,,,1991,spółka akcyjna,ja
N4JDFKKH2FTD8RKFXO39,Q746525,Crédit Industriel et Commercial,19400,2021-12-31,1859,société anonyme à conseil d'administration (s.a.i.),nein
N747OI7JINV7RUUH6190,Q806167,BPER Banca,,,1867,società per azioni,ja
NHBDILHZTYCNBV5UYZ31,Q1421630,Svenska Handelsbanken,,,1871,Bankaktiebolag,ja
NICH5Q04ADUV9SN3Q390,Q2877455,Groupe Banque Populaire,,,1878,other cooperative corporation with a board of directors,nein
NMH2KF074RKAGTH4CM63,Q20744004,Bank Gospodarki Żywnościowej,,,1975,spółka akcyjna,ja
O2RNE8IBXP4R0TD8PU41,Q270363,Société Générale,145700,2015-12-31,1864,société anonyme à conseil d'administration (s.a.i.),ja
P4GTT6GF1W40CVIMFR43,Q578832,Powszechna Kasa Oszczędności Bank Polski,,,1948,spółka akcyjna,ja
PQOH26KWDF7CG10L6792,Q1310001,Erste Group,,,2008,Aktiengesellschaft,ja
PSNL19R2RXX5U3QWHI44,Q749034,Mediobanca,,,1946,società per azioni,ja
PWEFG14QWWESISQ84C69,Q152957,IKB Deutsche Industriebank,733,2019-01-01,1924,Aktiengesellschaft,nein
Q5BP2UEQ48R75BOTCB92,Q340135,Československá obchodní banka,8087,2021-12-31,1964,Akciová společnost,nein
R0MUWSFPU8MPRO8K5P83,Q499707,BNP Paribas,180000,2025-12-31,1848,société anonyme à conseil d'administration (s.a.i.),ja
R1IO4YJ0O79SMWVCHB58,Q131548706,Q131548706,,,1969,société anonyme à conseil d'administration (s.a.i.),nein
RRUN0TCQ1K2JDV7MXO75,Q2009139,Oberbank,2025,2015-12-31,1650,Aktiengesellschaft,ja
SI5RG2M0WQQLZCXKRM20,Q762330,Banco Sabadell,18895,2022-01-01,1881,Anonyme Gesellschaft,ja
TUKDD90GPC79G1KOE162,Q464676,Hamburg Commercial Bank,1720,2018-12-31,2003,Aktiengesellschaft,nein
VDYMYTQGZZ6DU0912C88,Q152106,Bayerische Landesbank,7219,2017-01-01,1972,Anstalt des öffentlichen Rechts,nein
VWMYAEQSTOPNV0SUGU82,Q806808,Bankinter,4088,2013-12-31,1965,Anonyme Gesellschaft,ja
XLEZHWWOI4HFQDGL4793,Q4034832,Bank Handlowy,,,1870,spółka akcyjna,ja
Y28RT6GGYJ696PMW8T44,Q113466669,Unicredit Bank Hungary Zrt,,,,geschlossene Aktiengesellschaft,nein
