lei,country,refdate,paket_bytes,datei,seiten,zeichen,zeichen_pro_seite,sprache,status
213800TC9PZRBHMJW403,MT,2025-12-31,2831063,December 2025 - Pillar 3 report - MDB Group Limited.pdf,129,539470,4182,,ok
259400DZXF7UJKK2AY35,PL,2026-03-31,520133,Filar_III_PL_Q12026.pdf,18,52184,2899,,ok
2G5BKIC2CB69PRJH1W31,IE,2025-12-31,110792,Barclays Bank Ireland PLC_Pillar 3_FY'2025_Remuneration.pdf,9,29377,3264,,ok
31570014BNQ1Q99CNQ35,CZ,2025-12-31,780327,PPF Financial Holdings a.s. Pillar III Disclosure Report for 2025_signed.pdf,27,89783,3325,,ok
3157002JBFAI478MD587,SK,2025-12-31,1606499,3157002JBFAI478MD587.CON_SK_PILLAR3010000_P3NONREMDISDOCS_2025-12-31_20260326143850367.pdf,142,377459,2658,,ok
315700E9POA724IWFP59,CZ,2025-06-30,1878966,P3NONREMDISDOCS_250630.pdf,106,288674,2723,,ok
315700E9POA724IWFP59,CZ,2025-06-30,1878966,PZI JTFG 6_2025.pdf,1,452,452,,ok
5299000F1CGJQ8NAXQ58,MT,2025-12-31,940817,Merkanti Bank Limited - Yr 2025 Pillar 3 Report.pdf,46,148546,3229,,ok
5299001ADI8FLGT0GU28,DE,2025-12-31,229845,Vergütungsbericht 2025.pdf,21,54840,2611,,ok
529900CJAJ0HDPPKUI53,DE,2025-12-31,158347,Offenlegungsbericht_2025_Modul P3REMDISDOCS.pdf,13,23285,1791,,ok
529900D5G4V6THXC5P79,HR,2025-06-30,1803639,529900D5G4V6THXC5P79.IND_HR_PILLAR3010000_P3NONREMDISDOCS_2025-06-30_20251106152330987.pdf,51,164813,3232,,ok
529900HEKOENJHPNN480,FI,2025-12-31,75990,MuniFin_Pillar_III_Remuneration.pdf,7,26021,3717,,ok
529900JZTYE3W7WQH904,DE,2025-09-30,595207,529900JZTYE3W7WQH904.CON_DE_PILLAR3010000_P3NONREMDISDOCS_2025-09-30_20260318000000003.pdf,16,34696,2168,,ok
529900RWC8ZYB066JF16,MT,2025-09-30,529877,529900RWC8ZYB066JF16.CON_MT_PILLAR3010000_P3NONREMDISDOCS_2025-09-30_20251125103953689.pdf,16,39501,2469,,ok
529900W3MOO00A18X956,HU,2025-12-31,1494821,529900W3MOO00A18X956.CON_HU_PILLAR3010000_P3NONREMDISDOCS_2025-12-31_20260415152447124.pdf,125,275314,2203,,ok
549300C6TUMDXNOVXS82,SE,2025-09-30,246714,LF-bank-pillar-3-2025-Q3.pdf,11,17871,1625,,ok
549300HFEHJOXGE4ZE63,FR,2026-03-31,952959,Rapport_Pilier_III_31.03.2026.pdf,8,16465,2058,,ok
549300ND1MQ8SNNYMJ22,EE,2025-06-30,135640,Capital Adequacy and Risk Management Report (Pillar 3) 2025 Quarter II.pdf,5,7514,1503,,ok
549300ND1MQ8SNNYMJ22,EE,2025-06-30,135640,Kapitali adekvaatsuse ja riskijuhtimise teave (Pillar 3) 2025.a. II kvartal.pdf,5,7909,1582,,ok
549300ND1MQ8SNNYMJ22,EE,2025-12-31,1602867,Capital Adequacy and Risk Management Report (Pillar 3) 2025.pdf,64,208982,3265,,ok
549300ND1MQ8SNNYMJ22,EE,2025-12-31,1602867,Kapitali adekvaatsuse ja riskijuhtimise teave (Pillar 3) 2025.pdf,65,223210,3434,,ok
549300S2T3FWVVXWJI89,SK,2025-09-30,985647,Informácie a finanƒné ukazovatele k 30.09.2025.pdf,23,58488,2543,,ok
549300S2T3FWVVXWJI89,SK,2025-09-30,985647,atestacia_SLSP_30092025.pdf,1,0,0,,ok
8156007C053DC07AC307,IT,2025-12-31,329339,8156007C053DC07AC307.IND_IT_PILLAR3010000_P3REMDISDOCS_2025-12-31_20260527104245648.pdf,17,46514,2736,,ok
8156008B43CE788F4932,IT,2025-12-31,168291,PILLAR 2025 REM.pdf,12,30367,2531,,ok
EQYXK86SF381Q21S3020,IE,2025-12-31,667694,EQYXK86SF381Q21S3020.IND_IE_PILLAR3010000_P3REMDISDOCS_2025-12-31_20260511123811000.pdf,15,37954,2530,,ok
FR9695005MSX1OYEMGDF,FR,2026-03-31,3108449,FR9695005MSX1OYEMGDF.CON_FR_PILLAR3010000_P3NONREMDISDOCS_2026-03-31_20260520100000002.pdf,20,40978,2049,,ok
I6SS27Q1Q3385V753S50,AT,2025-12-31,1919923,I6SS27Q1Q3385V753S50.IND_AT_PILLAR3010000_P3NONREMDISDOCS_2025-12-31_20260326010348103/Offenlegung zum 31.12.2025 RLB OÖ AG.pdf,137,281097,2052,,ok
JU1U6S0DG9YLT7N8ZV32,PT,2025-12-31,8093082,JU1U6S0DG9YLT7N8ZV32.CON_PT_PILLAR3010000_P3NONREMDISDOCS_2025-12-31_20260625143000123.pdf,249,732257,2941,,ok
MKP1B7E76TN04CD85Z79,PL,2025-12-31,2215461,BOS_Informacje_dot_adekwatnosci_kapitalowej_12.2025.pdf,142,464420,3271,,ok
MKP1B7E76TN04CD85Z79,PL,2025-12-31,2215461,BOS_Informacje_dot_adekwatnosci_kapitalowej_12.2025.pdf,142,464420,3271,,ok
NHBDILHZTYCNBV5UYZ31,SE,2025-12-31,4167230,NHBDILHZTYCNBV5UYZ31.CON_SE_PILLAR3010000_P3REMDISDOCS_2025-12-31.pdf,13,40015,3078,,ok
P4GTT6GF1W40CVIMFR43,PL,2025-06-30,2511654,P4GTT6GF1W40CVIMFR43.CON_PL_PILLAR3010000_P3NONREMDISDOCS_2025-06-30_20260617154617052/Adekwatnoÿå_kapitaêowa_wg_stanu_na_30.06.2025.pdf,59,222609,3773,,ok
R7CQUF1DQM73HUTV1078,LU,2025-12-31,1486572,,0,0,0,,kein PDF im Paket
