lei,name,entityID,scope,date,trea_eur,rank,review_mode,previous_batch
724500JIWG886A9RRT57,RBS Holdings N.V.,rs:724500JIWG886A9RRT57.CON,CON,2025-12-31,7897854103.86611,43,targeted_follow_up,016
22210058UCKT3BJTCN24,OTP Luxembourg S.à r.l.,rs:22210058UCKT3BJTCN24.CON,CON,2025-12-31,7880667000.0,44,targeted_follow_up,016
529900S1KHKOEQL5CK20,Wüstenrot Bausparkasse Aktiengesellschaft,rs:529900S1KHKOEQL5CK20.IND,IND,2025-12-31,7571866501.84,45,targeted_follow_up,017
549300PZMFIQR79Q0T97,Íslandsbanki hf.,rs:549300PZMFIQR79Q0T97.CON,CON,2026-03-31,7304067600.0,46,targeted_follow_up,017
529900BHRYZ464GFD289,GRENKE AG,rs:529900BHRYZ464GFD289.CON,CON,2025-12-31,7182742350.27,47,targeted_follow_up,017
213800HDJ876ACJXXD05,AIKGROUP (CY) LIMITED,rs:213800HDJ876ACJXXD05.CON,CON,2025-09-30,7147631124.89822,48,targeted_follow_up,017
549300L1IEXJYJ2NUV45,Sparekassen Danmark,rs:549300L1IEXJYJ2NUV45.IND,IND,2025-12-31,7092659521.758513,49,targeted_follow_up,018
724500973ODKK3IFQ447,Adyen N.V.,rs:724500973ODKK3IFQ447.CON,CON,2025-12-31,7032215319.54,50,targeted_follow_up,018
529900LKIMB57HKF3545,Bank of China (Europe) S.A,rs:529900LKIMB57HKF3545.CON,CON,2025-12-31,6988455159.05,51,targeted_follow_up,018
SX0CI4F7GVW5530ZMN03,Wells Fargo Bank International Unlimited Company,rs:SX0CI4F7GVW5530ZMN03.IND,IND,2025-12-31,6840264486.56,52,targeted_follow_up,018
I6USJ58BDV2BO5KP3C31,"MONETA Money Bank, a.s.",rs:I6USJ58BDV2BO5KP3C31.CON,CON,2025-12-31,6799675012.7317915,53,targeted_follow_up,018
B64D6Y3LBJS4ANNPCU93,NIBC Bank N.V.,rs:B64D6Y3LBJS4ANNPCU93.CON,CON,2025-12-31,6783360962.06,54,targeted_follow_up,019
549300IRGNL8Q3O8Y413,Eurobank Bulgaria,rs:549300IRGNL8Q3O8Y413.IND,IND,2025-12-31,6783331201.599999,55,targeted_follow_up,019
724500PMK2A2M1SQQ228,Triodos Bank N.V.,rs:724500PMK2A2M1SQQ228.CON,CON,2025-12-31,6600423668.64,56,targeted_follow_up,019
549300XWJHRKLHU2PS28,ERSTE csoport,rs:549300XWJHRKLHU2PS28.CON,CON,2025-12-31,6356443600.0,57,targeted_follow_up,020
549300L7YCATGO57ZE10,FINECOBANK BANCA FINECO S.P.A. (IN BREVE FINECOBANK S.P.A. OVVERO BANCA FINECO S.P.A. OVVERO FINECO BANCA S.P.A.),rs:549300L7YCATGO57ZE10.CON,CON,2026-03-31,6299478641.0,58,targeted_follow_up,020
549300TDPXT0OW2AY198,FinAx,rs:549300TDPXT0OW2AY198.CON,CON,2025-12-31,6231075771.66531,59,targeted_follow_up,020
549300WDT1HWUMTUW770,Standard Chartered Bank AG,rs:549300WDT1HWUMTUW770.IND,IND,2025-12-31,6213381032.45,60,targeted_follow_up,020
MMYX0N4ZEZ13Z4XCG897,THE BANK OF NEW YORK MELLON,rs:MMYX0N4ZEZ13Z4XCG897.IND,IND,2025-12-31,6091849319.005838,61,targeted_follow_up,020
485100FX5Y9YLAQLNP12,Revolut Holdings Europe UAB,rs:485100FX5Y9YLAQLNP12.CON,CON,2025-12-31,6069509814.0,62,targeted_follow_up,021
PWEFG14QWWESISQ84C69,IKB Deutsche Industriebank Aktiengesellschaft,rs:PWEFG14QWWESISQ84C69.CON,CON,2025-12-31,5614000000.0,63,targeted_follow_up,021
52990033C5FUEN4LMC06,BANCA POPOLARE DELL'ALTO ADIGE SOCIETA' PER AZIONI (IN TEDESCO SUDTIROLER VOLKSBANK A.G.),rs:52990033C5FUEN4LMC06.IND,IND,2025-12-31,5551076095.0,64,targeted_follow_up,021
815600903231FA2E7698,BANCA GENERALI - SOCIETA' PER AZIONI (IN FORMA ABBREVIATA GENERBANCA),rs:815600903231FA2E7698.CON,CON,2025-12-31,5464859043.0,65,targeted_follow_up,021
747DLM6L5TO7LXZY5T60,Scotiabank (Ireland) Designated Activity Company,rs:747DLM6L5TO7LXZY5T60.IND,IND,2025-10-31,5324357289.192755,66,targeted_follow_up,021
5299000R7WZOVIFHLN21,BFS SozialFinanz AG,rs:5299000R7WZOVIFHLN21.CON,CON,2025-12-31,5267617158.01,67,targeted_follow_up,022
724500BICUQ0LF1AH770,Nationale-Nederlanden Bank N.V.,rs:724500BICUQ0LF1AH770.CON,CON,2025-12-31,5263541156.0,68,targeted_follow_up,022
81560027D07F9BDB8436,CASSA DI RISPARMIO DI ASTI S.P.A. (IN FORMA ABBREVIATA BANCA C.R. ASTI S.P.A.),rs:81560027D07F9BDB8436.CON,CON,2025-12-31,5213053604.0,69,targeted_follow_up,022
549300BZZFFS0SOWR325,Ford Bank GmbH,rs:549300BZZFFS0SOWR325.IND,IND,2025-12-31,5181057649.23,70,targeted_follow_up,022
549300UY81ESCZJ0GR95,First Investment Bank,rs:549300UY81ESCZJ0GR95.CON,CON,2026-03-31,5046160867.0,71,targeted_follow_up,023
529900NNQW9IAE32GQ07,GRAWE-Vermögensverwaltung,rs:529900NNQW9IAE32GQ07.CON,CON,2025-12-31,4875126336.03,72,targeted_follow_up,023
2594000ZNGGQZXZKXH36,VELOBANK SA,rs:2594000ZNGGQZXZKXH36.CON,CON,2025-12-31,3584045786.83017,73,targeted_follow_up,024
815600DDCE9083CAC598,MEDIOBANCA PREMIER S.P.A.,rs:815600DDCE9083CAC598.IND,IND,2025-12-31,3542523372.0,74,targeted_follow_up,024
5299005OACOC1C1OFJ11,Raiffeisen-Landesbank Tirol AG,rs:5299005OACOC1C1OFJ11.IND,IND,2025-12-31,3492084703.9900002,75,targeted_follow_up,024
MKP1B7E76TN04CD85Z79,BANK OCHRONY ŚRODOWISKA SA,rs:MKP1B7E76TN04CD85Z79.CON,CON,2025-12-31,3381061426.05084,76,targeted_follow_up,025
743700GC62JLHFBUND16,Aktia Bank Abp,rs:743700GC62JLHFBUND16.CON,CON,2025-12-31,3378855772.0,77,targeted_follow_up,025
549300ND1MQ8SNNYMJ22,AS SEB Pank,rs:549300ND1MQ8SNNYMJ22.CON,CON,2025-12-31,3330476309.5,78,targeted_follow_up,025
529900ZVK4VTIS0TOT43,DenizBank AG,rs:529900ZVK4VTIS0TOT43.IND,IND,2025-12-31,3254643188.24,79,targeted_follow_up,025
5493007QRSX9DS2CM858,China Construction Bank (Europe) S.A.,rs:5493007QRSX9DS2CM858.IND,IND,2025-12-31,3175819122.47,80,targeted_follow_up,025
815600848DEFE160E913,IBL ISTITUTO BANCARIO DEL LAVORO S.P.A. (IN FORMA ABBREVIATA IBL BANCA),rs:815600848DEFE160E913.CON,CON,2025-12-31,3167176127.0,81,targeted_follow_up,026
549300OL514RA0SXJJ44,Clearstream Banking S.A.,rs:549300OL514RA0SXJJ44.IND,IND,2025-12-31,3134286406.08,82,targeted_follow_up,026
5493004D82XDFVPWQJ91,Ikano Bank AB (publ),rs:5493004D82XDFVPWQJ91.IND,IND,2025-12-31,3078571598.9661818,83,targeted_follow_up,026
529900C3SHT3Q94H3W82,Bank11 Holding GmbH,rs:529900C3SHT3Q94H3W82.CON,CON,2025-12-31,3028832863.24,84,targeted_follow_up,026
529900OKPZTTS50FXP26,Advanzia Bank S.A.,rs:529900OKPZTTS50FXP26.IND,IND,2025-12-31,2960946485.5386596,85,targeted_follow_up,026
52990045V2BWJN669Q34,Wüstenrot Wohnungswirtschaft registrierte Genossenschaft mit beschränkter Haftung,rs:52990045V2BWJN669Q34.CON,CON,2025-12-31,2958293686.31,86,targeted_follow_up,027
549300TK038P6EV4YU51,AB Artea bankas,rs:549300TK038P6EV4YU51.CON,CON,2026-03-31,2855601000.0,87,targeted_follow_up,027
529900D5G4V6THXC5P79,Hrvatska poštanska banka d.d.,rs:529900D5G4V6THXC5P79.IND,IND,2025-12-31,2813546304.61,88,targeted_follow_up,027
815600A32DA05F693F24,LA CASSA DI RAVENNA S.P.A.,rs:815600A32DA05F693F24.CON,CON,2025-12-31,2761011309.0,89,targeted_follow_up,027
2138009Y59EAR7H1UO97,"Akciju sabiedrība ""Citadele banka""",rs:2138009Y59EAR7H1UO97.CON,CON,2026-03-31,2743289145.96,90,targeted_follow_up,028
5493002DPKDEC2JN1Y86,Sparekassen Sjælland-Fyn A/S,rs:5493002DPKDEC2JN1Y86.CON,CON,2025-12-31,2628084043.1869087,91,targeted_follow_up,028
9598002AYDQER7DXLR16,GRUCAJRURAL INVERSIONES SL,rs:9598002AYDQER7DXLR16.CON,CON,2025-06-30,2590690874.0,92,targeted_follow_up,028
549300CQ9NLEHMRCU505,"Cecabank, S.A.",rs:549300CQ9NLEHMRCU505.IND,IND,2025-12-31,2431932004.0,93,targeted_follow_up,029
GDI8P8WHFH4PS5YTU851,"HAITONG BANK, S.A.",rs:GDI8P8WHFH4PS5YTU851.CON,CON,2025-12-31,2111653138.3797245,94,targeted_follow_up,029
815600722FAEE18D6013,BANCA DEL FUCINO S.P.A.,rs:815600722FAEE18D6013.CON,CON,2025-12-31,2059667583.1,95,targeted_follow_up,029
213800UYAHIRLZ4NSN67,Lån & Spar Bank A/S,rs:213800UYAHIRLZ4NSN67.IND,IND,2025-12-31,2038235760.6227705,96,targeted_follow_up,029
5493007SWCCN9S3J2748,Bigbank AS,rs:5493007SWCCN9S3J2748.CON,CON,2025-12-31,2017858077.22,97,targeted_follow_up,030
213800A1O379I6DMCU10,APS BANK P.L.C.,rs:213800A1O379I6DMCU10.IND,IND,2026-03-31,1921119393.99,98,targeted_follow_up,030
549300JSC82O1L4XV837,Nordnet - Grupp,rs:549300JSC82O1L4XV837.CON,CON,2025-12-31,1892697479.25458,99,targeted_follow_up,030
5493002K643MZPQEK497,Banco Bradesco Europa S.A.,rs:5493002K643MZPQEK497.IND,IND,2025-12-31,1853544772.2792652,100,targeted_follow_up,031
5493009VJC01E4H6HH77,Avanza - Grupp,rs:5493009VJC01E4H6HH77.CON,CON,2025-12-31,1755290036.9493,101,targeted_follow_up,031
959800R86KE31EAVRC30,LIBERTY PARTNERS S.L.U.,rs:959800R86KE31EAVRC30.CON,CON,2025-12-31,1720864000.0,102,targeted_follow_up,031
BB3BGO3LCED63R8R9R41,BANK POLSKIEJ SPOLDZIELCZOSCI S.A.,rs:BB3BGO3LCED63R8R9R41.CON,CON,2025-12-31,1685850721.10169,103,targeted_follow_up,031
815600B5C61A10BBB451,BANCA SISTEMA S.P.A.,rs:815600B5C61A10BBB451.CON,CON,2025-12-31,1681277239.31,104,targeted_follow_up,032
969500GVS02SJYG9S632,Carrefour banque,rs:969500GVS02SJYG9S632.CON,CON,2025-12-31,1654455174.41,105,targeted_follow_up,032
724500M4G9AVEMHMV291,bunq Holding B.V.,rs:724500M4G9AVEMHMV291.CON,CON,2025-12-31,1648837829.5974877,106,targeted_follow_up,032
54930060Q00W1SRIUI57,vdk bank,rs:54930060Q00W1SRIUI57.IND,IND,2025-12-31,1621452423.172,107,targeted_follow_up,032
222100PG81CES7H3HZ28,Aneto S.à r.l.,rs:222100PG81CES7H3HZ28.CON,CON,2025-12-31,1616964000.0,108,targeted_follow_up,032
635400LCCIYHUL6ELA34,USB European (Holdings) Limited,rs:635400LCCIYHUL6ELA34.CON,CON,2025-12-31,1564219756.64,109,targeted_follow_up,033
5967007LIEEXZX76AW36,OBOS-BANKEN AS,rs:5967007LIEEXZX76AW36.CON,CON,2025-12-31,1544427136.9265401,110,targeted_follow_up,033
529900DSIVJWCUQUMP41,AKA Ausfuhrkredit-Gesellschaft mit beschränkter Haftung,rs:529900DSIVJWCUQUMP41.IND,IND,2025-12-31,1511791361.73,111,targeted_follow_up,033
529900IRBZTADXJB6757,flatexDEGIRO AG,rs:529900IRBZTADXJB6757.CON,CON,2025-12-31,1480008114.81,112,targeted_follow_up,033
