campaign_order,lei,name,rank,entityID,scope,date,trea_eur
1,JU1U6S0DG9YLT7N8ZV32,"Banco Comercial Português, SA",4,rs:JU1U6S0DG9YLT7N8ZV32.CON,CON,2025-12-31,42901543108.17
2,5493000LKS7B3UTF7H35,Bank Polska Kasa Opieki S.A.,5,rs:5493000LKS7B3UTF7H35.CON,CON,2026-03-31,42246411125.69105
3,5UMCZOEYKCVFAW8ZLO05,"National Bank of Greece, S.A.",6,rs:5UMCZOEYKCVFAW8ZLO05.CON,CON,2026-03-31,41100000000.0
4,54930056IRBXK0Q1FP96,"Abanca Corporacion Bancaria, S.A.",7,rs:54930056IRBXK0Q1FP96.CON,CON,2025-09-30,39116279545.0
5,M6AD1Y1KW32H8THQ6F76,Piraeus Financial Holdings,8,rs:M6AD1Y1KW32H8THQ6F76.CON,CON,2025-09-30,36604471638.4367
6,PSNL19R2RXX5U3QWHI44,MEDIOBANCA - BANCA DI CREDITO FINANZIARIO S.P.A.,9,rs:PSNL19R2RXX5U3QWHI44.IND,IND,2025-12-31,34040244233.0
7,3M5E1GQGKL17HI6CPN30,Jyske Bank A/S,10,rs:3M5E1GQGKL17HI6CPN30.CON,CON,2026-03-31,33932753783.73917
8,LOO0AWXR8GF142JCO404,CASSA CENTRALE BANCA - CREDITO COOPERATIVO ITALIANOSOCIETA' PER AZIONI (IN SIGLA CASSA CENTRALE BANCA),11,rs:LOO0AWXR8GF142JCO404.CON,CON,2025-12-31,33611309414.0
9,259400LGXW3K0GDAG361,Santander Bank Polska S.A.,12,rs:259400LGXW3K0GDAG361.CON,CON,2026-03-31,32533929542.30645
10,213800DBQIB6VBNU5C64,Alpha Bank S.A.,13,rs:213800DBQIB6VBNU5C64.CON,CON,2025-12-31,32482147955.744
11,259400DZXF7UJKK2AY35,mBank S.A.,14,rs:259400DZXF7UJKK2AY35.CON,CON,2026-03-31,31685655124.25965
12,549300U4LIZV0REEQQ46,"Kutxabank, S.A.",15,rs:549300U4LIZV0REEQQ46.CON,CON,2026-03-31,30879944000.0
13,95980020140005881190,Banco de Crédito Social Cooperativo,16,rs:95980020140005881190.CON,CON,2026-03-31,30190657477.0
14,5493007SJLLCTM6J6M37,"Unicaja Banco, S.A.",17,rs:5493007SJLLCTM6J6M37.CON,CON,2026-03-31,30097390082.0
15,529900JZTYE3W7WQH904,HASPA Finanzholding,18,rs:529900JZTYE3W7WQH904.CON,CON,2026-03-31,29971856760.0
16,9KOGW2C2FCIOJQ7FF485,"Česká spořitelna, a.s.",19,rs:9KOGW2C2FCIOJQ7FF485.CON,CON,2025-12-31,28130725899.55916
17,549300TJREQ7GHIXWR36,Swedbank Hypotek AB,20,rs:549300TJREQ7GHIXWR36.IND,IND,2026-03-31,26470958400.0
18,J48C8PCSJVUBR8KCW529,BANCA POPOLARE DI SONDRIO SOCIETA' PER AZIONI,21,rs:J48C8PCSJVUBR8KCW529.CON,CON,2025-09-30,24332992114.0
19,549300V1VN70Q7PQ7234,CRÉDIT AGRICOLE AUTO BANK S.P.A.,22,rs:549300V1VN70Q7PQ7234.CON,CON,2025-12-31,23980553298.0
20,815600AD83B2B6317788,CREDITO EMILIANO HOLDING SOCIETA' PER AZIONI,23,rs:815600AD83B2B6317788.CON,CON,2026-03-31,23192588795.0
21,Q5BP2UEQ48R75BOTCB92,"Československá obchodní banka, a.s.",24,rs:Q5BP2UEQ48R75BOTCB92.CON,CON,2025-06-30,21639203358.50925
22,3DM5DPGI3W6OU6GJ4N92,BANCO BPI S.A.,25,rs:3DM5DPGI3W6OU6GJ4N92.CON,CON,2025-12-31,20594299636.566303
23,5967007LIEEXZX659K67,DNB BOLIGKREDITT AS,26,rs:5967007LIEEXZX659K67.IND,IND,2026-03-31,20393668498.73067
24,5493001BABFV7P27OW30,"Nova Ljubljanska Banka d.d., Ljubljana",27,rs:5493001BABFV7P27OW30.CON,CON,2026-03-31,20163888000.0
25,549300RG3H390KEL8896,Banca Transilvania,28,rs:549300RG3H390KEL8896.CON,CON,2025-12-31,19431893129.05371
26,549300OLBL49CW8CT155,"Ibercaja Banco, S.A.",29,rs:549300OLBL49CW8CT155.CON,CON,2026-03-31,19220983000.0
27,549300Q3OIWRHQUQM052,SpareBank 1 Sør-Norge,30,rs:549300Q3OIWRHQUQM052.CON,CON,2025-12-31,19191082662.5874
28,213800M7T3CYVZ3ZRT12,Sparebanken Norge,31,rs:213800M7T3CYVZ3ZRT12.CON,CON,2026-03-31,19124142307.065193
29,724500A1FNICHSDF2I11,ASN Bank N.V.,32,rs:724500A1FNICHSDF2I11.CON,CON,2025-12-31,18258565112.0
30,DZZ47B9A52ZJ6LT6VV95,Deutsche Pfandbriefbank AG,33,rs:DZZ47B9A52ZJ6LT6VV95.CON,CON,2026-03-31,17997000000.0
31,9845006C7B5CC707X660,Swedbank Baltics AS,34,rs:9845006C7B5CC707X660.CON,CON,2025-06-30,17996692000.0
32,7LVZJ6XRIE7VNZ4UBX81,BANCA MEDIOLANUM S.P.A.,35,rs:7LVZJ6XRIE7VNZ4UBX81.CON,CON,2025-12-31,16681605098.0
33,AT0000000000043000VB,VOLKSBANK WIEN AG VB,36,rs:AT0000000000043000VB.CON,CON,2025-12-31,16191680000.0
34,391200EEGLNXBBCVKC73,Erwerbsgesellschaft der S-Finanzgruppe mbH & Co. KG,37,rs:391200EEGLNXBBCVKC73.CON,CON,2025-12-31,15508102262.51
35,6TJCK1B7E7UTXP528Y04,Citigroup Global Markets Europe AG,38,rs:6TJCK1B7E7UTXP528Y04.IND,IND,2025-12-31,14848243517.0955
36,3H0Q3U74FVFED2SHZT16,MBH bankcsoport,39,rs:3H0Q3U74FVFED2SHZT16.CON,CON,2026-03-31,14777621471.5064
37,259400QHDOZWMJ103294,ALIOR BANK S.A.,40,rs:259400QHDOZWMJ103294.CON,CON,2025-12-31,14130023130.0
38,XTC5E2QFTEF0435JWL77,Nederlandse Financierings-Maatschappij voor Ontwikkelingslanden N.V.,41,rs:XTC5E2QFTEF0435JWL77.CON,CON,2025-12-31,14034324445.52
39,529900DEAYRUPP22B339,Mercedes-Benz Bank AG,42,rs:529900DEAYRUPP22B339.CON,CON,2025-12-31,13172000000.0
40,TUKDD90GPC79G1KOE162,Hamburg Commercial Bank AG,43,rs:TUKDD90GPC79G1KOE162.CON,CON,2025-12-31,13054215444.93
41,549300C6TUMDXNOVXS82,Länsförsäkringar Bank AB - gruppen,44,rs:549300C6TUMDXNOVXS82.CON,CON,2026-03-31,13013114013.82776
42,5299008I0TO44SUINZ71,Oldenburgische Landesbank Aktiengesellschaft,45,rs:5299008I0TO44SUINZ71.IND,IND,2025-12-31,12870000000.0
43,254900RNFMDM0P11YR84,Atlantic Lux HoldCo S.à r.l.,46,rs:254900RNFMDM0P11YR84.CON,CON,2025-09-30,12833792486.59
44,529900V3O1M5IHMOSF46,State Street Europe Holdings Germany S.a.r.l. & Co. KG,47,rs:529900V3O1M5IHMOSF46.CON,CON,2025-06-30,12754828698.09
45,549300DYPOFMXOR7XM56,Crelan,48,rs:549300DYPOFMXOR7XM56.CON,CON,2025-12-31,12156315342.3447
46,549300DVPJYGNF2P7B03,Steiermärkische Bank und Sparkassen Aktiengesellschaft,49,rs:549300DVPJYGNF2P7B03.CON,CON,2025-12-31,12095231486.55
47,549300ZHFZ4CSK7VS460,Privredna Banka Zagreb d.d.,50,rs:549300ZHFZ4CSK7VS460.CON,CON,2025-12-31,12041794115.2
48,9CZ7TVMR36CYD5TZBS50,Banque Internationale à Luxembourg,51,rs:9CZ7TVMR36CYD5TZBS50.CON,CON,2026-03-31,11695376623.09
49,5493009ML6YX83YHC820,Argenta Bank- en Verzekeringsgroep NV,52,rs:5493009ML6YX83YHC820.CON,CON,2026-03-31,11121396978.8924
50,635400L14KNHZXPUZM19,Bank of Cyprus Holdings Public Limited Company,53,rs:635400L14KNHZXPUZM19.CON,CON,2026-03-31,10563647403.0
51,5493008QOCP58OLEN998,Investeringsmaatschappij Argenta - Société d'investissements Argenta - Investierungsgesellschaft Arg,54,rs:5493008QOCP58OLEN998.CON,CON,2025-09-30,10385176140.0381
52,529900GGYMNGRQTDOO93,BNG Bank N.V.,55,rs:529900GGYMNGRQTDOO93.CON,CON,2025-12-31,10324084076.37
53,815600F24AE25C9D1B94,MAURIZIO SELLA - SOCIETA' IN ACCOMANDITA PER AZIONI,56,rs:815600F24AE25C9D1B94.CON,CON,2025-12-31,10112185226.0
54,635400DTNHVYGZODKQ93,Permanent TSB Group Holdings Plc,57,rs:635400DTNHVYGZODKQ93.CON,CON,2026-03-31,10056839312.5
55,5299003ATVTQVPTW4735,BTV Vier Länder Bank AG,58,rs:5299003ATVTQVPTW4735.CON,CON,2025-06-30,10049905530.58305
56,549300UARE5MHTBUPJ19,Promontoria 19 Coöperatie U.A.,59,rs:549300UARE5MHTBUPJ19.CON,CON,2025-12-31,9983705657.92
57,31570014BNQ1Q99CNQ35,PPF Financial Holdings AS,60,rs:31570014BNQ1Q99CNQ35.CON,CON,2025-12-31,9767346023.740927
58,21380057HUGFEAF25W84,NOBA Group,61,rs:21380057HUGFEAF25W84.CON,CON,2025-12-31,9632510836.587534
59,315700E9POA724IWFP59,J&amp;T FINANCE GROUP SE,62,rs:315700E9POA724IWFP59.CON,CON,2026-03-31,9595265175.55597
60,549300VRM6G42M8OWN49,Sparebank 1 Østlandet,63,rs:549300VRM6G42M8OWN49.CON,CON,2025-06-30,9511431427.51453
61,CXUHEGU3MADZ2CEV7C11,Eurobank Limited,64,rs:CXUHEGU3MADZ2CEV7C11.CON,CON,2025-12-31,8616771126.9
62,2138004FIUXU3B2MR537,"Caixa Económica Montepio Geral, Caixa Económica Bancária, S.A.",65,rs:2138004FIUXU3B2MR537.CON,CON,2026-03-31,8590754083.510406
63,549300O3HXYXXUHR0897,Klarna - Grupp,66,rs:549300O3HXYXXUHR0897.CON,CON,2025-12-31,8562166425.325411
64,KFUXYFTU2LHQFQZDQG45,Kereskedelmi és Hitelbank csoport,67,rs:KFUXYFTU2LHQFQZDQG45.CON,CON,2025-12-31,8331820583.099
65,529900L89TGSPV9OU151,Porsche Bank Aktiengesellschaft,68,rs:529900L89TGSPV9OU151.CON,CON,2025-12-31,8132888352.5
66,549300A2F46GR0UOM390,Erste&Steiermärkische Bank d.d.,69,rs:549300A2F46GR0UOM390.CON,CON,2025-12-31,8067578529.89
67,XLEZHWWOI4HFQDGL4793,BANK HANDLOWY W WARSZAWIE SA,70,rs:XLEZHWWOI4HFQDGL4793.CON,CON,2026-03-31,8021350540.1065
68,213800RZWHE5EUX9R444,Luminor Holding AS,71,rs:213800RZWHE5EUX9R444.CON,CON,2025-12-31,7899514109.64487
69,724500JIWG886A9RRT57,RBS Holdings N.V.,72,rs:724500JIWG886A9RRT57.CON,CON,2025-12-31,7897854103.86611
70,22210058UCKT3BJTCN24,OTP Luxembourg S.à r.l.,73,rs:22210058UCKT3BJTCN24.CON,CON,2025-12-31,7880667000.0
