lei,name,entityID,scope,date,trea_eur,rank
5493002K643MZPQEK497,Banco Bradesco Europa S.A.,rs:5493002K643MZPQEK497.IND,IND,2025-12-31,1853544772.2792652,109
9695002JOWSRCLLLNY11,Edmond de Rothschild (France),rs:9695002JOWSRCLLLNY11.CON,CON,2025-12-31,1831316040.626,110
5493009VJC01E4H6HH77,Avanza - Grupp,rs:5493009VJC01E4H6HH77.CON,CON,2025-12-31,1755290036.9493,111
959800R86KE31EAVRC30,LIBERTY PARTNERS S.L.U.,rs:959800R86KE31EAVRC30.CON,CON,2025-12-31,1720864000.0,112
BB3BGO3LCED63R8R9R41,BANK POLSKIEJ SPOLDZIELCZOSCI S.A.,rs:BB3BGO3LCED63R8R9R41.CON,CON,2025-12-31,1685850721.10169,113
815600B5C61A10BBB451,BANCA SISTEMA S.P.A.,rs:815600B5C61A10BBB451.CON,CON,2025-12-31,1681277239.31,114
969500GVS02SJYG9S632,Carrefour banque,rs:969500GVS02SJYG9S632.CON,CON,2025-12-31,1654455174.41,115
724500M4G9AVEMHMV291,bunq Holding B.V.,rs:724500M4G9AVEMHMV291.CON,CON,2025-12-31,1648837829.5974877,116
54930060Q00W1SRIUI57,vdk bank,rs:54930060Q00W1SRIUI57.IND,IND,2025-12-31,1621452423.172,117
222100PG81CES7H3HZ28,Aneto S.à r.l.,rs:222100PG81CES7H3HZ28.CON,CON,2025-12-31,1616964000.0,118
213800GO21RWIB6O9Q29,Middelfart Sparekasse,rs:213800GO21RWIB6O9Q29.CON,CON,2025-12-31,1602035125.1384563,119
635400LCCIYHUL6ELA34,USB European (Holdings) Limited,rs:635400LCCIYHUL6ELA34.CON,CON,2025-12-31,1564219756.64,120
5967007LIEEXZX76AW36,OBOS-BANKEN AS,rs:5967007LIEEXZX76AW36.CON,CON,2025-12-31,1544427136.9265401,121
529900DSIVJWCUQUMP41,AKA Ausfuhrkredit-Gesellschaft mit beschränkter Haftung,rs:529900DSIVJWCUQUMP41.IND,IND,2025-12-31,1511791361.73,122
529900IRBZTADXJB6757,flatexDEGIRO AG,rs:529900IRBZTADXJB6757.CON,CON,2025-12-31,1480008114.81,123
549300EHNXQVOI120S55,Coop Pank AS,rs:549300EHNXQVOI120S55.CON,CON,2026-03-31,1477830900.0178,124
HWIPDOTRM1EKRPKYKH81,Northern Trust Global Services SE,rs:HWIPDOTRM1EKRPKYKH81.IND,IND,2025-12-31,1418878060.727343,125
5967007LIEEXZX51WW28,SPAREBANKEN ØST,rs:5967007LIEEXZX51WW28.CON,CON,2025-12-31,1414740109.582945,126
2138002PVBMEHILJ1340,Mitsubishi UFJ Investor Services and Banking (Luxembourg) S.A.,rs:2138002PVBMEHILJ1340.IND,IND,2025-12-31,1413538489.0992386,127
724500SF1CI8OD5AHI07,HCBG Holding B.V.,rs:724500SF1CI8OD5AHI07.CON,CON,2025-12-31,1397966394.2984216,128
549300SGF4BS54YG8M65,Citco Bank Nederland N.V.,rs:549300SGF4BS54YG8M65.CON,CON,2025-12-31,1388794700.0,129
549300JECLPX13NZLU57,Danske Andelskassers Bank A/S,rs:549300JECLPX13NZLU57.CON,CON,2025-12-31,1299173721.9105241,130
254900WR3I1Z9NPC7D84,Kvika banki hf.,rs:254900WR3I1Z9NPC7D84.CON,CON,2025-12-31,1268144806.6,131
39120001JPAYYPDRNN92,Deutsche Bausparkasse Badenia Aktiengesellschaft,rs:39120001JPAYYPDRNN92.IND,IND,2025-12-31,1265173198.38,132
2138007F5HA5FFJROB80,"Akciju sabiedrība ""Rietumu Banka""",rs:2138007F5HA5FFJROB80.CON,CON,2025-12-31,1235059000.0,133
RG3IZJKPYQ4H6IQPIC08,Addiko Bank d.d.,rs:RG3IZJKPYQ4H6IQPIC08.IND,IND,2025-12-31,1155691796.77,134
529900TDG1TFZM39SF37,Baader Beteiligungs GmbH,rs:529900TDG1TFZM39SF37.CON,CON,2025-12-31,1154054798.32,135
529900FZWXWNKF3O8394,Sparekassen Thy,rs:529900FZWXWNKF3O8394.CON,CON,2025-12-31,1100532444.140127,136
529900Q2C3I7VCILLG45,FIMBank plc,rs:529900Q2C3I7VCILLG45.CON,CON,2025-12-31,1085936453.0,137
2138005M92IEIQVEL297,AS Inbank,rs:2138005M92IEIQVEL297.CON,CON,2025-12-31,1045267228.6076869,138
9695007EQZDL89LUW373,Banque Banorient France,rs:9695007EQZDL89LUW373.CON,CON,2025-12-31,1044113535.0,139
529900UIRB65OY6U4B21,Lombard Bank Malta plc,rs:529900UIRB65OY6U4B21.IND,IND,2025-12-31,1027828499.7727244,140
724500ZNT2I60RYZQI38,Anadolubank Nederland N.V.,rs:724500ZNT2I60RYZQI38.IND,IND,2025-12-31,1025473885.1095,141
R1IO4YJ0O79SMWVCHB58,Banque centrale de compensation,rs:R1IO4YJ0O79SMWVCHB58.IND,IND,2025-12-31,995639124.84,142
5493006Z4NTMNDDBGL49,ECCM Bank plc,rs:5493006Z4NTMNDDBGL49.IND,IND,2025-09-30,947763385.38,143
81560017C4A61A529235,CASSA DI RISPARMIO DI FERMO S.P.A. (IN FORMA ABBREVIATA CARIFERMO S.P.A.),rs:81560017C4A61A529235.IND,IND,2025-12-31,902083284.0,144
2138007JGI1M5YF7FJ53,Frøs Sparekasse,rs:2138007JGI1M5YF7FJ53.CON,CON,2025-12-31,827487505.0564877,145
529900RQOBT3ZJMDRK43,Bank Frick AG,rs:529900RQOBT3ZJMDRK43.CON,CON,2025-12-31,817519287.22461,146
815600B6B356EC776E54,CASSA DI RISPARMIO DI VOLTERRA S.P.A.,rs:815600B6B356EC776E54.IND,IND,2025-12-31,815411934.44,147
95980020140005658381,"Aresbank, S.A.",rs:95980020140005658381.IND,IND,2025-06-30,810861000.0,148
549300ZOE0EU2VKF6M35,Lombard Odier (Europe) S.A.,rs:549300ZOE0EU2VKF6M35.IND,IND,2025-12-31,801697101.0,149
529900UHDH7QLRMEJQ86,Sigma Bank AG,rs:529900UHDH7QLRMEJQ86.CON,CON,2025-12-31,790415131.6883701,150
259400DAAAR5M4A6SI23,Bank Pocztowy S.A.,rs:259400DAAAR5M4A6SI23.IND,IND,2025-12-31,789086408.46996,151
213800JF3JFF6MMR2P36,Fynske Bank A/S,rs:213800JF3JFF6MMR2P36.CON,CON,2025-12-31,732072131.0592,152
81560035485BD7DB3590,BANCO DI CREDITO P.AZZOAGLIO - S.P.A.,rs:81560035485BD7DB3590.IND,IND,2025-12-31,726948866.0,153
5299001PEMDU9N24CH60,DELAVSKA HRANILNICA d.d. LJUBLJANA,rs:5299001PEMDU9N24CH60.CON,CON,2025-12-31,725366000.0,154
529900SEFOTJH1MLGZ92,Lægernes Bank A/S,rs:529900SEFOTJH1MLGZ92.IND,IND,2025-12-31,712948852.6500001,155
529900U5XAEYOT68AC40,EFG Bank (Luxembourg) S.A.,rs:529900U5XAEYOT68AC40.IND,IND,2025-12-31,707704904.97,156
QS3ZEAHRBZY9228Z0111,Bank Julius Baer Europe S.A.,rs:QS3ZEAHRBZY9228Z0111.IND,IND,2025-12-31,673755353.69,157
549300TEJKOLFN65KR76,BNF Bank plc,rs:549300TEJKOLFN65KR76.IND,IND,2025-12-31,646645007.32,158
213800UIIZ6YSEQB5S26,Clearstream Fund Centre Holding S.A.,rs:213800UIIZ6YSEQB5S26.CON,CON,2025-12-31,605032324.25,159
549300FRBP5L0O1HY885,Sparbanken Syd,rs:549300FRBP5L0O1HY885.IND,IND,2025-12-31,592343547.8372985,160
529900OLW8QPFMTBDC23,Neue Bank AG,rs:529900OLW8QPFMTBDC23.IND,IND,2025-12-31,539260336.13823,161
529900VVDOKMRRAHZ894,Bank GPB International S.A.,rs:529900VVDOKMRRAHZ894.IND,IND,2025-12-31,526450699.201722,162
549300RMML7KXP6M1Y98,BANCO BAI EUROPA S.A.,rs:549300RMML7KXP6M1Y98.IND,IND,2025-12-31,523693400.88,163
9845009BE414FBF82130,FESTA HOLDING,rs:9845009BE414FBF82130.CON,CON,2025-12-31,522615194.7798,164
549300M2IHOB9P5WE714,Swissquote Bank Europe S.A,rs:549300M2IHOB9P5WE714.IND,IND,2025-12-31,494350585.92,165
969500F3KYDJBFS4XM73,Bank Audi France,rs:969500F3KYDJBFS4XM73.IND,IND,2025-12-31,491055472.67,166
81560062CEAE87A85C80,AREPO BP S.P.A.,rs:81560062CEAE87A85C80.CON,CON,2025-12-31,472335118.0,167
529900XB6RQ3XCELQO62,BENDURA BANK AG,rs:529900XB6RQ3XCELQO62.IND,IND,2025-12-31,464210066.1940201,168
213800ZOI1EW481WPV90,FCM Bank Ltd,rs:213800ZOI1EW481WPV90.IND,IND,2025-12-31,462944114.0,169
9695002K2HDLD20JU790,AGENCE FRANCE LOCALE - SOCIETE TERRITORIALE,rs:9695002K2HDLD20JU790.CON,CON,2025-12-31,455524556.52,170
213800TKOS7J5UA3ZI07,EUROPE ARAB BANK SA,rs:213800TKOS7J5UA3ZI07.IND,IND,2025-12-31,440917666.22,171
8156003D79D064FB5360,CASSA LOMBARDA - S.P.A.,rs:8156003D79D064FB5360.IND,IND,2025-12-31,438049293.0,172
529900BIK4WRWS06MR52,Varengold Bank AG,rs:529900BIK4WRWS06MR52.IND,IND,2025-12-31,402271102.51,173
2534005A84927EKSR789,Signet Bank AS,rs:2534005A84927EKSR789.CON,CON,2025-12-31,378333168.92,174
213800RENLNKMWZV8767,Lollands Bank A/S,rs:213800RENLNKMWZV8767.CON,CON,2025-12-31,363219901.72914004,175
549300YV6LXRPJO3U576,Merkur Andelskasse,rs:549300YV6LXRPJO3U576.IND,IND,2025-12-31,338502788.75995106,176
959800VHSP2QBPNRF210,"Bank of Africa Europe, S.A.",rs:959800VHSP2QBPNRF210.IND,IND,2025-12-31,326990845.0,177
724500AG21Z9GIJE4735,WP XII Financial Holdings Coöperatief U.A.,rs:724500AG21Z9GIJE4735.CON,CON,2025-12-31,323246476.19,178
