rank,lei,name,entityID,scope,date,trea_eur
1,969500STN7T9MRUMJ267,Bpifrance,rs:969500STN7T9MRUMJ267.CON,CON,2025-12-31,91445333689.57
2,213800KGF4EFNUQKAT69,EUROBANK S.A.,rs:213800KGF4EFNUQKAT69.CON,CON,2025-12-31,53646935316.43
3,96950001WI712W7PQG45,RCI Banque,rs:96950001WI712W7PQG45.CON,CON,2025-12-31,48934538140.6
4,TO822O0VT80V06K0FH57,"Caixa Geral de Depósitos, S.A.",rs:TO822O0VT80V06K0FH57.CON,CON,2025-12-31,47952630705.92
5,8156007D348794DB1690,CRÉDIT AGRICOLE ITALIA S.P.A.,rs:8156007D348794DB1690.CON,CON,2025-12-31,43759890367.0
6,JU1U6S0DG9YLT7N8ZV32,"Banco Comercial Português, SA",rs:JU1U6S0DG9YLT7N8ZV32.CON,CON,2025-12-31,42901543108.17
7,5493000LKS7B3UTF7H35,Bank Polska Kasa Opieki S.A.,rs:5493000LKS7B3UTF7H35.CON,CON,2026-03-31,42246411125.69105
8,5UMCZOEYKCVFAW8ZLO05,"National Bank of Greece, S.A.",rs:5UMCZOEYKCVFAW8ZLO05.CON,CON,2026-03-31,41100000000.0
9,54930056IRBXK0Q1FP96,"Abanca Corporacion Bancaria, S.A.",rs:54930056IRBXK0Q1FP96.CON,CON,2025-09-30,39116279545.0
10,M6AD1Y1KW32H8THQ6F76,Piraeus Financial Holdings,rs:M6AD1Y1KW32H8THQ6F76.CON,CON,2025-09-30,36604471638.4367
11,PSNL19R2RXX5U3QWHI44,MEDIOBANCA - BANCA DI CREDITO FINANZIARIO S.P.A.,rs:PSNL19R2RXX5U3QWHI44.IND,IND,2025-12-31,34040244233.0
12,3M5E1GQGKL17HI6CPN30,Jyske Bank A/S,rs:3M5E1GQGKL17HI6CPN30.CON,CON,2026-03-31,33932753783.73917
13,LOO0AWXR8GF142JCO404,CASSA CENTRALE BANCA - CREDITO COOPERATIVO ITALIANOSOCIETA' PER AZIONI (IN SIGLA CASSA CENTRALE BANCA),rs:LOO0AWXR8GF142JCO404.CON,CON,2025-12-31,33611309414.0
14,259400LGXW3K0GDAG361,Santander Bank Polska S.A.,rs:259400LGXW3K0GDAG361.CON,CON,2026-03-31,32533929542.30645
15,213800DBQIB6VBNU5C64,Alpha Bank S.A.,rs:213800DBQIB6VBNU5C64.CON,CON,2025-12-31,32482147955.744
16,259400DZXF7UJKK2AY35,mBank S.A.,rs:259400DZXF7UJKK2AY35.CON,CON,2026-03-31,31685655124.25965
17,549300U4LIZV0REEQQ46,"Kutxabank, S.A.",rs:549300U4LIZV0REEQQ46.CON,CON,2026-03-31,30879944000.0
18,95980020140005881190,Banco de Crédito Social Cooperativo,rs:95980020140005881190.CON,CON,2026-03-31,30190657477.0
19,5493007SJLLCTM6J6M37,"Unicaja Banco, S.A.",rs:5493007SJLLCTM6J6M37.CON,CON,2026-03-31,30097390082.0
20,529900JZTYE3W7WQH904,HASPA Finanzholding,rs:529900JZTYE3W7WQH904.CON,CON,2026-03-31,29971856760.0
21,9KOGW2C2FCIOJQ7FF485,"Česká spořitelna, a.s.",rs:9KOGW2C2FCIOJQ7FF485.CON,CON,2025-12-31,28130725899.55916
22,549300TJREQ7GHIXWR36,Swedbank Hypotek AB,rs:549300TJREQ7GHIXWR36.IND,IND,2026-03-31,26470958400.0
23,J48C8PCSJVUBR8KCW529,BANCA POPOLARE DI SONDRIO SOCIETA' PER AZIONI,rs:J48C8PCSJVUBR8KCW529.CON,CON,2025-09-30,24332992114.0
24,549300V1VN70Q7PQ7234,CRÉDIT AGRICOLE AUTO BANK S.P.A.,rs:549300V1VN70Q7PQ7234.CON,CON,2025-12-31,23980553298.0
25,815600AD83B2B6317788,CREDITO EMILIANO HOLDING SOCIETA' PER AZIONI,rs:815600AD83B2B6317788.CON,CON,2026-03-31,23192588795.0
26,Q5BP2UEQ48R75BOTCB92,"Československá obchodní banka, a.s.",rs:Q5BP2UEQ48R75BOTCB92.CON,CON,2025-06-30,21639203358.50925
27,3DM5DPGI3W6OU6GJ4N92,BANCO BPI S.A.,rs:3DM5DPGI3W6OU6GJ4N92.CON,CON,2025-12-31,20594299636.566303
28,5967007LIEEXZX659K67,DNB BOLIGKREDITT AS,rs:5967007LIEEXZX659K67.IND,IND,2026-03-31,20393668498.73067
29,5493001BABFV7P27OW30,"Nova Ljubljanska Banka d.d., Ljubljana",rs:5493001BABFV7P27OW30.CON,CON,2026-03-31,20163888000.0
30,549300RG3H390KEL8896,Banca Transilvania,rs:549300RG3H390KEL8896.CON,CON,2025-12-31,19431893129.05371
31,549300OLBL49CW8CT155,"Ibercaja Banco, S.A.",rs:549300OLBL49CW8CT155.CON,CON,2026-03-31,19220983000.0
32,549300Q3OIWRHQUQM052,SpareBank 1 Sør-Norge,rs:549300Q3OIWRHQUQM052.CON,CON,2025-12-31,19191082662.5874
33,213800M7T3CYVZ3ZRT12,Sparebanken Norge,rs:213800M7T3CYVZ3ZRT12.CON,CON,2026-03-31,19124142307.065193
34,724500A1FNICHSDF2I11,ASN Bank N.V.,rs:724500A1FNICHSDF2I11.CON,CON,2025-12-31,18258565112.0
35,DZZ47B9A52ZJ6LT6VV95,Deutsche Pfandbriefbank AG,rs:DZZ47B9A52ZJ6LT6VV95.CON,CON,2026-03-31,17997000000.0
36,9845006C7B5CC707X660,Swedbank Baltics AS,rs:9845006C7B5CC707X660.CON,CON,2025-06-30,17996692000.0
37,7LVZJ6XRIE7VNZ4UBX81,BANCA MEDIOLANUM S.P.A.,rs:7LVZJ6XRIE7VNZ4UBX81.CON,CON,2025-12-31,16681605098.0
38,AT0000000000043000VB,VOLKSBANK WIEN AG VB,rs:AT0000000000043000VB.CON,CON,2025-12-31,16191680000.0
39,391200EEGLNXBBCVKC73,Erwerbsgesellschaft der S-Finanzgruppe mbH & Co. KG,rs:391200EEGLNXBBCVKC73.CON,CON,2025-12-31,15508102262.51
40,6TJCK1B7E7UTXP528Y04,Citigroup Global Markets Europe AG,rs:6TJCK1B7E7UTXP528Y04.IND,IND,2025-12-31,14848243517.0955
41,3H0Q3U74FVFED2SHZT16,MBH bankcsoport,rs:3H0Q3U74FVFED2SHZT16.CON,CON,2026-03-31,14777621471.5064
42,259400QHDOZWMJ103294,ALIOR BANK S.A.,rs:259400QHDOZWMJ103294.CON,CON,2025-12-31,14130023130.0
43,XTC5E2QFTEF0435JWL77,Nederlandse Financierings-Maatschappij voor Ontwikkelingslanden N.V.,rs:XTC5E2QFTEF0435JWL77.CON,CON,2025-12-31,14034324445.52
44,529900DEAYRUPP22B339,Mercedes-Benz Bank AG,rs:529900DEAYRUPP22B339.CON,CON,2025-12-31,13172000000.0
45,TUKDD90GPC79G1KOE162,Hamburg Commercial Bank AG,rs:TUKDD90GPC79G1KOE162.CON,CON,2025-12-31,13054215444.93
46,549300C6TUMDXNOVXS82,Länsförsäkringar Bank AB - gruppen,rs:549300C6TUMDXNOVXS82.CON,CON,2026-03-31,13013114013.82776
47,5299008I0TO44SUINZ71,Oldenburgische Landesbank Aktiengesellschaft,rs:5299008I0TO44SUINZ71.IND,IND,2025-12-31,12870000000.0
48,254900RNFMDM0P11YR84,Atlantic Lux HoldCo S.à r.l.,rs:254900RNFMDM0P11YR84.CON,CON,2025-09-30,12833792486.59
49,529900V3O1M5IHMOSF46,State Street Europe Holdings Germany S.a.r.l. & Co. KG,rs:529900V3O1M5IHMOSF46.CON,CON,2025-06-30,12754828698.09
50,549300DYPOFMXOR7XM56,Crelan,rs:549300DYPOFMXOR7XM56.CON,CON,2025-12-31,12156315342.3447
51,549300DVPJYGNF2P7B03,Steiermärkische Bank und Sparkassen Aktiengesellschaft,rs:549300DVPJYGNF2P7B03.CON,CON,2025-12-31,12095231486.55
52,549300ZHFZ4CSK7VS460,Privredna Banka Zagreb d.d.,rs:549300ZHFZ4CSK7VS460.CON,CON,2025-12-31,12041794115.2
53,9CZ7TVMR36CYD5TZBS50,Banque Internationale à Luxembourg,rs:9CZ7TVMR36CYD5TZBS50.CON,CON,2026-03-31,11695376623.09
54,5493009ML6YX83YHC820,Argenta Bank- en Verzekeringsgroep NV,rs:5493009ML6YX83YHC820.CON,CON,2026-03-31,11121396978.8924
55,635400L14KNHZXPUZM19,Bank of Cyprus Holdings Public Limited Company,rs:635400L14KNHZXPUZM19.CON,CON,2026-03-31,10563647403.0
56,5493008QOCP58OLEN998,Investeringsmaatschappij Argenta - Société d'investissements Argenta - Investierungsgesellschaft Arg,rs:5493008QOCP58OLEN998.CON,CON,2025-09-30,10385176140.0381
57,529900GGYMNGRQTDOO93,BNG Bank N.V.,rs:529900GGYMNGRQTDOO93.CON,CON,2025-12-31,10324084076.37
58,815600F24AE25C9D1B94,MAURIZIO SELLA - SOCIETA' IN ACCOMANDITA PER AZIONI,rs:815600F24AE25C9D1B94.CON,CON,2025-12-31,10112185226.0
59,635400DTNHVYGZODKQ93,Permanent TSB Group Holdings Plc,rs:635400DTNHVYGZODKQ93.CON,CON,2026-03-31,10056839312.5
60,5299003ATVTQVPTW4735,BTV Vier Länder Bank AG,rs:5299003ATVTQVPTW4735.CON,CON,2025-06-30,10049905530.58305
61,549300UARE5MHTBUPJ19,Promontoria 19 Coöperatie U.A.,rs:549300UARE5MHTBUPJ19.CON,CON,2025-12-31,9983705657.92
62,31570014BNQ1Q99CNQ35,PPF Financial Holdings AS,rs:31570014BNQ1Q99CNQ35.CON,CON,2025-12-31,9767346023.740927
63,21380057HUGFEAF25W84,NOBA Group,rs:21380057HUGFEAF25W84.CON,CON,2025-12-31,9632510836.587534
64,315700E9POA724IWFP59,J&amp;T FINANCE GROUP SE,rs:315700E9POA724IWFP59.CON,CON,2026-03-31,9595265175.55597
65,549300VRM6G42M8OWN49,Sparebank 1 Østlandet,rs:549300VRM6G42M8OWN49.CON,CON,2025-06-30,9511431427.51453
66,CXUHEGU3MADZ2CEV7C11,Eurobank Limited,rs:CXUHEGU3MADZ2CEV7C11.CON,CON,2025-12-31,8616771126.9
67,2138004FIUXU3B2MR537,"Caixa Económica Montepio Geral, Caixa Económica Bancária, S.A.",rs:2138004FIUXU3B2MR537.CON,CON,2026-03-31,8590754083.510406
68,549300O3HXYXXUHR0897,Klarna - Grupp,rs:549300O3HXYXXUHR0897.CON,CON,2025-12-31,8562166425.325411
69,KFUXYFTU2LHQFQZDQG45,Kereskedelmi és Hitelbank csoport,rs:KFUXYFTU2LHQFQZDQG45.CON,CON,2025-12-31,8331820583.099
70,529900L89TGSPV9OU151,Porsche Bank Aktiengesellschaft,rs:529900L89TGSPV9OU151.CON,CON,2025-12-31,8132888352.5
71,549300A2F46GR0UOM390,Erste&Steiermärkische Bank d.d.,rs:549300A2F46GR0UOM390.CON,CON,2025-12-31,8067578529.89
72,XLEZHWWOI4HFQDGL4793,BANK HANDLOWY W WARSZAWIE SA,rs:XLEZHWWOI4HFQDGL4793.CON,CON,2026-03-31,8021350540.1065
73,213800RZWHE5EUX9R444,Luminor Holding AS,rs:213800RZWHE5EUX9R444.CON,CON,2025-12-31,7899514109.64487
74,724500JIWG886A9RRT57,RBS Holdings N.V.,rs:724500JIWG886A9RRT57.CON,CON,2025-12-31,7897854103.86611
75,22210058UCKT3BJTCN24,OTP Luxembourg S.à r.l.,rs:22210058UCKT3BJTCN24.CON,CON,2025-12-31,7880667000.0
76,959800LQ598A5RQASA61,"Banca March, S.A.",rs:959800LQ598A5RQASA61.CON,CON,2025-12-31,7572525858.07
77,529900S1KHKOEQL5CK20,Wüstenrot Bausparkasse Aktiengesellschaft,rs:529900S1KHKOEQL5CK20.IND,IND,2025-12-31,7571866501.84
78,549300PZMFIQR79Q0T97,Íslandsbanki hf.,rs:549300PZMFIQR79Q0T97.CON,CON,2026-03-31,7304067600.0
79,529900BHRYZ464GFD289,GRENKE AG,rs:529900BHRYZ464GFD289.CON,CON,2025-12-31,7182742350.27
80,213800HDJ876ACJXXD05,AIKGROUP (CY) LIMITED,rs:213800HDJ876ACJXXD05.CON,CON,2025-09-30,7147631124.89822
81,549300L1IEXJYJ2NUV45,Sparekassen Danmark,rs:549300L1IEXJYJ2NUV45.IND,IND,2025-12-31,7092659521.758513
82,724500973ODKK3IFQ447,Adyen N.V.,rs:724500973ODKK3IFQ447.CON,CON,2025-12-31,7032215319.54
83,529900LKIMB57HKF3545,Bank of China (Europe) S.A,rs:529900LKIMB57HKF3545.CON,CON,2025-12-31,6988455159.05
84,SX0CI4F7GVW5530ZMN03,Wells Fargo Bank International Unlimited Company,rs:SX0CI4F7GVW5530ZMN03.IND,IND,2025-12-31,6840264486.56
85,I6USJ58BDV2BO5KP3C31,"MONETA Money Bank, a.s.",rs:I6USJ58BDV2BO5KP3C31.CON,CON,2025-12-31,6799675012.7317915
86,B64D6Y3LBJS4ANNPCU93,NIBC Bank N.V.,rs:B64D6Y3LBJS4ANNPCU93.CON,CON,2025-12-31,6783360962.06
87,549300IRGNL8Q3O8Y413,Eurobank Bulgaria,rs:549300IRGNL8Q3O8Y413.IND,IND,2025-12-31,6783331201.599999
88,8156003A4FB445454553,CASSA DI RISPARMIO DI BOLZANO S.P.A. - SUDTIROLER SPARKASSE AG,rs:8156003A4FB445454553.CON,CON,2025-12-31,6741162974.0
89,G8ZTNESVNKW4NN761W05,ABN AMRO Clearing Bank N.V.,rs:G8ZTNESVNKW4NN761W05.CON,CON,2025-12-31,6694127208.0
90,724500PMK2A2M1SQQ228,Triodos Bank N.V.,rs:724500PMK2A2M1SQQ228.CON,CON,2025-12-31,6600423668.64
91,549300XWJHRKLHU2PS28,ERSTE csoport,rs:549300XWJHRKLHU2PS28.CON,CON,2025-12-31,6356443600.0
92,549300L7YCATGO57ZE10,FINECOBANK BANCA FINECO S.P.A. (IN BREVE FINECOBANK S.P.A. OVVERO BANCA FINECO S.P.A. OVVERO FINECO BANCA S.P.A.),rs:549300L7YCATGO57ZE10.CON,CON,2026-03-31,6299478641.0
93,549300TDPXT0OW2AY198,FinAx,rs:549300TDPXT0OW2AY198.CON,CON,2025-12-31,6231075771.66531
94,549300WDT1HWUMTUW770,Standard Chartered Bank AG,rs:549300WDT1HWUMTUW770.IND,IND,2025-12-31,6213381032.45
95,MMYX0N4ZEZ13Z4XCG897,THE BANK OF NEW YORK MELLON,rs:MMYX0N4ZEZ13Z4XCG897.IND,IND,2025-12-31,6091849319.005838
96,485100FX5Y9YLAQLNP12,Revolut Holdings Europe UAB,rs:485100FX5Y9YLAQLNP12.CON,CON,2025-12-31,6069509814.0
97,PWEFG14QWWESISQ84C69,IKB Deutsche Industriebank Aktiengesellschaft,rs:PWEFG14QWWESISQ84C69.CON,CON,2025-12-31,5614000000.0
98,52990033C5FUEN4LMC06,BANCA POPOLARE DELL'ALTO ADIGE SOCIETA' PER AZIONI (IN TEDESCO SUDTIROLER VOLKSBANK A.G.),rs:52990033C5FUEN4LMC06.IND,IND,2025-12-31,5551076095.0
99,815600903231FA2E7698,BANCA GENERALI - SOCIETA' PER AZIONI (IN FORMA ABBREVIATA GENERBANCA),rs:815600903231FA2E7698.CON,CON,2025-12-31,5464859043.0
100,747DLM6L5TO7LXZY5T60,Scotiabank (Ireland) Designated Activity Company,rs:747DLM6L5TO7LXZY5T60.IND,IND,2025-10-31,5324357289.192755
101,5299000R7WZOVIFHLN21,BFS SozialFinanz AG,rs:5299000R7WZOVIFHLN21.CON,CON,2025-12-31,5267617158.01
102,724500BICUQ0LF1AH770,Nationale-Nederlanden Bank N.V.,rs:724500BICUQ0LF1AH770.CON,CON,2025-12-31,5263541156.0
103,81560027D07F9BDB8436,CASSA DI RISPARMIO DI ASTI S.P.A. (IN FORMA ABBREVIATA BANCA C.R. ASTI S.P.A.),rs:81560027D07F9BDB8436.CON,CON,2025-12-31,5213053604.0
104,549300BZZFFS0SOWR325,Ford Bank GmbH,rs:549300BZZFFS0SOWR325.IND,IND,2025-12-31,5181057649.23
105,549300SBPFE9JX7N8J82,AB SEB bankas,rs:549300SBPFE9JX7N8J82.IND,IND,2025-12-31,5070736504.95
106,549300UY81ESCZJ0GR95,First Investment Bank,rs:549300UY81ESCZJ0GR95.CON,CON,2026-03-31,5046160867.0
107,529900NNQW9IAE32GQ07,GRAWE-Vermögensverwaltung,rs:529900NNQW9IAE32GQ07.CON,CON,2025-12-31,4875126336.03
108,5493007BWYDPQZLZ0Y27,HYPO NOE Landesbank für Niederösterreich und Wien AG,rs:5493007BWYDPQZLZ0Y27.CON,CON,2025-12-31,4734931000.0
109,815600A029117B20DD63,ILLIMITY BANK S.P.A.,rs:815600A029117B20DD63.CON,CON,2025-06-30,4546529000.0
110,529900J35NSHS856UA68,Sparekassen Kronjylland,rs:529900J35NSHS856UA68.CON,CON,2025-12-31,4216972097.648924
111,743700FTBNXAUN57RH30,S-Pankki Oyj,rs:743700FTBNXAUN57RH30.CON,CON,2025-12-31,4129000000.0
112,2594000ZNGGQZXZKXH36,VELOBANK SA,rs:2594000ZNGGQZXZKXH36.CON,CON,2025-12-31,3584045786.83017
113,815600DDCE9083CAC598,MEDIOBANCA PREMIER S.P.A.,rs:815600DDCE9083CAC598.IND,IND,2025-12-31,3542523372.0
114,5967007LIEEXZX5PU005,Sparebanken Møre SPA,rs:5967007LIEEXZX5PU005.CON,CON,2025-12-31,3508988640.0
115,5299005OACOC1C1OFJ11,Raiffeisen-Landesbank Tirol AG,rs:5299005OACOC1C1OFJ11.IND,IND,2025-12-31,3492084703.9900002
116,MKP1B7E76TN04CD85Z79,BANK OCHRONY ŚRODOWISKA SA,rs:MKP1B7E76TN04CD85Z79.CON,CON,2025-12-31,3381061426.05084
117,743700GC62JLHFBUND16,Aktia Bank Abp,rs:743700GC62JLHFBUND16.CON,CON,2025-12-31,3378855772.0
118,549300ND1MQ8SNNYMJ22,AS SEB Pank,rs:549300ND1MQ8SNNYMJ22.CON,CON,2025-12-31,3330476309.5
119,529900ZVK4VTIS0TOT43,DenizBank AG,rs:529900ZVK4VTIS0TOT43.IND,IND,2025-12-31,3254643188.24
120,5493007QRSX9DS2CM858,China Construction Bank (Europe) S.A.,rs:5493007QRSX9DS2CM858.IND,IND,2025-12-31,3175819122.47
121,815600848DEFE160E913,IBL ISTITUTO BANCARIO DEL LAVORO S.P.A. (IN FORMA ABBREVIATA IBL BANCA),rs:815600848DEFE160E913.CON,CON,2025-12-31,3167176127.0
122,549300OL514RA0SXJJ44,Clearstream Banking S.A.,rs:549300OL514RA0SXJJ44.IND,IND,2025-12-31,3134286406.08
123,5493004D82XDFVPWQJ91,Ikano Bank AB (publ),rs:5493004D82XDFVPWQJ91.IND,IND,2025-12-31,3078571598.9661818
124,529900C3SHT3Q94H3W82,Bank11 Holding GmbH,rs:529900C3SHT3Q94H3W82.CON,CON,2025-12-31,3028832863.24
125,529900OKPZTTS50FXP26,Advanzia Bank S.A.,rs:529900OKPZTTS50FXP26.IND,IND,2025-12-31,2960946485.5386596
126,52990045V2BWJN669Q34,Wüstenrot Wohnungswirtschaft registrierte Genossenschaft mit beschränkter Haftung,rs:52990045V2BWJN669Q34.CON,CON,2025-12-31,2958293686.31
127,549300TK038P6EV4YU51,AB Artea bankas,rs:549300TK038P6EV4YU51.CON,CON,2026-03-31,2855601000.0
128,529900D5G4V6THXC5P79,Hrvatska poštanska banka d.d.,rs:529900D5G4V6THXC5P79.IND,IND,2025-12-31,2813546304.61
129,549300LYFYVPUCG6SY25,"Banco Cooperativo Español, S.A.",rs:549300LYFYVPUCG6SY25.CON,CON,2025-12-31,2791109477.0
130,815600A32DA05F693F24,LA CASSA DI RAVENNA S.P.A.,rs:815600A32DA05F693F24.CON,CON,2025-12-31,2761011309.0
131,2138009Y59EAR7H1UO97,"Akciju sabiedrība ""Citadele banka""",rs:2138009Y59EAR7H1UO97.CON,CON,2026-03-31,2743289145.96
132,549300ZEF3QWM810M319,Ziklo Bank AB,rs:549300ZEF3QWM810M319.IND,IND,2025-12-31,2654339722.7787266
133,5493002DPKDEC2JN1Y86,Sparekassen Sjælland-Fyn A/S,rs:5493002DPKDEC2JN1Y86.CON,CON,2025-12-31,2628084043.1869087
134,549300YW95G1VBBGGV07,"AS ""SEB banka""",rs:549300YW95G1VBBGGV07.CON,CON,2025-12-31,2611820516.9574
135,9598002AYDQER7DXLR16,GRUCAJRURAL INVERSIONES SL,rs:9598002AYDQER7DXLR16.CON,CON,2025-06-30,2590690874.0
136,549300CQ9NLEHMRCU505,"Cecabank, S.A.",rs:549300CQ9NLEHMRCU505.IND,IND,2025-12-31,2431932004.0
137,549300X34UUBDEUL1Z91,HSBC Bank Malta p.l.c.,rs:549300X34UUBDEUL1Z91.CON,CON,2025-12-31,2173519754.79
138,GDI8P8WHFH4PS5YTU851,"HAITONG BANK, S.A.",rs:GDI8P8WHFH4PS5YTU851.CON,CON,2025-12-31,2111653138.3797245
139,815600722FAEE18D6013,BANCA DEL FUCINO S.P.A.,rs:815600722FAEE18D6013.CON,CON,2025-12-31,2059667583.1
140,213800UYAHIRLZ4NSN67,Lån & Spar Bank A/S,rs:213800UYAHIRLZ4NSN67.IND,IND,2025-12-31,2038235760.6227705
141,5493007SWCCN9S3J2748,Bigbank AS,rs:5493007SWCCN9S3J2748.CON,CON,2025-12-31,2017858077.22
142,635400F6HLXKXNJJX605,EXIM BANCA ROMANEASCA S.A.,rs:635400F6HLXKXNJJX605.IND,IND,2025-06-30,1951609091.97044
143,213800A1O379I6DMCU10,APS BANK P.L.C.,rs:213800A1O379I6DMCU10.IND,IND,2026-03-31,1921119393.99
144,549300JSC82O1L4XV837,Nordnet - Grupp,rs:549300JSC82O1L4XV837.CON,CON,2025-12-31,1892697479.25458
145,7437006WYM821IJ3MN73,Ålandsbanken Abp,rs:7437006WYM821IJ3MN73.CON,CON,2025-12-31,1887785853.91
146,5493002K643MZPQEK497,Banco Bradesco Europa S.A.,rs:5493002K643MZPQEK497.IND,IND,2025-12-31,1853544772.2792652
147,9695002JOWSRCLLLNY11,Edmond de Rothschild (France),rs:9695002JOWSRCLLLNY11.CON,CON,2025-12-31,1831316040.626
148,5493009VJC01E4H6HH77,Avanza - Grupp,rs:5493009VJC01E4H6HH77.CON,CON,2025-12-31,1755290036.9493
149,959800R86KE31EAVRC30,LIBERTY PARTNERS S.L.U.,rs:959800R86KE31EAVRC30.CON,CON,2025-12-31,1720864000.0
150,BB3BGO3LCED63R8R9R41,BANK POLSKIEJ SPOLDZIELCZOSCI S.A.,rs:BB3BGO3LCED63R8R9R41.CON,CON,2025-12-31,1685850721.10169
151,815600B5C61A10BBB451,BANCA SISTEMA S.P.A.,rs:815600B5C61A10BBB451.CON,CON,2025-12-31,1681277239.31
152,969500GVS02SJYG9S632,Carrefour banque,rs:969500GVS02SJYG9S632.CON,CON,2025-12-31,1654455174.41
153,724500M4G9AVEMHMV291,bunq Holding B.V.,rs:724500M4G9AVEMHMV291.CON,CON,2025-12-31,1648837829.5974877
154,54930060Q00W1SRIUI57,vdk bank,rs:54930060Q00W1SRIUI57.IND,IND,2025-12-31,1621452423.172
155,222100PG81CES7H3HZ28,Aneto S.à r.l.,rs:222100PG81CES7H3HZ28.CON,CON,2025-12-31,1616964000.0
156,213800GO21RWIB6O9Q29,Middelfart Sparekasse,rs:213800GO21RWIB6O9Q29.CON,CON,2025-12-31,1602035125.1384563
157,635400LCCIYHUL6ELA34,USB European (Holdings) Limited,rs:635400LCCIYHUL6ELA34.CON,CON,2025-12-31,1564219756.64
158,5967007LIEEXZX76AW36,OBOS-BANKEN AS,rs:5967007LIEEXZX76AW36.CON,CON,2025-12-31,1544427136.9265401
159,529900DSIVJWCUQUMP41,AKA Ausfuhrkredit-Gesellschaft mit beschränkter Haftung,rs:529900DSIVJWCUQUMP41.IND,IND,2025-12-31,1511791361.73
160,529900IRBZTADXJB6757,flatexDEGIRO AG,rs:529900IRBZTADXJB6757.CON,CON,2025-12-31,1480008114.81
161,549300EHNXQVOI120S55,Coop Pank AS,rs:549300EHNXQVOI120S55.CON,CON,2026-03-31,1477830900.0178
162,HWIPDOTRM1EKRPKYKH81,Northern Trust Global Services SE,rs:HWIPDOTRM1EKRPKYKH81.IND,IND,2025-12-31,1418878060.727343
163,5967007LIEEXZX51WW28,SPAREBANKEN ØST,rs:5967007LIEEXZX51WW28.CON,CON,2025-12-31,1414740109.582945
164,2138002PVBMEHILJ1340,Mitsubishi UFJ Investor Services and Banking (Luxembourg) S.A.,rs:2138002PVBMEHILJ1340.IND,IND,2025-12-31,1413538489.0992386
165,724500SF1CI8OD5AHI07,HCBG Holding B.V.,rs:724500SF1CI8OD5AHI07.CON,CON,2025-12-31,1397966394.2984216
166,549300SGF4BS54YG8M65,Citco Bank Nederland N.V.,rs:549300SGF4BS54YG8M65.CON,CON,2025-12-31,1388794700.0
167,549300JECLPX13NZLU57,Danske Andelskassers Bank A/S,rs:549300JECLPX13NZLU57.CON,CON,2025-12-31,1299173721.9105241
168,254900WR3I1Z9NPC7D84,Kvika banki hf.,rs:254900WR3I1Z9NPC7D84.CON,CON,2025-12-31,1268144806.6
169,39120001JPAYYPDRNN92,Deutsche Bausparkasse Badenia Aktiengesellschaft,rs:39120001JPAYYPDRNN92.IND,IND,2025-12-31,1265173198.38
170,2138007F5HA5FFJROB80,"Akciju sabiedrība ""Rietumu Banka""",rs:2138007F5HA5FFJROB80.CON,CON,2025-12-31,1235059000.0
171,RG3IZJKPYQ4H6IQPIC08,Addiko Bank d.d.,rs:RG3IZJKPYQ4H6IQPIC08.IND,IND,2025-12-31,1155691796.77
172,529900TDG1TFZM39SF37,Baader Beteiligungs GmbH,rs:529900TDG1TFZM39SF37.CON,CON,2025-12-31,1154054798.32
173,529900FZWXWNKF3O8394,Sparekassen Thy,rs:529900FZWXWNKF3O8394.CON,CON,2025-12-31,1100532444.140127
174,529900Q2C3I7VCILLG45,FIMBank plc,rs:529900Q2C3I7VCILLG45.CON,CON,2025-12-31,1085936453.0
175,2138005M92IEIQVEL297,AS Inbank,rs:2138005M92IEIQVEL297.CON,CON,2025-12-31,1045267228.6076869
176,9695007EQZDL89LUW373,Banque Banorient France,rs:9695007EQZDL89LUW373.CON,CON,2025-12-31,1044113535.0
177,529900UIRB65OY6U4B21,Lombard Bank Malta plc,rs:529900UIRB65OY6U4B21.IND,IND,2025-12-31,1027828499.7727244
178,724500ZNT2I60RYZQI38,Anadolubank Nederland N.V.,rs:724500ZNT2I60RYZQI38.IND,IND,2025-12-31,1025473885.1095
179,R1IO4YJ0O79SMWVCHB58,Banque centrale de compensation,rs:R1IO4YJ0O79SMWVCHB58.IND,IND,2025-12-31,995639124.84
180,5493006Z4NTMNDDBGL49,ECCM Bank plc,rs:5493006Z4NTMNDDBGL49.IND,IND,2025-09-30,947763385.38
181,81560017C4A61A529235,CASSA DI RISPARMIO DI FERMO S.P.A. (IN FORMA ABBREVIATA CARIFERMO S.P.A.),rs:81560017C4A61A529235.IND,IND,2025-12-31,902083284.0
182,2138007JGI1M5YF7FJ53,Frøs Sparekasse,rs:2138007JGI1M5YF7FJ53.CON,CON,2025-12-31,827487505.0564877
183,529900RQOBT3ZJMDRK43,Bank Frick AG,rs:529900RQOBT3ZJMDRK43.CON,CON,2025-12-31,817519287.22461
184,815600B6B356EC776E54,CASSA DI RISPARMIO DI VOLTERRA S.P.A.,rs:815600B6B356EC776E54.IND,IND,2025-12-31,815411934.44
185,95980020140005658381,"Aresbank, S.A.",rs:95980020140005658381.IND,IND,2025-06-30,810861000.0
186,549300ZOE0EU2VKF6M35,Lombard Odier (Europe) S.A.,rs:549300ZOE0EU2VKF6M35.IND,IND,2025-12-31,801697101.0
187,529900UHDH7QLRMEJQ86,Sigma Bank AG,rs:529900UHDH7QLRMEJQ86.CON,CON,2025-12-31,790415131.6883701
188,259400DAAAR5M4A6SI23,Bank Pocztowy S.A.,rs:259400DAAAR5M4A6SI23.IND,IND,2025-12-31,789086408.46996
189,213800JF3JFF6MMR2P36,Fynske Bank A/S,rs:213800JF3JFF6MMR2P36.CON,CON,2025-12-31,732072131.0592
190,81560035485BD7DB3590,BANCO DI CREDITO P.AZZOAGLIO - S.P.A.,rs:81560035485BD7DB3590.IND,IND,2025-12-31,726948866.0
191,5299001PEMDU9N24CH60,DELAVSKA HRANILNICA d.d. LJUBLJANA,rs:5299001PEMDU9N24CH60.CON,CON,2025-12-31,725366000.0
192,529900SEFOTJH1MLGZ92,Lægernes Bank A/S,rs:529900SEFOTJH1MLGZ92.IND,IND,2025-12-31,712948852.6500001
193,529900U5XAEYOT68AC40,EFG Bank (Luxembourg) S.A.,rs:529900U5XAEYOT68AC40.IND,IND,2025-12-31,707704904.97
194,QS3ZEAHRBZY9228Z0111,Bank Julius Baer Europe S.A.,rs:QS3ZEAHRBZY9228Z0111.IND,IND,2025-12-31,673755353.69
195,549300TEJKOLFN65KR76,BNF Bank plc,rs:549300TEJKOLFN65KR76.IND,IND,2025-12-31,646645007.32
196,213800UIIZ6YSEQB5S26,Clearstream Fund Centre Holding S.A.,rs:213800UIIZ6YSEQB5S26.CON,CON,2025-12-31,605032324.25
197,549300FRBP5L0O1HY885,Sparbanken Syd,rs:549300FRBP5L0O1HY885.IND,IND,2025-12-31,592343547.8372985
198,529900OLW8QPFMTBDC23,Neue Bank AG,rs:529900OLW8QPFMTBDC23.IND,IND,2025-12-31,539260336.13823
199,529900VVDOKMRRAHZ894,Bank GPB International S.A.,rs:529900VVDOKMRRAHZ894.IND,IND,2025-12-31,526450699.201722
200,549300RMML7KXP6M1Y98,BANCO BAI EUROPA S.A.,rs:549300RMML7KXP6M1Y98.IND,IND,2025-12-31,523693400.88
201,9845009BE414FBF82130,FESTA HOLDING,rs:9845009BE414FBF82130.CON,CON,2025-12-31,522615194.7798
202,549300M2IHOB9P5WE714,Swissquote Bank Europe S.A,rs:549300M2IHOB9P5WE714.IND,IND,2025-12-31,494350585.92
203,969500F3KYDJBFS4XM73,Bank Audi France,rs:969500F3KYDJBFS4XM73.IND,IND,2025-12-31,491055472.67
204,81560062CEAE87A85C80,AREPO BP S.P.A.,rs:81560062CEAE87A85C80.CON,CON,2025-12-31,472335118.0
205,529900XB6RQ3XCELQO62,BENDURA BANK AG,rs:529900XB6RQ3XCELQO62.IND,IND,2025-12-31,464210066.1940201
206,213800ZOI1EW481WPV90,FCM Bank Ltd,rs:213800ZOI1EW481WPV90.IND,IND,2025-12-31,462944114.0
207,9695002K2HDLD20JU790,AGENCE FRANCE LOCALE - SOCIETE TERRITORIALE,rs:9695002K2HDLD20JU790.CON,CON,2025-12-31,455524556.52
208,213800TKOS7J5UA3ZI07,EUROPE ARAB BANK SA,rs:213800TKOS7J5UA3ZI07.IND,IND,2025-12-31,440917666.22
209,8156003D79D064FB5360,CASSA LOMBARDA - S.P.A.,rs:8156003D79D064FB5360.IND,IND,2025-12-31,438049293.0
210,529900BIK4WRWS06MR52,Varengold Bank AG,rs:529900BIK4WRWS06MR52.IND,IND,2025-12-31,402271102.51
211,2534005A84927EKSR789,Signet Bank AS,rs:2534005A84927EKSR789.CON,CON,2025-12-31,378333168.92
212,213800RENLNKMWZV8767,Lollands Bank A/S,rs:213800RENLNKMWZV8767.CON,CON,2025-12-31,363219901.72914004
213,549300YV6LXRPJO3U576,Merkur Andelskasse,rs:549300YV6LXRPJO3U576.IND,IND,2025-12-31,338502788.75995106
214,959800VHSP2QBPNRF210,"Bank of Africa Europe, S.A.",rs:959800VHSP2QBPNRF210.IND,IND,2025-12-31,326990845.0
215,724500AG21Z9GIJE4735,WP XII Financial Holdings Coöperatief U.A.,rs:724500AG21Z9GIJE4735.CON,CON,2025-12-31,323246476.19
216,529900DPOQPLDSF3R482,Kaiser Partner Privatbank AG,rs:529900DPOQPLDSF3R482.CON,CON,2025-12-31,298562384.77137005
217,EV2XZWMLLXF2QRX0CD47,Kommuninvest - Grupp,rs:EV2XZWMLLXF2QRX0CD47.CON,CON,2026-03-31,288943560.0
218,213800CQ92347ZCS9V73,"ATLÂNTICO EUROPA, SGPS, SA",rs:213800CQ92347ZCS9V73.CON,CON,2025-12-31,273193711.328287
219,9845006BAF66DZ35C849,Lunar Group A/S,rs:9845006BAF66DZ35C849.CON,CON,2025-12-31,260514781.41921332
220,529900EKPN8EYA3AX590,Texim Bank AD,rs:529900EKPN8EYA3AX590.IND,IND,2025-12-31,249733236.39999998
221,RY3KI4Q2655O2GIL8D68,BANCA INVESTIS S.P.A.,rs:RY3KI4Q2655O2GIL8D68.CON,CON,2025-12-31,245128279.0
222,549300OMTXWX1144LP69,"Akciju sabiedrība ""Reģionālā investīciju banka""",rs:549300OMTXWX1144LP69.IND,IND,2025-12-31,229480397.0
223,213800CBW4NPFP73ZK64,ANCORIA INVESTMENTS PLC,rs:213800CBW4NPFP73ZK64.CON,CON,2025-12-31,199412464.55
224,21380033CFFM2V1ZCK65,SPARKASSE (HOLDINGS) MALTA LIMITED,rs:21380033CFFM2V1ZCK65.CON,CON,2025-12-31,185105768.9
225,213800C78WI8VFJCYR09,Sparekassen Bredebro,rs:213800C78WI8VFJCYR09.IND,IND,2025-12-31,166879379.79782715
226,213800984CWACNBY8F31,Sparekassen for Nr. Nebel og Omegn,rs:213800984CWACNBY8F31.IND,IND,2025-12-31,160309549.35904104
227,8156007C053DC07AC307,CREDITO LOMBARDO VENETO S.P.A.,rs:8156007C053DC07AC307.IND,IND,2025-12-31,126516417.0
228,5299005743YY767PR386,Dragsholm Sparekasse,rs:5299005743YY767PR386.IND,IND,2025-12-31,125159940.8664036
229,984500ADEE3DE4F14F51,Kompasbank A/S,rs:984500ADEE3DE4F14F51.IND,IND,2025-12-31,108991854.16032001
230,213800MLL4APN9UP1J53,Rise Sparekasse,rs:213800MLL4APN9UP1J53.IND,IND,2025-12-31,99176924.30206601
231,213800KOJ5JSZ6ID2R91,Sparekassen Balling,rs:213800KOJ5JSZ6ID2R91.IND,IND,2025-12-31,97963800.1567854
232,549300KOORG6SN9LMO68,IIG Bank (Malta) Ltd,rs:549300KOORG6SN9LMO68.IND,IND,2025-12-31,77711969.94
233,213800UK7516IBWZO445,Borbjerg Sparekasse,rs:213800UK7516IBWZO445.IND,IND,2025-12-31,66036351.21246762
234,2138005MGIT3X9ZTMP37,Rønde Sparekasse,rs:2138005MGIT3X9ZTMP37.IND,IND,2025-12-31,53335645.54147042
